step,ai_reward,normal_reward,ai_action,normal_action,timestamp
0,-0.44057226,-1.2648883,3,0,2025-11-07 08:39:28.956943
1,0.6916976,0.76846695,1,1,2025-11-07 08:39:28.956943
2,-1.331939,-0.867532,3,2,2025-11-07 08:39:28.956943
3,0.7513621,0.36408925,0,3,2025-11-07 08:39:28.957944
4,1.7066952,1.5132117,1,0,2025-11-07 08:39:28.957944
5,3.365088,-0.29751325,2,1,2025-11-07 08:39:28.957944
6,3.505342,1.712991,3,2,2025-11-07 08:39:28.957944
7,2.4948823,3.118331,0,3,2025-11-07 08:39:28.957944
8,3.4667091,3.2135868,1,0,2025-11-07 08:39:28.958942
9,1.4932125,0.028558731,2,1,2025-11-07 08:39:28.958942
10,1.6386844,2.9354851,3,2,2025-11-07 08:39:28.958942
11,4.615536,2.6957986,0,3,2025-11-07 08:39:28.958942
12,2.577024,0.8656783,1,0,2025-11-07 08:39:28.959945
13,3.565197,3.8521013,3,1,2025-11-07 08:39:28.959945
14,4.480997,1.7892481,2,2,2025-11-07 08:39:28.960455
15,3.4986348,2.3840842,0,3,2025-11-07 08:39:28.960455
16,3.5978985,3.6146498,1,0,2025-11-07 08:39:28.960455
17,4.5242214,3.5657077,3,1,2025-11-07 08:39:28.960455
18,2.4860263,4.614264,0,2,2025-11-07 08:39:28.961469
19,1.4965956,3.520209,2,3,2025-11-07 08:39:28.961469
20,4.528916,4.3442097,1,0,2025-11-07 08:39:28.961469
21,1.4362279,1.4020784,3,1,2025-11-07 08:39:28.961469
22,1.5688922,3.3167102,0,2,2025-11-07 08:39:28.961469
23,1.5592955,1.4893084,2,3,2025-11-07 08:39:28.962480
24,2.5296223,2.3940413,1,0,2025-11-07 08:39:28.962480
25,1.5364264,3.511459,0,1,2025-11-07 08:39:28.962480
26,2.4850802,4.6104603,3,2,2025-11-07 08:39:28.962480
27,3.5276296,1.5432893,2,3,2025-11-07 08:39:28.962480
28,3.447143,1.447473,0,0,2025-11-07 08:39:28.963489
29,3.4149327,2.470169,3,1,2025-11-07 08:39:28.963489
30,3.492014,1.5169598,1,2,2025-11-07 08:39:28.963489
31,4.5620103,3.608904,2,3,2025-11-07 08:39:28.963489
32,1.6421533,2.5880494,0,0,2025-11-07 08:39:28.964530
33,2.5843744,2.4400826,3,1,2025-11-07 08:39:28.964530
34,1.528544,2.4305887,1,2,2025-11-07 08:39:28.964530
35,4.4769683,1.5925341,0,3,2025-11-07 08:39:28.965507
36,2.5739303,1.4036479,2,0,2025-11-07 08:39:28.965507
37,2.4311874,4.3907313,1,1,2025-11-07 08:39:28.965507
38,1.5639306,2.533211,3,2,2025-11-07 08:39:28.966506
39,2.5303278,1.4189525,0,3,2025-11-07 08:39:28.966506
40,3.4852843,4.496423,2,0,2025-11-07 08:39:28.966506
41,1.5714836,2.361689,1,1,2025-11-07 08:39:28.966506
42,1.5543054,1.3051727,3,2,2025-11-07 08:39:28.967488
43,4.591613,1.4123821,0,3,2025-11-07 08:39:28.967488
44,4.6796885,2.4618154,2,0,2025-11-07 08:39:28.967488
45,2.4780617,3.5640354,1,1,2025-11-07 08:39:28.967488
46,2.4235837,1.5584881,3,2,2025-11-07 08:39:28.967488
47,4.380385,1.5145712,0,3,2025-11-07 08:39:28.968488
48,2.547312,2.3901594,2,0,2025-11-07 08:39:28.968488
49,2.6440904,1.4624665,1,1,2025-11-07 08:39:28.968488
50,4.5485806,1.5036427,3,2,2025-11-07 08:39:28.968488
51,1.4330229,1.4975945,0,3,2025-11-07 08:39:28.968488
52,2.5118546,4.7058997,2,0,2025-11-07 08:39:28.968488
53,2.5149117,4.691864,3,1,2025-11-07 08:39:28.968488
54,1.4953692,2.586943,1,2,2025-11-07 08:39:28.968488
55,2.4848201,3.5861058,0,3,2025-11-07 08:39:28.968488
56,3.486133,3.383393,2,0,2025-11-07 08:39:28.970006
57,2.6241102,4.4309597,3,1,2025-11-07 08:39:28.970006
58,3.6789522,3.4892607,0,2,2025-11-07 08:39:28.970006
59,1.7597307,3.4284198,1,3,2025-11-07 08:39:28.970006
60,4.6461368,2.4442222,2,0,2025-11-07 08:39:28.971029
61,3.5581484,3.5481324,3,1,2025-11-07 08:39:28.971029
62,1.575364,3.729932,0,2,2025-11-07 08:39:28.972050
63,4.6445985,1.6016002,1,3,2025-11-07 08:39:28.973045
64,4.585894,3.4423268,2,0,2025-11-07 08:39:28.973045
65,4.5184913,1.4975162,3,1,2025-11-07 08:39:28.973045
66,2.4747038,1.4859586,0,2,2025-11-07 08:39:28.973045
67,3.3688889,4.4834685,1,3,2025-11-07 08:39:28.974052
68,3.3412652,3.4620998,3,0,2025-11-07 08:39:28.974052
69,1.5420575,1.6012028,2,1,2025-11-07 08:39:28.974052
70,2.4994807,4.539515,0,2,2025-11-07 08:39:28.974052
71,4.4535155,1.4930495,1,3,2025-11-07 08:39:28.975067
72,2.5060418,2.6613467,3,0,2025-11-07 08:39:28.975067
73,1.6630008,1.5499729,2,1,2025-11-07 08:39:28.975067
74,2.5773165,1.5235256,0,2,2025-11-07 08:39:28.975067
75,3.5301137,1.6605363,3,3,2025-11-07 08:39:28.976050
76,3.7664611,1.5844903,1,0,2025-11-07 08:39:28.976050
77,1.7215756,1.4796112,0,1,2025-11-07 08:39:28.977046
78,3.5235982,4.4628897,3,2,2025-11-07 08:39:28.977046
79,2.456982,3.2561946,2,3,2025-11-07 08:39:28.978044
80,3.4096217,4.399731,0,0,2025-11-07 08:39:28.978044
81,2.4521494,1.5293144,3,1,2025-11-07 08:39:28.978044
82,1.4418306,1.548621,1,2,2025-11-07 08:39:28.979051
83,2.604487,4.581077,2,3,2025-11-07 08:39:28.979051
84,4.6584406,3.5047479,3,0,2025-11-07 08:39:28.979051
85,1.6783412,4.7282,0,1,2025-11-07 08:39:28.979051
86,3.5648525,4.7348905,2,2,2025-11-07 08:39:28.980051
87,1.4687512,2.568393,1,3,2025-11-07 08:39:28.980051
88,4.501281,2.5476596,3,0,2025-11-07 08:39:28.980562
89,1.7465419,1.4316797,0,1,2025-11-07 08:39:28.980562
90,3.6403928,4.5463004,2,2,2025-11-07 08:39:28.981586
91,1.540793,1.6265671,1,3,2025-11-07 08:39:28.981586
92,2.424576,2.6219714,0,0,2025-11-07 08:39:28.981586
93,2.593039,1.6487821,3,1,2025-11-07 08:39:28.981586
94,1.498786,1.6216471,2,2,2025-11-07 08:39:28.981586
95,1.6151699,4.4787626,1,3,2025-11-07 08:39:28.981586
96,2.5222805,1.3215678,0,0,2025-11-07 08:39:28.988613
97,1.45538,1.2852753,3,1,2025-11-07 08:39:28.988613
98,2.412576,2.335259,2,2,2025-11-07 08:39:28.988613
99,4.4582305,1.288288,1,3,2025-11-07 08:39:28.989609
100,2.4308228,3.4482453,0,0,2025-11-07 08:39:28.990121
101,4.5577006,3.459788,3,1,2025-11-07 08:39:28.992146
102,4.448327,4.5666857,2,2,2025-11-07 08:39:28.992146
103,2.4994628,3.6478395,1,3,2025-11-07 08:39:28.993148
104,1.3509473,2.539712,0,0,2025-11-07 08:39:28.993148
105,1.4572334,1.5038046,3,1,2025-11-07 08:39:28.993148
106,2.4763627,2.4919276,2,2,2025-11-07 08:39:28.994150
107,3.6767375,3.5127766,1,3,2025-11-07 08:39:28.996163
108,2.6503882,3.5926728,0,0,2025-11-07 08:39:28.997158
109,4.683481,3.5686498,3,1,2025-11-07 08:39:28.997158
110,3.5674772,2.7286584,2,2,2025-11-07 08:39:28.998156
111,4.595926,3.572449,0,3,2025-11-07 08:39:28.998156
112,1.7070515,2.5249918,1,0,2025-11-07 08:39:28.998156
113,4.6886096,4.5003166,3,1,2025-11-07 08:39:28.998156
114,3.5998948,4.460129,2,2,2025-11-07 08:39:28.998156
115,3.525565,1.4001346,1,3,2025-11-07 08:39:28.998156
116,3.4417076,4.292995,0,0,2025-11-07 08:39:28.999775
117,4.560476,2.3163633,3,1,2025-11-07 08:39:28.999775
118,3.4881752,2.4196866,1,2,2025-11-07 08:39:28.999775
119,3.4176822,4.5698175,0,3,2025-11-07 08:39:29.000723
120,4.4347396,3.6633458,2,0,2025-11-07 08:39:29.000723
121,1.4747028,1.5327578,3,1,2025-11-07 08:39:29.000723
122,2.3958945,4.4060845,0,2,2025-11-07 08:39:29.000723
123,4.3543363,2.3856497,1,3,2025-11-07 08:39:29.001725
124,4.4359674,2.4965363,2,0,2025-11-07 08:39:29.001725
125,2.5443218,1.5924191,3,1,2025-11-07 08:39:29.001725
126,1.5723898,4.5236244,0,2,2025-11-07 08:39:29.001725
127,3.6413765,3.5819376,1,3,2025-11-07 08:39:29.002739
128,2.6993673,1.6248566,2,0,2025-11-07 08:39:29.003738
129,3.4697444,1.5596076,1,1,2025-11-07 08:39:29.003738
130,3.4751406,4.386273,3,2,2025-11-07 08:39:29.004741
131,2.3987784,3.3658364,0,3,2025-11-07 08:39:29.004741
132,1.4724576,3.3504157,2,0,2025-11-07 08:39:29.004741
133,2.5499408,3.4039915,3,1,2025-11-07 08:39:29.007738
134,3.5566192,2.5235,1,2,2025-11-07 08:39:29.008783
135,3.5172596,1.5478073,2,3,2025-11-07 08:39:29.008783
136,1.5513643,1.4990866,0,0,2025-11-07 08:39:29.009743
137,4.4881535,4.4553146,3,1,2025-11-07 08:39:29.010260
138,1.613409,2.444347,1,2,2025-11-07 08:39:29.010260
139,2.459875,4.5122557,2,3,2025-11-07 08:39:29.011282
140,3.4275446,1.7290866,0,0,2025-11-07 08:39:29.011282
141,4.5165453,4.668653,3,1,2025-11-07 08:39:29.011282
142,4.4483495,2.6814969,1,2,2025-11-07 08:39:29.012298
143,2.4597743,1.4885015,2,3,2025-11-07 08:39:29.012298
144,3.6248581,3.4409256,0,0,2025-11-07 08:39:29.012298
145,1.5573375,3.4073625,3,1,2025-11-07 08:39:29.012298
146,3.6067295,1.3918118,1,2,2025-11-07 08:39:29.013297
147,2.6305008,3.4591684,2,3,2025-11-07 08:39:29.013297
148,3.5129075,1.4027026,0,0,2025-11-07 08:39:29.013297
149,4.452416,3.4360642,3,1,2025-11-07 08:39:29.014297
150,4.5183096,2.385637,1,2,2025-11-07 08:39:29.014297
151,4.41671,2.437396,2,3,2025-11-07 08:39:29.014297
152,1.4866469,4.2980585,0,0,2025-11-07 08:39:29.014297
153,3.4933221,1.5759826,3,1,2025-11-07 08:39:29.015296
154,3.5504785,4.486798,1,2,2025-11-07 08:39:29.015296
155,4.6470675,2.67373,2,3,2025-11-07 08:39:29.015296
156,2.5187185,2.6923602,0,0,2025-11-07 08:39:29.016296
157,3.5202463,4.5973125,3,1,2025-11-07 08:39:29.016296
158,1.3661336,4.528353,2,2,2025-11-07 08:39:29.016296
159,2.5640252,4.5184536,1,3,2025-11-07 08:39:29.017297
160,1.5797578,3.473996,0,0,2025-11-07 08:39:29.017297
161,2.6627908,2.6062546,3,1,2025-11-07 08:39:29.017297
162,2.575479,2.5880563,1,2,2025-11-07 08:39:29.017297
163,3.6730359,2.4277167,2,3,2025-11-07 08:39:29.021826
164,3.580636,3.3789957,3,0,2025-11-07 08:39:29.021826
165,4.535556,1.4859756,0,1,2025-11-07 08:39:29.021826
166,1.4680114,1.4373903,1,2,2025-11-07 08:39:29.022845
167,3.4832034,4.6071877,3,3,2025-11-07 08:39:29.022845
168,2.4800372,3.538935,2,0,2025-11-07 08:39:29.023581
169,4.4780526,1.4414058,0,1,2025-11-07 08:39:29.023581
170,3.5452623,2.5211158,1,2,2025-11-07 08:39:29.023581
171,3.566756,2.6564205,3,3,2025-11-07 08:39:29.023581
172,4.699458,1.517525,2,0,2025-11-07 08:39:29.023581
173,4.552939,3.527009,0,1,2025-11-07 08:39:29.023581
174,1.4386029,1.4036105,1,2,2025-11-07 08:39:29.023581
175,2.3729477,2.505096,2,3,2025-11-07 08:39:29.023581
176,3.227425,2.5110643,3,0,2025-11-07 08:39:29.023581
177,2.4502726,2.5570903,0,1,2025-11-07 08:39:29.023581
178,2.5426066,2.6000185,1,2,2025-11-07 08:39:29.023581
179,2.655965,2.6765995,2,3,2025-11-07 08:39:29.023581
180,3.604314,1.6343933,3,0,2025-11-07 08:39:29.023581
181,1.4576942,1.5826285,0,1,2025-11-07 08:39:29.023581
182,3.4226947,1.6174979,1,2,2025-11-07 08:39:29.023581
183,2.4784293,2.7053695,2,3,2025-11-07 08:39:29.023581
184,3.415243,1.5552746,3,0,2025-11-07 08:39:29.023581
185,2.3939836,4.575916,0,1,2025-11-07 08:39:29.023581
186,4.360742,3.561601,1,2,2025-11-07 08:39:29.023581
187,3.3679438,2.7446635,2,3,2025-11-07 08:39:29.023581
188,2.3255386,1.6173787,3,0,2025-11-07 08:39:29.023581
189,2.4779425,4.5294952,0,1,2025-11-07 08:39:29.023581
190,4.536025,4.519928,1,2,2025-11-07 08:39:29.030096
191,4.6154776,3.5212214,2,3,2025-11-07 08:39:29.030096
192,4.5943007,2.5687518,3,0,2025-11-07 08:39:29.030096
193,3.6891599,4.4059534,0,1,2025-11-07 08:39:29.030096
194,4.664209,2.468769,2,2,2025-11-07 08:39:29.030096
195,1.6177822,1.4095098,1,3,2025-11-07 08:39:29.030096
196,3.4576647,3.4275875,3,0,2025-11-07 08:39:29.030096
197,1.323518,1.3346097,2,1,2025-11-07 08:39:29.030096
198,1.3383425,2.3621998,1,2,2025-11-07 08:39:29.030096
199,4.4361787,3.495619,0,3,2025-11-07 08:39:29.030096
200,1.5235481,2.600592,3,0,2025-11-07 08:39:29.030096
201,2.5791872,2.5976515,2,1,2025-11-07 08:39:29.030096
202,4.5026655,1.4829676,0,2,2025-11-07 08:39:29.033134
203,1.5804414,4.4854026,1,3,2025-11-07 08:39:29.033134
204,1.537926,4.402585,3,0,2025-11-07 08:39:29.033134
205,4.5489335,1.3834159,2,1,2025-11-07 08:39:29.033134
206,1.5916189,3.5296843,1,2,2025-11-07 08:39:29.033134
207,2.5238416,1.4229627,0,3,2025-11-07 08:39:29.033134
208,1.4935715,2.4300468,3,0,2025-11-07 08:39:29.033134
209,3.5046968,3.391574,2,1,2025-11-07 08:39:29.036336
210,4.562755,2.4200647,1,2,2025-11-07 08:39:29.037968
211,1.5910306,1.5640389,0,3,2025-11-07 08:39:29.037968
212,2.6395369,1.4333093,2,0,2025-11-07 08:39:29.037968
213,1.6796936,4.338858,3,1,2025-11-07 08:39:29.040112
214,4.577422,3.39217,0,2,2025-11-07 08:39:29.040112
215,2.709422,4.469017,1,3,2025-11-07 08:39:29.040112
216,4.6939707,1.5759441,2,0,2025-11-07 08:39:29.040112
217,4.553057,4.447257,3,1,2025-11-07 08:39:29.040112
218,2.4866931,2.4359217,0,2,2025-11-07 08:39:29.040112
219,3.3746014,2.573,1,3,2025-11-07 08:39:29.040112
220,3.4678822,2.6778674,2,0,2025-11-07 08:39:29.040112
221,2.4514782,2.5845978,3,1,2025-11-07 08:39:29.040112
222,2.4610486,3.5971544,0,2,2025-11-07 08:39:29.040112
223,3.4828343,4.6667323,1,3,2025-11-07 08:39:29.040112
224,3.5308588,3.5661092,2,0,2025-11-07 08:39:29.040112
225,1.5787013,4.5492344,3,1,2025-11-07 08:39:29.040112
226,2.5706964,3.4775066,0,2,2025-11-07 08:39:29.040112
227,3.6026447,1.6249397,1,3,2025-11-07 08:39:29.040112
228,3.4864645,1.5667484,2,0,2025-11-07 08:39:29.040112
229,3.5806005,1.6048001,3,1,2025-11-07 08:39:29.040112
230,2.4719102,3.676031,0,2,2025-11-07 08:39:29.040112
231,1.4475346,2.662232,1,3,2025-11-07 08:39:29.040112
232,1.4457492,4.4760847,3,0,2025-11-07 08:39:29.045126
233,3.4351163,2.5714836,2,1,2025-11-07 08:39:29.045126
234,4.4447393,1.569207,0,2,2025-11-07 08:39:29.045126
235,4.499921,1.5110458,1,3,2025-11-07 08:39:29.045126
236,1.4497039,3.5157957,3,0,2025-11-07 08:39:29.045126
237,3.4659452,2.5189219,2,1,2025-11-07 08:39:29.045126
238,3.5546372,1.6614054,0,2,2025-11-07 08:39:29.045126
239,4.5536838,2.6593957,1,3,2025-11-07 08:39:29.045126
240,1.7063566,4.667643,3,0,2025-11-07 08:39:29.046633
241,3.47222,4.5311317,2,1,2025-11-07 08:39:29.046633
242,3.4841444,3.3713772,0,2,2025-11-07 08:39:29.046633
243,4.6644278,2.406588,1,3,2025-11-07 08:39:29.046633
244,1.6955386,1.4245301,3,0,2025-11-07 08:39:29.046633
245,2.6217244,4.413989,1,1,2025-11-07 08:39:29.046633
246,3.771702,2.5639415,2,2,2025-11-07 08:39:29.047666
247,4.5956435,2.5287442,0,3,2025-11-07 08:39:29.047666
248,3.539477,2.6361837,3,0,2025-11-07 08:39:29.047666
249,2.4230626,1.6033598,1,1,2025-11-07 08:39:29.047666
250,2.4823053,2.5621712,0,2,2025-11-07 08:39:29.047666
251,4.5704856,2.553316,2,3,2025-11-07 08:39:29.047666
252,1.6203235,3.5952356,1,0,2025-11-07 08:39:29.047666
253,2.6638536,1.5404179,3,1,2025-11-07 08:39:29.047666
254,4.4514627,4.6381044,2,2,2025-11-07 08:39:29.047666
255,3.4553492,2.6766083,1,3,2025-11-07 08:39:29.047666
256,3.376862,4.4823503,0,0,2025-11-07 08:39:29.047666
257,1.3904767,4.526088,3,1,2025-11-07 08:39:29.049673
258,3.4763358,2.5065048,2,2,2025-11-07 08:39:29.049673
259,1.433095,1.4038403,1,3,2025-11-07 08:39:29.049673
260,2.5020971,1.3436279,0,0,2025-11-07 08:39:29.049673
261,3.4657085,3.5148108,2,1,2025-11-07 08:39:29.049673
262,1.487641,4.6185236,3,2,2025-11-07 08:39:29.049673
263,3.562132,3.5915122,1,3,2025-11-07 08:39:29.049673
264,1.5806636,4.5850577,2,0,2025-11-07 08:39:29.049673
265,3.4723985,1.487633,0,1,2025-11-07 08:39:29.049673
266,1.6482277,4.513829,3,2,2025-11-07 08:39:29.049673
267,4.550423,2.3753197,1,3,2025-11-07 08:39:29.049673
268,1.5167828,2.505724,2,0,2025-11-07 08:39:29.049673
269,1.4377697,4.44963,0,1,2025-11-07 08:39:29.049673
270,4.4962635,3.459493,3,2,2025-11-07 08:39:29.049673
271,4.4674025,4.396236,2,3,2025-11-07 08:39:29.052969
272,1.4080846,3.554252,1,0,2025-11-07 08:39:29.053985
273,1.6103537,1.5187786,0,1,2025-11-07 08:39:29.054293
274,1.6280575,4.5949636,3,2,2025-11-07 08:39:29.054293
275,3.4708202,4.5405455,2,3,2025-11-07 08:39:29.054293
276,3.390234,4.495875,1,0,2025-11-07 08:39:29.054293
277,3.2685957,3.4899697,3,1,2025-11-07 08:39:29.054293
278,2.397146,1.4395106,0,2,2025-11-07 08:39:29.054293
279,3.481702,2.4559407,2,3,2025-11-07 08:39:29.054293
280,2.586126,2.4502094,1,0,2025-11-07 08:39:29.054293
281,1.6149983,3.2973871,3,1,2025-11-07 08:39:29.054293
282,2.72076,4.4250407,0,2,2025-11-07 08:39:29.054293
283,2.5995054,2.6369712,2,3,2025-11-07 08:39:29.054293
284,4.5572715,2.7625737,1,0,2025-11-07 08:39:29.054293
285,2.5635893,4.5704484,0,1,2025-11-07 08:39:29.054293
286,1.5230658,2.516683,3,2,2025-11-07 08:39:29.054293
287,4.4480677,4.6207557,2,3,2025-11-07 08:39:29.059865
288,2.5406685,3.5990775,1,0,2025-11-07 08:39:29.059865
289,2.3694026,1.556275,0,1,2025-11-07 08:39:29.059865
290,3.4062996,2.6048803,3,2,2025-11-07 08:39:29.059865
291,1.4227141,2.67355,2,3,2025-11-07 08:39:29.059865
292,1.447931,2.6490817,1,0,2025-11-07 08:39:29.059865
293,3.4168725,3.568572,0,1,2025-11-07 08:39:29.059865
294,4.442816,1.480563,3,2,2025-11-07 08:39:29.059865
295,2.573159,2.5353594,2,3,2025-11-07 08:39:29.059865
296,1.4411962,2.7089388,1,0,2025-11-07 08:39:29.059865
297,4.4260693,3.5154529,3,1,2025-11-07 08:39:29.059865
298,2.5352812,3.536472,0,2,2025-11-07 08:39:29.059865
299,1.5059274,3.4751358,2,3,2025-11-07 08:39:29.064377
300,4.5024467,1.4298809,1,0,2025-11-07 08:39:29.064377
301,4.579537,2.4605544,3,1,2025-11-07 08:39:29.064377
302,1.4972227,1.5119488,0,2,2025-11-07 08:39:29.064377
303,3.4944675,3.5458524,2,3,2025-11-07 08:39:29.064377
304,1.5100129,3.442306,1,0,2025-11-07 08:39:29.064377
305,2.6151562,1.5324738,3,1,2025-11-07 08:39:29.064377
306,2.6737711,2.4744155,0,2,2025-11-07 08:39:29.064377
307,4.601537,4.551829,1,3,2025-11-07 08:39:29.064377
308,2.6756883,2.5957224,2,0,2025-11-07 08:39:29.064377
309,1.6514415,1.6337912,3,1,2025-11-07 08:39:29.064377
310,1.5732049,2.6040664,0,2,2025-11-07 08:39:29.064377
311,2.6042714,1.6005397,1,3,2025-11-07 08:39:29.064377
312,2.7824728,3.4851837,2,0,2025-11-07 08:39:29.064377
313,4.663027,2.6205337,3,1,2025-11-07 08:39:29.064377
314,1.5459743,2.671607,2,2,2025-11-07 08:39:29.064377
315,4.5511937,3.5712585,0,3,2025-11-07 08:39:29.064377
316,1.5943075,4.3847136,1,0,2025-11-07 08:39:29.064377
317,4.561616,1.4105322,3,1,2025-11-07 08:39:29.064377
318,4.5176635,3.2584817,2,2,2025-11-07 08:39:29.064377
319,2.6052248,4.469698,0,3,2025-11-07 08:39:29.064377
320,1.5648303,4.6376915,3,0,2025-11-07 08:39:29.064377
321,2.5353642,2.4707093,1,1,2025-11-07 08:39:29.064377
322,2.4258199,1.3675327,0,2,2025-11-07 08:39:29.064377
323,1.4442201,1.3046668,3,3,2025-11-07 08:39:29.064377
324,4.3851185,1.2956802,2,0,2025-11-07 08:39:29.064377
325,2.4855006,1.4312298,0,1,2025-11-07 08:39:29.064377
326,2.661194,1.4808836,1,2,2025-11-07 08:39:29.071274
327,3.6094713,2.455225,3,3,2025-11-07 08:39:29.071274
328,1.7036378,4.4980617,2,0,2025-11-07 08:39:29.071274
329,1.7019233,1.4612247,0,1,2025-11-07 08:39:29.071274
330,4.5245686,4.485703,2,2,2025-11-07 08:39:29.071274
331,1.5231991,4.3767633,3,3,2025-11-07 08:39:29.071274
332,4.5061674,2.4261217,1,0,2025-11-07 08:39:29.071274
333,1.4354026,3.4808016,2,1,2025-11-07 08:39:29.071274
334,1.4188156,4.460166,0,2,2025-11-07 08:39:29.071274
335,1.3961991,2.514158,3,3,2025-11-07 08:39:29.071274
336,4.3967075,4.6110425,1,0,2025-11-07 08:39:29.071274
337,1.5111493,3.4775083,2,1,2025-11-07 08:39:29.071274
338,4.3350143,3.3243017,3,2,2025-11-07 08:39:29.071274
339,2.3232207,1.4496491,0,3,2025-11-07 08:39:29.071274
340,1.3766931,4.6235914,1,0,2025-11-07 08:39:29.071274
341,2.2913046,3.7293978,2,1,2025-11-07 08:39:29.071274
342,3.3773215,1.656514,3,2,2025-11-07 08:39:29.071274
343,1.5426444,3.6972713,0,3,2025-11-07 08:39:29.071274
344,2.3567488,1.5687213,1,0,2025-11-07 08:39:29.071274
345,1.5120763,1.5664227,2,1,2025-11-07 08:39:29.071274
346,2.5405781,3.4200108,0,2,2025-11-07 08:39:29.071274
347,1.4042792,3.4968035,3,3,2025-11-07 08:39:29.071274
348,2.4952333,1.5989304,1,0,2025-11-07 08:39:29.071274
349,2.4144373,2.6989732,2,1,2025-11-07 08:39:29.079859
350,1.6025195,4.584043,0,2,2025-11-07 08:39:29.079859
351,1.5527892,4.6413713,3,3,2025-11-07 08:39:29.079859
352,1.4983594,3.630796,1,0,2025-11-07 08:39:29.080871
353,4.504181,3.571741,0,1,2025-11-07 08:39:29.080871
354,1.5949864,3.5744276,2,2,2025-11-07 08:39:29.080871
355,2.5070064,2.5089018,3,3,2025-11-07 08:39:29.080871
356,4.45949,1.3595976,1,0,2025-11-07 08:39:29.080871
357,1.4532473,4.3251915,2,1,2025-11-07 08:39:29.080871
358,3.614478,2.5759418,0,2,2025-11-07 08:39:29.080871
359,4.5606775,1.6034642,3,3,2025-11-07 08:39:29.080871
360,4.50293,1.4983921,1,0,2025-11-07 08:39:29.080871
361,3.575149,1.4503876,0,1,2025-11-07 08:39:29.080871
362,1.5628594,2.4361145,2,2,2025-11-07 08:39:29.080871
363,2.4477348,1.591457,3,3,2025-11-07 08:39:29.080871
364,1.4673746,1.4938945,0,0,2025-11-07 08:39:29.080871
365,2.5840154,2.4929502,1,1,2025-11-07 08:39:29.080871
366,2.6494653,1.5708802,2,2,2025-11-07 08:39:29.080871
367,2.5660775,1.6158398,3,3,2025-11-07 08:39:29.080871
368,1.5865163,1.5558074,1,0,2025-11-07 08:39:29.080871
369,1.7436188,4.628634,0,1,2025-11-07 08:39:29.080871
370,2.6735318,4.5622487,2,2,2025-11-07 08:39:29.080871
371,3.603497,3.4742684,3,3,2025-11-07 08:39:29.080871
372,2.5433712,1.4866529,1,0,2025-11-07 08:39:29.080871
373,1.58759,4.5586586,0,1,2025-11-07 08:39:29.084887
374,2.6747875,4.55292,2,2,2025-11-07 08:39:29.084887
375,2.6735404,2.3273106,3,3,2025-11-07 08:39:29.084887
376,2.6318579,4.478679,1,0,2025-11-07 08:39:29.084887
377,4.5667744,2.4754453,0,1,2025-11-07 08:39:29.084887
378,3.4182515,4.397304,2,2,2025-11-07 08:39:29.084887
379,2.4611874,1.4584601,3,3,2025-11-07 08:39:29.088279
380,1.3923244,3.4236617,0,0,2025-11-07 08:39:29.089868
381,1.360966,1.5995973,1,1,2025-11-07 08:39:29.089868
382,1.3401836,2.583086,2,2,2025-11-07 08:39:29.089868
383,2.3946471,1.588858,3,3,2025-11-07 08:39:29.089868
384,1.4409955,1.5164301,0,0,2025-11-07 08:39:29.090821
385,4.561713,2.6355114,1,1,2025-11-07 08:39:29.090821
386,1.5397481,2.5906503,3,2,2025-11-07 08:39:29.090821
387,3.5370395,4.6082234,2,3,2025-11-07 08:39:29.091824
388,1.5304826,3.6080427,0,0,2025-11-07 08:39:29.091824
389,2.6348655,2.5053072,1,1,2025-11-07 08:39:29.091824
390,3.6017356,4.359942,3,2,2025-11-07 08:39:29.092702
391,2.6568272,4.3734055,2,3,2025-11-07 08:39:29.092702
392,2.6221113,1.4493206,0,0,2025-11-07 08:39:29.092702
393,1.4798292,2.5698237,1,1,2025-11-07 08:39:29.092702
394,1.4280403,1.5905255,2,2,2025-11-07 08:39:29.092702
395,4.4486966,2.5703075,3,3,2025-11-07 08:39:29.092702
396,4.2859983,1.373065,0,0,2025-11-07 08:39:29.092702
397,3.4515486,3.4424639,1,1,2025-11-07 08:39:29.092702
398,3.5454936,2.4480844,2,2,2025-11-07 08:39:29.092702
399,4.5312624,4.465916,3,3,2025-11-07 08:39:29.092702
400,1.6117488,1.6104916,0,0,2025-11-07 08:39:29.092702
401,3.589535,2.6376941,1,1,2025-11-07 08:39:29.092702
402,1.650906,3.6118932,2,2,2025-11-07 08:39:29.092702
403,4.455125,4.5321784,3,3,2025-11-07 08:39:29.099718
404,1.4194123,3.4403563,0,0,2025-11-07 08:39:29.099718
405,4.472943,3.6448584,2,1,2025-11-07 08:39:29.099718
406,3.5271726,3.587428,1,2,2025-11-07 08:39:29.099718
407,3.615874,2.386775,3,3,2025-11-07 08:39:29.099718
408,2.61969,1.5084742,0,0,2025-11-07 08:39:29.099718
409,3.5906978,4.5171876,1,1,2025-11-07 08:39:29.102268
410,2.6636403,3.633351,2,2,2025-11-07 08:39:29.103928
411,4.4399123,3.6191645,3,3,2025-11-07 08:39:29.103928
412,4.485314,4.383389,0,0,2025-11-07 08:39:29.103928
413,3.4783123,4.366194,1,1,2025-11-07 08:39:29.104917
414,4.6021647,3.5442355,2,2,2025-11-07 08:39:29.104917
415,3.5648417,3.5729623,3,3,2025-11-07 08:39:29.104917
416,1.5134854,4.4715214,0,0,2025-11-07 08:39:29.104917
417,4.515567,3.4832847,1,1,2025-11-07 08:39:29.104917
418,2.5689273,4.480861,2,2,2025-11-07 08:39:29.105923
419,2.4619036,4.508105,3,3,2025-11-07 08:39:29.105923
420,4.377807,1.5496972,1,0,2025-11-07 08:39:29.105923
421,2.4137292,1.5729318,2,1,2025-11-07 08:39:29.105923
422,4.4764924,2.4668245,0,2,2025-11-07 08:39:29.105923
423,4.636045,3.68079,3,3,2025-11-07 08:39:29.106920
424,2.5163982,1.584816,1,0,2025-11-07 08:39:29.106920
425,1.572634,1.4730767,0,1,2025-11-07 08:39:29.106920
426,1.4987998,2.5677867,3,2,2025-11-07 08:39:29.106920
427,4.6443434,1.7024591,2,3,2025-11-07 08:39:29.106920
428,1.582316,1.5719173,1,0,2025-11-07 08:39:29.106920
429,2.500771,4.5841155,3,1,2025-11-07 08:39:29.107921
430,3.5001554,1.4285192,0,2,2025-11-07 08:39:29.107921
431,4.489635,4.419822,1,3,2025-11-07 08:39:29.107921
432,2.5540595,2.4683084,3,0,2025-11-07 08:39:29.107921
433,1.5265758,3.4378068,2,1,2025-11-07 08:39:29.107921
434,3.5075006,3.4246838,0,2,2025-11-07 08:39:29.108922
435,3.5711474,2.4187121,1,3,2025-11-07 08:39:29.108922
436,2.6765146,2.4866896,3,0,2025-11-07 08:39:29.108922
437,3.5358834,1.4398509,2,1,2025-11-07 08:39:29.108922
438,2.4990199,4.61395,0,2,2025-11-07 08:39:29.109927
439,2.4971087,4.710913,1,3,2025-11-07 08:39:29.109927
440,4.595865,1.6645672,3,0,2025-11-07 08:39:29.110442
441,4.5797358,4.6517186,2,1,2025-11-07 08:39:29.110442
442,1.4980365,1.6004467,0,2,2025-11-07 08:39:29.110442
443,2.5000732,3.4865856,1,3,2025-11-07 08:39:29.110442
444,3.652266,2.5320835,3,0,2025-11-07 08:39:29.111453
445,3.7640862,2.4146016,2,1,2025-11-07 08:39:29.111453
446,4.679935,1.456312,1,2,2025-11-07 08:39:29.111453
447,3.6303604,1.5175844,0,3,2025-11-07 08:39:29.111453
448,1.6252317,3.5806842,2,0,2025-11-07 08:39:29.112463
449,4.483087,4.748805,1,1,2025-11-07 08:39:29.112463
450,4.6190524,4.6604896,3,2,2025-11-07 08:39:29.112463
451,2.6341004,3.6016223,0,3,2025-11-07 08:39:29.113464
452,3.5359793,3.616232,1,0,2025-11-07 08:39:29.113464
453,1.3117572,4.6840405,2,1,2025-11-07 08:39:29.113464
454,2.4955819,1.4780262,3,2,2025-11-07 08:39:29.114464
455,2.5194714,2.572167,0,3,2025-11-07 08:39:29.114464
456,3.6096573,2.4365654,1,0,2025-11-07 08:39:29.114464
457,4.6074443,2.5706553,3,1,2025-11-07 08:39:29.114464
458,4.549386,3.6813312,2,2,2025-11-07 08:39:29.115466
459,3.5789816,1.6645845,0,3,2025-11-07 08:39:29.115466
460,4.482983,1.4976432,1,0,2025-11-07 08:39:29.115466
461,4.5478215,4.5009265,3,1,2025-11-07 08:39:29.115466
462,1.5246398,1.6483378,2,2,2025-11-07 08:39:29.116465
463,4.48781,1.6342566,0,3,2025-11-07 08:39:29.116465
464,4.4696355,4.608584,1,0,2025-11-07 08:39:29.116465
465,4.3336077,2.5142765,3,1,2025-11-07 08:39:29.116465
466,1.388089,1.4053711,0,2,2025-11-07 08:39:29.117470
467,1.5579013,4.44898,1,3,2025-11-07 08:39:29.117470
468,3.5768178,2.5000992,2,0,2025-11-07 08:39:29.117470
469,2.4479513,4.490471,3,1,2025-11-07 08:39:29.118464
470,3.4507535,3.4330778,1,2,2025-11-07 08:39:29.118464
471,4.536533,2.4914372,0,3,2025-11-07 08:39:29.118464
472,2.5707483,4.5686164,2,0,2025-11-07 08:39:29.118464
473,1.6718965,4.4696693,3,1,2025-11-07 08:39:29.120912
474,3.6364226,1.5236362,1,2,2025-11-07 08:39:29.121910
475,4.5169854,1.6328954,0,3,2025-11-07 08:39:29.121910
476,2.45043,3.6427982,3,0,2025-11-07 08:39:29.121910
477,1.5937418,3.6652358,2,1,2025-11-07 08:39:29.122928
478,1.6856388,3.4642012,1,2,2025-11-07 08:39:29.122928
479,2.5322113,4.381425,0,3,2025-11-07 08:39:29.122928
480,4.46202,2.5451615,2,0,2025-11-07 08:39:29.123926
481,1.4200137,2.5127676,1,1,2025-11-07 08:39:29.123926
482,3.3893664,2.5003042,0,2,2025-11-07 08:39:29.123926
483,4.452048,2.3830905,3,3,2025-11-07 08:39:29.123926
484,4.5900054,1.331774,2,0,2025-11-07 08:39:29.124924
485,3.5359266,4.373569,0,1,2025-11-07 08:39:29.124924
486,3.5331943,4.6621923,1,2,2025-11-07 08:39:29.124924
487,1.482294,1.6842808,2,3,2025-11-07 08:39:29.125924
488,3.426261,1.6310118,3,0,2025-11-07 08:39:29.125924
489,4.405895,3.5809565,0,1,2025-11-07 08:39:29.125924
490,3.525902,2.5234601,1,2,2025-11-07 08:39:29.126927
491,2.4840627,3.5888026,2,3,2025-11-07 08:39:29.126927
492,2.666353,2.667449,3,0,2025-11-07 08:39:29.126927
493,3.595846,4.63478,0,1,2025-11-07 08:39:29.126927
494,2.6160243,2.5165474,2,2,2025-11-07 08:39:29.127924
495,2.529106,4.3845334,0,3,2025-11-07 08:39:29.127924
496,3.4365697,2.4207637,1,0,2025-11-07 08:39:29.127924
497,2.4851189,4.5453115,3,1,2025-11-07 08:39:29.128929
498,1.5250683,3.464921,2,2,2025-11-07 08:39:29.128929
499,4.360719,1.4749143,0,3,2025-11-07 08:39:29.128929
500,4.267432,3.5235183,1,0,2025-11-07 08:39:29.132476
501,4.4686394,2.558231,3,1,2025-11-07 08:39:29.133480
502,1.5505141,4.605502,2,2,2025-11-07 08:39:29.133480
503,4.6409745,1.5907195,0,3,2025-11-07 08:39:29.133480
504,2.6691518,4.5274906,1,0,2025-11-07 08:39:29.134482
505,1.5195558,2.4519427,2,1,2025-11-07 08:39:29.134482
506,4.5064993,3.5423398,0,2,2025-11-07 08:39:29.134482
507,4.6727805,1.5741247,3,3,2025-11-07 08:39:29.135481
508,3.754462,1.5717881,1,0,2025-11-07 08:39:29.136281
509,4.7219496,1.4721339,2,1,2025-11-07 08:39:29.136281
510,1.6750214,3.3952813,0,2,2025-11-07 08:39:29.136281
511,1.656894,1.4661081,3,3,2025-11-07 08:39:29.136281
512,1.6504309,4.4225564,1,0,2025-11-07 08:39:29.136281
513,2.6414428,2.473007,3,1,2025-11-07 08:39:29.136281
514,1.7002772,2.552639,0,2,2025-11-07 08:39:29.136281
515,4.6424384,3.5948784,2,3,2025-11-07 08:39:29.136281
516,3.5870054,1.4573197,1,0,2025-11-07 08:39:29.136281
517,4.5459747,1.5931603,0,1,2025-11-07 08:39:29.136281
518,1.6190746,1.610164,3,2,2025-11-07 08:39:29.136281
519,2.5809603,2.6930485,2,3,2025-11-07 08:39:29.136281
520,4.5684385,4.6188264,1,0,2025-11-07 08:39:29.136281
521,1.4697716,4.687727,3,1,2025-11-07 08:39:29.136281
522,1.4692254,1.5804263,0,2,2025-11-07 08:39:29.136281
523,1.3609769,2.5430126,2,3,2025-11-07 08:39:29.136281
524,1.5463185,4.591502,1,0,2025-11-07 08:39:29.139850
525,2.6357727,1.5556098,0,1,2025-11-07 08:39:29.139850
526,4.599271,1.5056095,3,2,2025-11-07 08:39:29.139850
527,1.4248185,2.469647,2,3,2025-11-07 08:39:29.139850
528,1.3212092,3.5219352,0,0,2025-11-07 08:39:29.139850
529,4.431455,1.6940736,1,1,2025-11-07 08:39:29.139850
530,4.569438,2.6874082,3,2,2025-11-07 08:39:29.139850
531,4.674409,1.5563476,2,3,2025-11-07 08:39:29.139850
532,4.5422435,1.3554686,0,0,2025-11-07 08:39:29.139850
533,1.5306915,3.3564935,1,1,2025-11-07 08:39:29.139850
534,2.5028918,2.427918,3,2,2025-11-07 08:39:29.139850
535,4.6015096,2.5918548,2,3,2025-11-07 08:39:29.139850
536,2.6294286,2.6102192,0,0,2025-11-07 08:39:29.139850
537,3.4953744,4.559596,1,1,2025-11-07 08:39:29.139850
538,3.5237212,1.4760938,2,2,2025-11-07 08:39:29.139850
539,2.505309,3.4912968,3,3,2025-11-07 08:39:29.139850
540,2.5842953,3.58523,0,0,2025-11-07 08:39:29.139850
541,3.6212947,1.4331439,1,1,2025-11-07 08:39:29.139850
542,2.4882488,3.5717676,2,2,2025-11-07 08:39:29.139850
543,4.4111824,4.7027035,3,3,2025-11-07 08:39:29.139850
544,4.3767815,1.4877546,0,0,2025-11-07 08:39:29.139850
545,2.403211,3.4437518,1,1,2025-11-07 08:39:29.139850
546,1.4810236,1.5568717,2,2,2025-11-07 08:39:29.139850
547,3.4014754,2.5887024,3,3,2025-11-07 08:39:29.144866
548,4.314537,2.605071,0,0,2025-11-07 08:39:29.144866
549,1.4701972,4.3934255,1,1,2025-11-07 08:39:29.144866
550,2.679563,2.4537005,2,2,2025-11-07 08:39:29.144866
551,4.590531,4.554497,3,3,2025-11-07 08:39:29.144866
552,1.5303004,1.5349395,0,0,2025-11-07 08:39:29.144866
553,2.549561,3.5352323,1,1,2025-11-07 08:39:29.146890
554,1.6746541,3.5339296,2,2,2025-11-07 08:39:29.146890
555,4.5713634,4.435307,0,3,2025-11-07 08:39:29.147975
556,2.4453235,1.396244,3,0,2025-11-07 08:39:29.147975
557,2.3088648,2.3182545,1,1,2025-11-07 08:39:29.147975
558,2.399428,4.4216294,2,2,2025-11-07 08:39:29.147975
559,2.59622,1.3977728,0,3,2025-11-07 08:39:29.147975
560,3.7124054,2.4756777,3,0,2025-11-07 08:39:29.148992
561,2.6499195,1.6504039,1,1,2025-11-07 08:39:29.148992
562,1.5415905,2.5153687,0,2,2025-11-07 08:39:29.148992
563,1.4941016,2.5100977,2,3,2025-11-07 08:39:29.148992
564,3.3566494,3.5911632,1,0,2025-11-07 08:39:29.148992
565,2.4791603,3.5884497,3,1,2025-11-07 08:39:29.148992
566,4.588037,2.599633,0,2,2025-11-07 08:39:29.149986
567,3.5033662,3.433907,2,3,2025-11-07 08:39:29.149986
568,2.5040407,2.5090687,3,0,2025-11-07 08:39:29.149986
569,4.5095215,4.54234,1,1,2025-11-07 08:39:29.150493
570,4.486032,1.5009612,0,2,2025-11-07 08:39:29.150493
571,4.566869,4.388129,2,3,2025-11-07 08:39:29.150493
572,1.4577177,1.4429517,3,0,2025-11-07 08:39:29.150493
573,3.5501304,4.5832324,0,1,2025-11-07 08:39:29.151503
574,2.5036466,4.514227,1,2,2025-11-07 08:39:29.151503
575,4.471797,4.45265,2,3,2025-11-07 08:39:29.151503
576,1.5212235,1.5176628,3,0,2025-11-07 08:39:29.151503
577,3.5344117,4.557804,1,1,2025-11-07 08:39:29.152511
578,4.409931,3.5755968,2,2,2025-11-07 08:39:29.153034
579,4.4508395,2.6495578,0,3,2025-11-07 08:39:29.153089
580,4.459767,1.6612831,3,0,2025-11-07 08:39:29.153089
581,4.576875,3.651391,1,1,2025-11-07 08:39:29.153089
582,3.569072,3.5275016,0,2,2025-11-07 08:39:29.153089
583,1.4734058,1.5588287,2,3,2025-11-07 08:39:29.154109
584,2.439454,2.6614547,3,0,2025-11-07 08:39:29.154109
585,2.4985929,2.613246,1,1,2025-11-07 08:39:29.154109
586,4.5058813,2.63638,0,2,2025-11-07 08:39:29.154109
587,2.5132117,1.3753262,2,3,2025-11-07 08:39:29.154109
588,4.5536823,4.453997,3,0,2025-11-07 08:39:29.154109
589,1.5536318,4.4650846,0,1,2025-11-07 08:39:29.155304
590,2.558334,4.5919924,1,2,2025-11-07 08:39:29.155304
591,4.661325,3.658735,2,3,2025-11-07 08:39:29.156322
592,4.675529,3.5678024,3,0,2025-11-07 08:39:29.156322
593,1.5132718,2.6306927,1,1,2025-11-07 08:39:29.156322
594,1.4767067,4.661542,2,2,2025-11-07 08:39:29.156322
595,2.5324595,3.7188501,0,3,2025-11-07 08:39:29.157314
596,2.5527432,4.578648,3,0,2025-11-07 08:39:29.157314
597,3.643234,2.5928571,1,1,2025-11-07 08:39:29.157631
598,3.592963,3.5136287,2,2,2025-11-07 08:39:29.157631
599,1.4780571,2.6070266,0,3,2025-11-07 08:39:29.157631
600,4.5590973,2.609576,1,0,2025-11-07 08:39:29.167310
601,3.5630994,1.6358198,3,1,2025-11-07 08:39:29.167310
602,2.5843525,1.6427047,2,2,2025-11-07 08:39:29.167310
603,4.5091386,3.7395113,0,3,2025-11-07 08:39:29.168309
604,3.5033033,2.6010458,3,0,2025-11-07 08:39:29.168309
605,4.617853,3.6785007,1,1,2025-11-07 08:39:29.168309
606,2.681312,4.5498853,2,2,2025-11-07 08:39:29.168309
607,2.5842612,3.4448237,0,3,2025-11-07 08:39:29.169824
608,4.6202965,4.4635577,1,0,2025-11-07 08:39:29.169824
609,1.50119,3.456935,2,1,2025-11-07 08:39:29.170841
610,1.4402254,1.5899371,3,2,2025-11-07 08:39:29.170841
611,1.4814514,4.64114,0,3,2025-11-07 08:39:29.171839
612,1.5195115,1.4615948,1,0,2025-11-07 08:39:29.173588
613,2.5630221,1.3240422,2,1,2025-11-07 08:39:29.173588
614,4.5374045,4.3218307,3,2,2025-11-07 08:39:29.173588
615,4.596121,3.4249895,0,3,2025-11-07 08:39:29.173588
616,4.533653,2.484721,1,0,2025-11-07 08:39:29.173588
617,1.4417009,1.5238339,3,1,2025-11-07 08:39:29.173588
618,1.5569429,4.481738,2,2,2025-11-07 08:39:29.173588
619,4.617094,4.5104938,0,3,2025-11-07 08:39:29.173588
620,2.6035268,4.575259,3,0,2025-11-07 08:39:29.173588
621,2.640044,1.5617421,1,1,2025-11-07 08:39:29.173588
622,1.6178713,3.60112,2,2,2025-11-07 08:39:29.173588
623,1.5669144,2.5772657,1,3,2025-11-07 08:39:29.173588
624,2.41327,2.4645143,0,0,2025-11-07 08:39:29.173588
625,1.4064598,4.5595636,3,1,2025-11-07 08:39:29.173588
626,1.4597008,2.5243683,2,2,2025-11-07 08:39:29.173588
627,4.5947213,2.4530687,1,3,2025-11-07 08:39:29.173588
628,2.5398262,1.6107612,0,0,2025-11-07 08:39:29.173588
629,3.499405,1.7013272,3,1,2025-11-07 08:39:29.173588
630,2.6232834,4.603847,2,2,2025-11-07 08:39:29.180101
631,3.6843498,1.4349998,1,3,2025-11-07 08:39:29.180101
632,1.6659331,3.4890132,0,0,2025-11-07 08:39:29.180101
633,3.671698,2.5606174,3,1,2025-11-07 08:39:29.180101
634,4.694706,4.6588783,2,2,2025-11-07 08:39:29.180101
635,1.630279,3.594318,0,3,2025-11-07 08:39:29.180101
636,3.545558,1.6863288,1,0,2025-11-07 08:39:29.180101
637,3.5513783,3.5971527,3,1,2025-11-07 08:39:29.180101
638,4.5283175,4.4386353,0,2,2025-11-07 08:39:29.180101
639,4.5676265,2.4893465,2,3,2025-11-07 08:39:29.180101
640,2.529165,4.360407,1,0,2025-11-07 08:39:29.180101
641,2.4735575,3.375645,3,1,2025-11-07 08:39:29.180101
642,3.3937685,3.4727814,2,2,2025-11-07 08:39:29.180101
643,4.477163,1.4022136,0,3,2025-11-07 08:39:29.183161
644,2.4976249,2.5156229,1,0,2025-11-07 08:39:29.183161
645,4.4053535,4.4844875,2,1,2025-11-07 08:39:29.183161
646,2.5464294,4.509306,3,2,2025-11-07 08:39:29.183161
647,1.5594378,4.3589134,0,3,2025-11-07 08:39:29.183161
648,3.5210078,1.4098107,2,0,2025-11-07 08:39:29.183161
649,3.5913553,3.576412,3,1,2025-11-07 08:39:29.183161
650,4.6203237,2.4275522,0,2,2025-11-07 08:39:29.183161
651,3.6580384,2.3911903,1,3,2025-11-07 08:39:29.183161
652,4.585863,1.3520532,2,0,2025-11-07 08:39:29.183161
653,3.52587,2.3466916,3,1,2025-11-07 08:39:29.188280
654,4.6228065,2.4237652,0,2,2025-11-07 08:39:29.188280
655,1.6386311,2.6240866,1,3,2025-11-07 08:39:29.189866
656,2.6110897,3.5894482,2,0,2025-11-07 08:39:29.189866
657,4.4621935,2.5917294,0,1,2025-11-07 08:39:29.189866
658,1.501363,3.6252332,3,2,2025-11-07 08:39:29.189866
659,4.5778112,2.6857712,1,3,2025-11-07 08:39:29.189866
660,2.5944173,4.5910783,2,0,2025-11-07 08:39:29.189866
661,2.5671513,3.5158894,0,1,2025-11-07 08:39:29.189866
662,2.632961,2.6630676,3,2,2025-11-07 08:39:29.189866
663,4.586021,4.553809,1,3,2025-11-07 08:39:29.189866
664,3.4519444,1.6773522,2,0,2025-11-07 08:39:29.189866
665,3.4643283,1.6622338,3,1,2025-11-07 08:39:29.189866
666,1.4902482,3.4566095,0,2,2025-11-07 08:39:29.189866
667,1.6763239,3.3714964,1,3,2025-11-07 08:39:29.189866
668,4.6021852,2.406226,3,0,2025-11-07 08:39:29.189866
669,4.617927,1.6914042,2,1,2025-11-07 08:39:29.189866
670,1.5137057,2.4445775,0,2,2025-11-07 08:39:29.189866
671,3.3784504,3.4875703,1,3,2025-11-07 08:39:29.189866
672,1.3545167,1.5343912,3,0,2025-11-07 08:39:29.194882
673,3.4538352,3.5182438,2,1,2025-11-07 08:39:29.194882
674,1.4988651,2.5150862,0,2,2025-11-07 08:39:29.194882
675,2.4465158,3.5055947,1,3,2025-11-07 08:39:29.194882
676,4.4181833,3.5148003,3,0,2025-11-07 08:39:29.194882
677,1.4845214,2.6119897,2,1,2025-11-07 08:39:29.194882
678,1.4653418,4.5519123,1,2,2025-11-07 08:39:29.194882
679,1.4936366,2.5484905,0,3,2025-11-07 08:39:29.194882
680,4.4009023,1.5648502,3,0,2025-11-07 08:39:29.194882
681,3.3905137,3.560938,2,1,2025-11-07 08:39:29.194882
682,3.3950129,2.7271883,1,2,2025-11-07 08:39:29.194882
683,2.3621774,1.6541466,3,3,2025-11-07 08:39:29.194882
684,3.3645597,1.6537721,0,0,2025-11-07 08:39:29.194882
685,2.3472896,2.697865,2,1,2025-11-07 08:39:29.194882
686,1.4672956,2.4780867,1,2,2025-11-07 08:39:29.194882
687,4.539534,4.424037,3,3,2025-11-07 08:39:29.194882
688,2.5681016,1.3359042,0,0,2025-11-07 08:39:29.194882
689,3.4543395,4.4251513,2,1,2025-11-07 08:39:29.194882
690,1.5235443,2.5727556,1,2,2025-11-07 08:39:29.194882
691,1.5815117,4.5772114,3,3,2025-11-07 08:39:29.194882
692,3.6393633,2.5984886,0,0,2025-11-07 08:39:29.194882
693,2.6466243,1.650821,1,1,2025-11-07 08:39:29.199957
694,3.571054,3.6662276,2,2,2025-11-07 08:39:29.199957
695,1.6686624,1.4964104,3,3,2025-11-07 08:39:29.199957
696,3.6503525,2.2545643,0,0,2025-11-07 08:39:29.199957
697,2.5945332,1.3616819,3,1,2025-11-07 08:39:29.199957
698,3.4772484,2.3738124,1,2,2025-11-07 08:39:29.199957
699,4.4691777,1.4718179,2,3,2025-11-07 08:39:29.199957
700,4.571008,3.462193,3,0,2025-11-07 08:39:29.206272
701,4.560274,4.534251,0,1,2025-11-07 08:39:29.206272
702,4.5554132,1.5470954,1,2,2025-11-07 08:39:29.206272
703,2.48859,1.3735192,3,3,2025-11-07 08:39:29.207264
704,2.4726415,3.340879,0,0,2025-11-07 08:39:29.207264
705,3.4867244,2.4317243,2,1,2025-11-07 08:39:29.207264
706,1.5965825,3.525113,1,2,2025-11-07 08:39:29.207264
707,3.525199,3.521242,3,3,2025-11-07 08:39:29.208263
708,3.423507,3.5356152,2,0,2025-11-07 08:39:29.208263
709,4.29599,2.4439702,1,1,2025-11-07 08:39:29.208263
710,2.3702917,2.5464756,0,2,2025-11-07 08:39:29.208263
711,2.4798236,4.5836267,3,3,2025-11-07 08:39:29.208263
712,4.5283885,4.378392,2,0,2025-11-07 08:39:29.208263
713,1.3927412,2.5043752,1,1,2025-11-07 08:39:29.209776
714,3.4288397,2.4288554,0,2,2025-11-07 08:39:29.209776
715,3.413321,2.5428202,3,3,2025-11-07 08:39:29.209776
716,4.4996095,2.5479941,2,0,2025-11-07 08:39:29.209776
717,2.5628633,4.761058,1,1,2025-11-07 08:39:29.210785
718,3.5320022,2.6526165,0,2,2025-11-07 08:39:29.210785
719,3.4997787,4.6829305,2,3,2025-11-07 08:39:29.211791
720,1.4906654,1.5871581,3,0,2025-11-07 08:39:29.211791
721,1.4518394,3.6775117,1,1,2025-11-07 08:39:29.211791
722,2.3974638,4.6355557,0,2,2025-11-07 08:39:29.211791
723,2.6215484,3.6029391,2,3,2025-11-07 08:39:29.212817
724,4.695073,2.5840032,3,0,2025-11-07 08:39:29.212817
725,4.617937,2.65938,1,1,2025-11-07 08:39:29.212817
726,4.542007,3.59128,0,2,2025-11-07 08:39:29.212817
727,3.6335413,4.535706,3,3,2025-11-07 08:39:29.213815
728,2.4791546,1.5246261,2,0,2025-11-07 08:39:29.213815
729,2.4879267,4.454787,1,1,2025-11-07 08:39:29.214806
730,1.5774956,2.5438218,0,2,2025-11-07 08:39:29.214806
731,2.5952973,1.5020744,2,3,2025-11-07 08:39:29.214806
732,4.6072407,1.4671366,3,0,2025-11-07 08:39:29.214806
733,1.5257719,2.5175877,1,1,2025-11-07 08:39:29.215805
734,1.4612157,4.583745,2,2,2025-11-07 08:39:29.215805
735,3.437946,2.4614806,3,3,2025-11-07 08:39:29.215805
736,2.4035766,3.3638234,1,0,2025-11-07 08:39:29.216807
737,3.2831347,1.3986099,0,1,2025-11-07 08:39:29.216807
738,4.213735,2.435514,2,2,2025-11-07 08:39:29.216807
739,3.4305174,1.2742395,3,3,2025-11-07 08:39:29.216807
740,1.5392199,1.3387201,1,0,2025-11-07 08:39:29.217805
741,3.568969,4.449687,0,1,2025-11-07 08:39:29.217805
742,2.7120173,1.4815536,2,2,2025-11-07 08:39:29.217805
743,3.673449,4.5884905,1,3,2025-11-07 08:39:29.217805
744,3.6005416,4.5386343,3,0,2025-11-07 08:39:29.217805
745,2.562925,4.542213,2,1,2025-11-07 08:39:29.217805
746,1.4773757,2.4547865,0,2,2025-11-07 08:39:29.218805
747,4.5456967,3.4436316,1,3,2025-11-07 08:39:29.218805
748,1.5064802,4.568774,2,0,2025-11-07 08:39:29.218805
749,2.5398386,1.5562975,3,1,2025-11-07 08:39:29.219805
750,1.4946384,4.5269566,0,2,2025-11-07 08:39:29.220325
751,3.4776735,2.4965043,2,3,2025-11-07 08:39:29.220325
752,1.607137,1.373889,1,0,2025-11-07 08:39:29.220325
753,3.5778737,2.5665607,3,1,2025-11-07 08:39:29.221342
754,3.5681603,1.3822427,0,2,2025-11-07 08:39:29.221342
755,1.5864102,3.4183202,2,3,2025-11-07 08:39:29.221342
756,3.529654,4.57327,1,0,2025-11-07 08:39:29.221342
757,3.5410516,4.541522,3,1,2025-11-07 08:39:29.222359
758,1.4391432,4.578391,0,2,2025-11-07 08:39:29.222359
759,1.3436472,4.478197,1,3,2025-11-07 08:39:29.222359
760,1.3345059,4.4726915,2,0,2025-11-07 08:39:29.222359
761,2.375628,3.431523,3,1,2025-11-07 08:39:29.222359
762,2.3731523,2.4953244,0,2,2025-11-07 08:39:29.222359
763,1.4289424,3.5107923,1,3,2025-11-07 08:39:29.223365
764,1.5567573,4.650644,2,0,2025-11-07 08:39:29.223365
765,3.5723462,4.66798,3,1,2025-11-07 08:39:29.223365
766,4.628553,2.5658343,0,2,2025-11-07 08:39:29.223365
767,3.629068,4.486091,2,3,2025-11-07 08:39:29.223365
768,3.6179276,3.4877424,1,0,2025-11-07 08:39:29.224360
769,2.5477567,1.4456191,3,1,2025-11-07 08:39:29.224360
770,2.413915,4.5276604,0,2,2025-11-07 08:39:29.224360
771,3.4143775,3.7410386,2,3,2025-11-07 08:39:29.224360
772,2.3836641,1.7628745,1,0,2025-11-07 08:39:29.224360
773,1.394414,3.6966233,3,1,2025-11-07 08:39:29.224360
774,1.4704027,4.5387845,0,2,2025-11-07 08:39:29.225361
775,4.520152,1.5748096,2,3,2025-11-07 08:39:29.225361
776,4.5753837,2.6747344,1,0,2025-11-07 08:39:29.225361
777,3.6838698,4.588535,3,1,2025-11-07 08:39:29.225361
778,3.6591198,1.3984537,2,2,2025-11-07 08:39:29.225361
779,1.6201677,1.3968652,1,3,2025-11-07 08:39:29.226372
780,3.4531035,1.4792067,3,0,2025-11-07 08:39:29.226372
781,3.5035236,4.571743,0,1,2025-11-07 08:39:29.226372
782,2.5181956,2.5322976,2,2,2025-11-07 08:39:29.227363
783,3.6074595,4.534608,1,3,2025-11-07 08:39:29.227363
784,1.608196,3.427847,0,0,2025-11-07 08:39:29.228361
785,1.4660256,3.4967928,2,1,2025-11-07 08:39:29.228361
786,3.483681,3.4127529,1,2,2025-11-07 08:39:29.228361
787,1.5053023,1.4671254,3,3,2025-11-07 08:39:29.228361
788,2.4598365,4.4507384,0,0,2025-11-07 08:39:29.228361
789,2.4996827,2.4528787,2,1,2025-11-07 08:39:29.229949
790,1.5458295,3.4250536,1,2,2025-11-07 08:39:29.229949
791,4.526792,1.360445,3,3,2025-11-07 08:39:29.230932
792,2.4018016,3.489954,0,0,2025-11-07 08:39:29.231905
793,3.3579664,2.60579,2,1,2025-11-07 08:39:29.231905
794,3.3668327,1.656121,1,2,2025-11-07 08:39:29.232927
795,3.5389814,2.5970523,3,3,2025-11-07 08:39:29.232927
796,3.7663448,4.6876125,0,0,2025-11-07 08:39:29.233933
797,1.6200508,1.5530078,2,1,2025-11-07 08:39:29.233933
798,3.6234353,1.4687963,1,2,2025-11-07 08:39:29.233933
799,2.5869849,4.584629,0,3,2025-11-07 08:39:29.233933
800,3.4249473,2.4682066,2,0,2025-11-07 08:39:29.234930
801,3.5169718,3.409719,1,1,2025-11-07 08:39:29.234930
802,3.6039224,1.3047531,3,2,2025-11-07 08:39:29.234930
803,4.6790347,2.4070663,0,3,2025-11-07 08:39:29.235933
804,4.5383587,2.560458,1,0,2025-11-07 08:39:29.235933
805,1.5124437,2.6756778,2,1,2025-11-07 08:39:29.236938
806,2.5862842,4.4887786,3,2,2025-11-07 08:39:29.236938
807,4.701949,4.5911903,0,3,2025-11-07 08:39:29.236938
808,3.537207,2.5632865,2,0,2025-11-07 08:39:29.236938
809,2.5742724,4.552044,3,1,2025-11-07 08:39:29.237972
810,4.6264143,4.604205,0,2,2025-11-07 08:39:29.237972
811,4.578188,2.6010685,1,3,2025-11-07 08:39:29.237972
812,3.6040852,1.5353276,3,0,2025-11-07 08:39:29.238934
813,4.6115694,2.5418723,2,1,2025-11-07 08:39:29.238934
814,2.6421504,3.4656262,1,2,2025-11-07 08:39:29.238934
815,2.7250605,1.4168518,0,3,2025-11-07 08:39:29.239927
816,2.6269689,3.458979,3,0,2025-11-07 08:39:29.239927
817,4.590774,4.565034,1,1,2025-11-07 08:39:29.240446
818,4.5159063,1.4707849,2,2,2025-11-07 08:39:29.240446
819,2.4386156,2.4896085,0,3,2025-11-07 08:39:29.240446
820,3.518993,4.5180182,1,0,2025-11-07 08:39:29.240446
821,1.417635,1.5195463,3,1,2025-11-07 08:39:29.241465
822,2.408091,3.44737,0,2,2025-11-07 08:39:29.241465
823,4.476449,1.6867049,2,3,2025-11-07 08:39:29.241465
824,1.5452129,3.5345855,1,0,2025-11-07 08:39:29.241465
825,3.4512732,3.630222,0,1,2025-11-07 08:39:29.242479
826,4.4785023,1.5137696,2,2,2025-11-07 08:39:29.242479
827,3.5276217,4.5534163,3,3,2025-11-07 08:39:29.242479
828,3.4737015,1.6184003,1,0,2025-11-07 08:39:29.242479
829,3.5231662,3.4860728,0,1,2025-11-07 08:39:29.242479
830,1.5761273,2.4777942,2,2,2025-11-07 08:39:29.242479
831,3.5286372,1.6382083,1,3,2025-11-07 08:39:29.243478
832,4.4877453,1.4713106,3,0,2025-11-07 08:39:29.243478
833,3.6558096,1.4987929,0,1,2025-11-07 08:39:29.243478
834,4.761701,4.3986273,1,2,2025-11-07 08:39:29.243478
835,2.6534457,1.5159727,2,3,2025-11-07 08:39:29.243478
836,4.6873193,2.7131681,3,0,2025-11-07 08:39:29.243478
837,2.5929623,1.7053094,0,1,2025-11-07 08:39:29.244479
838,2.4249794,2.4286985,1,2,2025-11-07 08:39:29.244479
839,4.4350357,1.3770096,3,3,2025-11-07 08:39:29.244479
840,1.5388025,3.4257116,2,0,2025-11-07 08:39:29.244479
841,3.588043,2.5788593,0,1,2025-11-07 08:39:29.244479
842,4.5122547,3.3977594,3,2,2025-11-07 08:39:29.244479
843,3.5192275,3.3773189,1,3,2025-11-07 08:39:29.245480
844,3.4715962,4.3807726,2,0,2025-11-07 08:39:29.245480
845,4.536602,2.458989,0,1,2025-11-07 08:39:29.245480
846,2.6053367,2.3728542,3,2,2025-11-07 08:39:29.245480
847,4.713317,4.551495,1,3,2025-11-07 08:39:29.245480
848,2.603336,1.6165948,2,0,2025-11-07 08:39:29.245480
849,4.5368586,3.638909,3,1,2025-11-07 08:39:29.247076
850,2.5836825,2.6018522,0,2,2025-11-07 08:39:29.247076
851,2.6841233,2.5339653,1,3,2025-11-07 08:39:29.247076
852,4.703647,2.4810581,3,0,2025-11-07 08:39:29.248015
853,4.599936,2.644654,2,1,2025-11-07 08:39:29.248015
854,4.4741087,3.6315768,0,2,2025-11-07 08:39:29.248015
855,2.56177,4.589226,1,3,2025-11-07 08:39:29.248015
856,4.518457,2.5022798,3,0,2025-11-07 08:39:29.248015
857,4.583025,1.4404187,2,1,2025-11-07 08:39:29.249020
858,2.6649053,2.438658,0,2,2025-11-07 08:39:29.249020
859,2.5463903,2.5340717,3,3,2025-11-07 08:39:29.249020
860,2.4989765,2.455161,1,0,2025-11-07 08:39:29.249020
861,2.501469,4.511957,0,1,2025-11-07 08:39:29.249020
862,3.4510148,2.5155158,2,2,2025-11-07 08:39:29.249020
863,3.4725556,3.4835258,3,3,2025-11-07 08:39:29.250022
864,1.5651605,1.5490837,1,0,2025-11-07 08:39:29.250022
865,4.426218,2.4638293,2,1,2025-11-07 08:39:29.250538
866,4.442299,3.6088285,0,2,2025-11-07 08:39:29.250538
867,4.538197,1.5831132,3,3,2025-11-07 08:39:29.250538
868,3.6753879,1.5501062,1,0,2025-11-07 08:39:29.250538
869,1.5403501,1.5134429,2,1,2025-11-07 08:39:29.251559
870,2.5720696,4.3951626,0,2,2025-11-07 08:39:29.251559
871,3.706135,1.3881713,3,3,2025-11-07 08:39:29.251559
872,3.5595748,1.44926,1,0,2025-11-07 08:39:29.252589
873,4.685364,2.670919,2,1,2025-11-07 08:39:29.252589
874,3.8312263,2.68729,0,2,2025-11-07 08:39:29.253582
875,3.5518556,3.4865062,3,3,2025-11-07 08:39:29.253582
876,4.4916058,2.4539196,1,0,2025-11-07 08:39:29.253582
877,1.5697105,2.534638,2,1,2025-11-07 08:39:29.253582
878,2.6852431,3.4257283,0,2,2025-11-07 08:39:29.253582
879,1.5498908,2.563296,3,3,2025-11-07 08:39:29.253582
880,1.5082868,3.627971,2,0,2025-11-07 08:39:29.254600
881,2.6366076,2.5470927,1,1,2025-11-07 08:39:29.254600
882,1.4865661,2.560885,0,2,2025-11-07 08:39:29.254600
883,4.379719,3.499006,3,3,2025-11-07 08:39:29.254600
884,3.3733544,2.5782893,1,0,2025-11-07 08:39:29.254600
885,2.4559236,4.667701,2,1,2025-11-07 08:39:29.254600
886,1.4961512,1.4761748,0,2,2025-11-07 08:39:29.256582
887,3.6916065,2.5047207,3,3,2025-11-07 08:39:29.256582
888,3.6479402,3.623009,2,0,2025-11-07 08:39:29.256582
889,1.6309885,1.5187044,1,1,2025-11-07 08:39:29.256582
890,1.5710926,3.5261848,0,2,2025-11-07 08:39:29.256582
891,4.514244,1.6703054,3,3,2025-11-07 08:39:29.257587
892,4.335687,1.5411195,2,0,2025-11-07 08:39:29.257587
893,4.3852496,2.3870535,1,1,2025-11-07 08:39:29.257587
894,3.3963642,1.3900808,0,2,2025-11-07 08:39:29.257587
895,4.5400147,2.3614473,3,3,2025-11-07 08:39:29.258580
896,4.7095885,1.5645269,2,0,2025-11-07 08:39:29.258580
897,2.7479897,1.626601,1,1,2025-11-07 08:39:29.258580
898,3.6675615,4.5311394,0,2,2025-11-07 08:39:29.258580
899,3.7094038,2.3546484,3,3,2025-11-07 08:39:29.258580
900,4.5178204,1.4905794,2,0,2025-11-07 08:39:29.258580
901,2.5176575,1.5318906,1,1,2025-11-07 08:39:29.260096
902,1.465094,3.4897614,0,2,2025-11-07 08:39:29.260096
903,4.553778,4.4650087,2,3,2025-11-07 08:39:29.260096
904,2.5985467,4.4247966,3,0,2025-11-07 08:39:29.260096
905,3.6103966,4.406025,0,1,2025-11-07 08:39:29.261115
906,1.5157259,1.3227017,2,2,2025-11-07 08:39:29.261115
907,4.6105447,4.3497453,3,3,2025-11-07 08:39:29.261115
908,1.512438,2.289162,1,0,2025-11-07 08:39:29.261115
909,3.5631962,3.4748077,0,1,2025-11-07 08:39:29.262134
910,1.5503109,2.669761,3,2,2025-11-07 08:39:29.262134
911,4.493215,4.747987,2,3,2025-11-07 08:39:29.262134
912,2.6244643,4.597194,1,0,2025-11-07 08:39:29.263136
913,1.5588772,2.4913988,0,1,2025-11-07 08:39:29.263136
914,4.5033674,2.521748,2,2,2025-11-07 08:39:29.263136
915,4.4088387,1.4659376,3,3,2025-11-07 08:39:29.264142
916,3.4704654,1.4187416,1,0,2025-11-07 08:39:29.264142
917,4.609427,2.6182845,0,1,2025-11-07 08:39:29.264142
918,1.5396112,1.5912274,2,2,2025-11-07 08:39:29.264142
919,3.6160665,1.7542468,3,3,2025-11-07 08:39:29.265140
920,1.5500573,2.7269082,1,0,2025-11-07 08:39:29.265140
921,3.478172,1.6418053,2,1,2025-11-07 08:39:29.267134
922,3.5421658,4.628832,0,2,2025-11-07 08:39:29.267134
923,2.5176935,4.5909276,3,3,2025-11-07 08:39:29.267134
924,4.563636,2.604093,2,0,2025-11-07 08:39:29.267134
925,2.568312,1.6511425,0,1,2025-11-07 08:39:29.268131
926,1.5622355,4.648199,1,2,2025-11-07 08:39:29.268131
927,1.5167303,1.5498445,3,3,2025-11-07 08:39:29.268131
928,2.581408,3.4725645,2,0,2025-11-07 08:39:29.268131
929,3.5685763,2.450753,0,1,2025-11-07 08:39:29.268131
930,2.5161922,3.5704737,3,2,2025-11-07 08:39:29.269641
931,1.5217372,4.486084,1,3,2025-11-07 08:39:29.269641
932,4.6060057,4.490731,2,0,2025-11-07 08:39:29.269641
933,4.664155,2.602988,0,1,2025-11-07 08:39:29.270649
934,2.755437,4.503845,3,2,2025-11-07 08:39:29.270649
935,4.567996,1.3636022,2,3,2025-11-07 08:39:29.270649
936,3.4852142,1.3535302,1,0,2025-11-07 08:39:29.271651
937,2.5437558,3.448765,0,1,2025-11-07 08:39:29.271651
938,2.592407,3.392929,2,2,2025-11-07 08:39:29.271651
939,4.7246184,1.5186844,3,3,2025-11-07 08:39:29.271651
940,3.7393875,1.3886073,0,0,2025-11-07 08:39:29.272660
941,3.5521798,2.2679803,3,1,2025-11-07 08:39:29.273658
942,4.6417775,3.4424133,1,2,2025-11-07 08:39:29.273658
943,4.6387424,4.3607936,2,3,2025-11-07 08:39:29.273658
944,3.5793676,1.4247116,0,0,2025-11-07 08:39:29.273658
945,2.6796026,3.471349,1,1,2025-11-07 08:39:29.274660
946,3.5984232,3.5066893,3,2,2025-11-07 08:39:29.274660
947,3.5481997,1.5283118,2,3,2025-11-07 08:39:29.274660
948,4.6859155,1.3921156,0,0,2025-11-07 08:39:29.275661
949,2.6081712,3.5387993,1,1,2025-11-07 08:39:29.275661
950,1.61125,3.4408822,3,2,2025-11-07 08:39:29.276665
951,1.671036,4.441038,0,3,2025-11-07 08:39:29.276665
952,4.7267265,2.413345,2,0,2025-11-07 08:39:29.276665
953,3.6989722,2.5058157,1,1,2025-11-07 08:39:29.277677
954,4.5943666,2.4239109,0,2,2025-11-07 08:39:29.277677
955,2.5626588,3.402155,1,3,2025-11-07 08:39:29.277677
956,1.5428286,4.5313168,2,0,2025-11-07 08:39:29.278662
957,2.4783063,4.6364183,3,1,2025-11-07 08:39:29.278662
958,3.3974915,2.5225701,1,2,2025-11-07 08:39:29.278662
959,4.262835,3.4290383,0,3,2025-11-07 08:39:29.279661
960,2.3437777,2.3241928,2,0,2025-11-07 08:39:29.279661
961,4.437091,2.4080021,3,1,2025-11-07 08:39:29.280169
962,4.519601,1.5006545,1,2,2025-11-07 08:39:29.280169
963,2.5387602,3.5340276,0,3,2025-11-07 08:39:29.280169
964,1.6786158,3.628972,2,0,2025-11-07 08:39:29.281178
965,2.6164222,4.5052934,3,1,2025-11-07 08:39:29.281178
966,3.3676524,3.3743274,0,2,2025-11-07 08:39:29.281178
967,2.4264162,2.510529,1,3,2025-11-07 08:39:29.282195
968,1.5012147,3.5723782,2,0,2025-11-07 08:39:29.282195
969,1.6097653,2.506392,3,1,2025-11-07 08:39:29.282195
970,3.4270215,3.6259503,0,2,2025-11-07 08:39:29.282195
971,2.446742,4.553731,2,3,2025-11-07 08:39:29.283194
972,4.484644,1.5086172,1,0,2025-11-07 08:39:29.283194
973,2.573613,3.5103245,3,1,2025-11-07 08:39:29.283194
974,4.5662785,4.6659174,0,2,2025-11-07 08:39:29.284194
975,3.6575794,1.593222,2,3,2025-11-07 08:39:29.284194
976,1.4845083,4.661148,3,0,2025-11-07 08:39:29.284194
977,2.444099,2.5677338,0,1,2025-11-07 08:39:29.284194
978,4.537646,2.5368207,1,2,2025-11-07 08:39:29.285192
979,2.4893224,4.5256567,2,3,2025-11-07 08:39:29.285192
980,2.4976664,1.5190066,3,0,2025-11-07 08:39:29.285192
981,2.546448,2.6238446,0,1,2025-11-07 08:39:29.286188
982,2.6040595,4.581039,1,2,2025-11-07 08:39:29.286188
983,4.6657596,4.309311,3,3,2025-11-07 08:39:29.286188
984,2.6247637,1.4166446,2,0,2025-11-07 08:39:29.286188
985,4.5777664,1.5081201,1,1,2025-11-07 08:39:29.287190
986,3.5433223,2.4745412,3,2,2025-11-07 08:39:29.287190
987,3.6434865,4.415192,0,3,2025-11-07 08:39:29.287190
988,3.6736825,4.531806,2,0,2025-11-07 08:39:29.288190
989,4.691644,4.4927454,1,1,2025-11-07 08:39:29.288190
990,2.6474454,1.5210197,3,2,2025-11-07 08:39:29.288190
991,1.7251652,1.4181578,0,3,2025-11-07 08:39:29.288190
992,2.6148467,2.4165714,2,0,2025-11-07 08:39:29.288190
993,1.5587525,2.3644018,1,1,2025-11-07 08:39:29.289706
994,4.4601016,4.475961,3,2,2025-11-07 08:39:29.289816
995,2.3895032,4.628607,0,3,2025-11-07 08:39:29.289816
996,3.565529,3.584735,2,0,2025-11-07 08:39:29.289816
997,4.627429,1.6357403,1,1,2025-11-07 08:39:29.289816
998,2.6307635,3.6432893,3,2,2025-11-07 08:39:29.289816
999,3.6287675,1.6417713,0,3,2025-11-07 08:39:29.289816
1000,2.4982383,3.6559272,2,0,2025-11-07 08:39:29.294831
1001,4.5931034,4.5683613,1,1,2025-11-07 08:39:29.294831
1002,1.5633024,1.4469483,3,2,2025-11-07 08:39:29.294831
1003,4.4890485,2.510235,0,3,2025-11-07 08:39:29.294831
1004,2.6154106,3.5633802,2,0,2025-11-07 08:39:29.294831
1005,1.5178415,4.5748043,3,1,2025-11-07 08:39:29.294831
1006,3.521494,4.5608635,1,2,2025-11-07 08:39:29.294831
1007,3.633144,2.5817306,0,3,2025-11-07 08:39:29.294831
1008,2.6083794,1.5222,2,0,2025-11-07 08:39:29.294831
1009,2.4553664,2.3280613,3,1,2025-11-07 08:39:29.294831
1010,2.4157538,2.4529667,1,2,2025-11-07 08:39:29.294831
1011,1.4765399,3.6841211,0,3,2025-11-07 08:39:29.294831
1012,2.5119443,3.6414866,2,0,2025-11-07 08:39:29.294831
1013,2.5774553,1.5417125,3,1,2025-11-07 08:39:29.294831
1014,4.6079006,1.4500134,1,2,2025-11-07 08:39:29.294831
1015,1.5720894,1.4844068,0,3,2025-11-07 08:39:29.294831
1016,1.5080174,4.425183,3,0,2025-11-07 08:39:29.294831
1017,2.4892135,3.5915434,2,1,2025-11-07 08:39:29.294831
1018,2.5190296,1.6571554,1,2,2025-11-07 08:39:29.294831
1019,2.510164,3.5937095,0,3,2025-11-07 08:39:29.294831
1020,3.5283105,2.5832472,3,0,2025-11-07 08:39:29.299846
1021,4.4552517,1.6972826,2,1,2025-11-07 08:39:29.299846
1022,1.4580812,1.7429314,1,2,2025-11-07 08:39:29.299846
1023,1.4312034,4.604291,0,3,2025-11-07 08:39:29.299846
1024,4.4900117,3.4439914,3,0,2025-11-07 08:39:29.299846
1025,3.6179514,1.5632577,2,1,2025-11-07 08:39:29.299846
1026,2.5437312,3.5567434,1,2,2025-11-07 08:39:29.299846
1027,3.4226906,1.642862,3,3,2025-11-07 08:39:29.299846
1028,4.540545,1.5897622,0,0,2025-11-07 08:39:29.299846
1029,1.4967344,1.5165001,2,1,2025-11-07 08:39:29.299846
1030,2.4906363,2.473823,1,2,2025-11-07 08:39:29.299846
1031,1.615207,3.5344975,3,3,2025-11-07 08:39:29.299846
1032,1.629271,1.5159754,0,0,2025-11-07 08:39:29.299846
1033,2.5742366,1.5234342,3,1,2025-11-07 08:39:29.299846
1034,1.5653918,4.3320723,2,2,2025-11-07 08:39:29.299846
1035,2.5190988,1.4313169,1,3,2025-11-07 08:39:29.299846
1036,2.524862,1.3927926,0,0,2025-11-07 08:39:29.299846
1037,3.5118957,2.263524,2,1,2025-11-07 08:39:29.299846
1038,1.6565058,2.3790307,3,2,2025-11-07 08:39:29.299846
1039,2.5276132,1.3436453,0,3,2025-11-07 08:39:29.299846
1040,4.563421,2.261689,1,0,2025-11-07 08:39:29.299846
1041,3.7459912,4.4883304,2,1,2025-11-07 08:39:29.299846
1042,4.6192274,4.613335,3,2,2025-11-07 08:39:29.299846
1043,4.5700006,1.567915,0,3,2025-11-07 08:39:29.299846
1044,4.481179,3.4909134,1,0,2025-11-07 08:39:29.304908
1045,1.357156,4.2785535,2,1,2025-11-07 08:39:29.304908
1046,1.341514,2.500002,3,2,2025-11-07 08:39:29.304908
1047,1.4718745,3.4166625,0,3,2025-11-07 08:39:29.304908
1048,1.4975451,3.6120236,1,0,2025-11-07 08:39:29.304908
1049,4.609397,3.4375708,2,1,2025-11-07 08:39:29.304908
1050,3.6197069,3.4565344,3,2,2025-11-07 08:39:29.304908
1051,2.4508018,3.3687468,2,3,2025-11-07 08:39:29.304908
1052,4.5327573,4.5764365,1,0,2025-11-07 08:39:29.304908
1053,4.6822195,1.6100143,0,1,2025-11-07 08:39:29.304908
1054,3.6467898,4.6089697,1,2,2025-11-07 08:39:29.304908
1055,1.5411726,1.4629827,3,3,2025-11-07 08:39:29.304908
1056,4.362016,3.4210393,0,0,2025-11-07 08:39:29.304908
1057,3.3763375,4.4288764,1,1,2025-11-07 08:39:29.304908
1058,4.4031773,3.37301,2,2,2025-11-07 08:39:29.304908
1059,3.3541465,2.465217,3,3,2025-11-07 08:39:29.304908
1060,1.4826863,4.680805,0,0,2025-11-07 08:39:29.304908
1061,4.458268,4.6051083,1,1,2025-11-07 08:39:29.304908
1062,4.361939,4.4800777,2,2,2025-11-07 08:39:29.304908
1063,3.4760978,2.4673777,3,3,2025-11-07 08:39:29.304908
1064,2.4859507,2.610811,0,0,2025-11-07 08:39:29.304908
1065,2.5576549,2.7149227,1,1,2025-11-07 08:39:29.304908
1066,4.577909,4.6582594,2,2,2025-11-07 08:39:29.304908
1067,1.4894607,3.5734286,3,3,2025-11-07 08:39:29.304908
1068,2.490733,2.5325227,0,0,2025-11-07 08:39:29.304908
1069,2.588913,4.5095325,1,1,2025-11-07 08:39:29.304908
1070,3.649927,1.4323109,2,2,2025-11-07 08:39:29.309998
1071,4.427235,2.4810596,1,3,2025-11-07 08:39:29.311458
1072,4.372093,3.5262334,3,0,2025-11-07 08:39:29.312473
1073,4.4766164,4.618042,0,1,2025-11-07 08:39:29.312473
1074,3.665945,2.5779004,2,2,2025-11-07 08:39:29.313082
1075,3.5111907,2.5511649,1,3,2025-11-07 08:39:29.313082
1076,1.3774791,3.4754786,0,0,2025-11-07 08:39:29.313670
1077,3.3365798,3.3008895,3,1,2025-11-07 08:39:29.314480
1078,4.497301,4.3576136,2,2,2025-11-07 08:39:29.314480
1079,4.6317987,4.480825,1,3,2025-11-07 08:39:29.315370
1080,4.5926023,2.5316515,0,0,2025-11-07 08:39:29.315370
1081,4.4544363,3.5275664,2,1,2025-11-07 08:39:29.316422
1082,3.4255166,4.5389395,3,2,2025-11-07 08:39:29.317461
1083,1.4285531,3.4172928,0,3,2025-11-07 08:39:29.319447
1084,3.4734747,2.2690146,1,0,2025-11-07 08:39:29.319962
1085,1.4592996,2.296981,2,1,2025-11-07 08:39:29.321362
1086,2.5623853,4.350176,3,2,2025-11-07 08:39:29.321362
1087,3.5569375,4.584415,1,3,2025-11-07 08:39:29.321362
1088,2.4932187,4.6224246,0,0,2025-11-07 08:39:29.321362
1089,2.491158,1.5706936,2,1,2025-11-07 08:39:29.321362
1090,4.607276,3.4952207,3,2,2025-11-07 08:39:29.321362
1091,4.4669747,2.5273387,1,3,2025-11-07 08:39:29.321362
1092,4.5416903,4.7037416,0,0,2025-11-07 08:39:29.321362
1093,4.5754275,1.6131576,3,1,2025-11-07 08:39:29.321362
1094,1.4881878,2.6097755,2,2,2025-11-07 08:39:29.321362
1095,4.4415126,4.410277,1,3,2025-11-07 08:39:29.321362
1096,1.503868,2.514962,0,0,2025-11-07 08:39:29.321362
1097,4.549175,4.5087557,3,1,2025-11-07 08:39:29.321362
1098,2.6018898,4.5814037,2,2,2025-11-07 08:39:29.321362
1099,3.6801026,3.6782165,1,3,2025-11-07 08:39:29.321362
1100,1.6336164,3.502761,0,0,2025-11-07 08:39:29.321362
1101,1.6796267,3.5922208,3,1,2025-11-07 08:39:29.321362
1102,4.64368,1.4515221,1,2,2025-11-07 08:39:29.321362
1103,1.7242218,2.5138977,0,3,2025-11-07 08:39:29.321362
1104,4.8049335,1.43981,2,0,2025-11-07 08:39:29.321362
1105,1.572964,1.4460541,3,1,2025-11-07 08:39:29.321362
1106,4.427634,4.3730135,1,2,2025-11-07 08:39:29.321362
1107,1.4710641,4.48872,2,3,2025-11-07 08:39:29.321362
1108,3.4604,4.712477,3,0,2025-11-07 08:39:29.321362
1109,1.6741984,3.5128787,0,1,2025-11-07 08:39:29.321362
1110,2.4630885,1.4663534,1,2,2025-11-07 08:39:29.321362
1111,1.5544727,1.3417766,2,3,2025-11-07 08:39:29.321362
1112,4.641112,4.492289,3,0,2025-11-07 08:39:29.321362
1113,1.5466595,1.5488572,0,1,2025-11-07 08:39:29.321362
1114,2.4842207,4.4794765,1,2,2025-11-07 08:39:29.321362
1115,1.5400983,1.33445,3,3,2025-11-07 08:39:29.321362
1116,1.5360115,4.3548064,2,0,2025-11-07 08:39:29.321362
1117,4.3336034,2.5500927,0,1,2025-11-07 08:39:29.321362
1118,2.290261,2.7187128,3,2,2025-11-07 08:39:29.321362
1119,3.4948242,3.7039714,1,3,2025-11-07 08:39:29.321362
1120,3.4928837,1.6560886,2,0,2025-11-07 08:39:29.321362
1121,4.608146,1.6695086,0,1,2025-11-07 08:39:29.321362
1122,1.5303807,1.5900173,3,2,2025-11-07 08:39:29.321362
1123,2.4839067,2.534013,1,3,2025-11-07 08:39:29.321362
1124,1.3938249,4.350963,2,0,2025-11-07 08:39:29.321362
1125,4.526583,4.4476323,3,1,2025-11-07 08:39:29.321362
1126,3.8134105,1.5827308,0,2,2025-11-07 08:39:29.329874
1127,3.7676826,1.5355651,1,3,2025-11-07 08:39:29.329874
1128,2.6739025,3.4200723,2,0,2025-11-07 08:39:29.329874
1129,4.593988,4.3651133,0,1,2025-11-07 08:39:29.329874
1130,2.5855396,4.5138903,3,2,2025-11-07 08:39:29.329874
1131,1.4793766,1.6356194,1,3,2025-11-07 08:39:29.329874
1132,4.488233,1.3543541,2,0,2025-11-07 08:39:29.331416
1133,4.6731906,3.2829795,0,1,2025-11-07 08:39:29.331416
1134,1.8548791,4.501319,3,2,2025-11-07 08:39:29.331416
1135,3.7914324,3.5064585,2,3,2025-11-07 08:39:29.331416
1136,4.585315,3.4177477,1,0,2025-11-07 08:39:29.331416
1137,3.4700227,4.463233,0,1,2025-11-07 08:39:29.331416
1138,3.4598434,3.5366037,2,2,2025-11-07 08:39:29.331416
1139,4.5004597,3.4813788,3,3,2025-11-07 08:39:29.331416
1140,4.4135985,4.4541354,1,0,2025-11-07 08:39:29.331416
1141,4.440468,3.345471,0,1,2025-11-07 08:39:29.331416
1142,1.4801943,4.3222046,2,2,2025-11-07 08:39:29.336237
1143,4.5728364,1.430229,3,3,2025-11-07 08:39:29.338285
1144,1.484227,1.5749002,1,0,2025-11-07 08:39:29.338285
1145,3.3851528,1.524409,0,1,2025-11-07 08:39:29.338285
1146,1.4724636,4.431927,2,2,2025-11-07 08:39:29.339801
1147,3.5131977,2.5111656,3,3,2025-11-07 08:39:29.339801
1148,3.511207,1.6278939,1,0,2025-11-07 08:39:29.339801
1149,4.5094404,2.625323,2,1,2025-11-07 08:39:29.339801
1150,1.7164319,3.5457761,0,2,2025-11-07 08:39:29.341816
1151,1.7457479,2.5818465,1,3,2025-11-07 08:39:29.342410
1152,3.6858325,3.6859047,3,0,2025-11-07 08:39:29.343177
1153,2.5963316,2.472819,2,1,2025-11-07 08:39:29.343177
1154,3.6474266,2.3319087,0,2,2025-11-07 08:39:29.344201
1155,2.521333,2.5172954,3,3,2025-11-07 08:39:29.344503
1156,1.5900451,2.5615604,1,0,2025-11-07 08:39:29.344503
1157,4.5532136,1.532702,2,1,2025-11-07 08:39:29.344503
1158,4.4871273,4.4459867,0,2,2025-11-07 08:39:29.344503
1159,3.4882226,2.5475507,3,3,2025-11-07 08:39:29.344503
1160,3.6422288,4.526202,1,0,2025-11-07 08:39:29.344503
1161,3.499506,1.357198,0,1,2025-11-07 08:39:29.344503
1162,4.586868,4.5922556,2,2,2025-11-07 08:39:29.347021
1163,4.5095716,3.5416443,1,3,2025-11-07 08:39:29.347021
1164,4.535283,1.4327314,3,0,2025-11-07 08:39:29.347021
1165,2.5527532,4.3113937,0,1,2025-11-07 08:39:29.347021
1166,1.4918678,1.4182705,2,2,2025-11-07 08:39:29.347021
1167,3.5824199,1.4779792,3,3,2025-11-07 08:39:29.347021
1168,2.5746155,4.537402,1,0,2025-11-07 08:39:29.347021
1169,2.560583,3.421751,0,1,2025-11-07 08:39:29.347021
1170,4.509215,2.2839775,3,2,2025-11-07 08:39:29.347021
1171,4.408223,1.4598601,2,3,2025-11-07 08:39:29.347021
1172,4.4308076,2.490079,0,0,2025-11-07 08:39:29.350065
1173,4.434776,2.5668468,3,1,2025-11-07 08:39:29.350065
1174,3.5726483,1.4864578,1,2,2025-11-07 08:39:29.350065
1175,1.4642825,3.4591563,2,3,2025-11-07 08:39:29.350065
1176,4.5805483,2.4151156,0,0,2025-11-07 08:39:29.350065
1177,2.7140229,1.5576448,3,1,2025-11-07 08:39:29.350065
1178,1.4888809,2.566926,1,2,2025-11-07 08:39:29.350065
1179,4.3772154,4.469912,2,3,2025-11-07 08:39:29.350065
1180,2.4736953,1.5737848,0,0,2025-11-07 08:39:29.350065
1181,4.5020604,3.5820045,3,1,2025-11-07 08:39:29.352696
1182,2.4581249,2.4730363,1,2,2025-11-07 08:39:29.353712
1183,3.4385467,2.4794264,2,3,2025-11-07 08:39:29.354720
1184,3.517332,4.3809104,0,0,2025-11-07 08:39:29.354720
1185,3.4303508,2.4221253,1,1,2025-11-07 08:39:29.354720
1186,2.4719524,1.5283422,3,2,2025-11-07 08:39:29.354720
1187,3.5450363,3.408804,2,3,2025-11-07 08:39:29.354720
1188,2.5881226,1.3696322,0,0,2025-11-07 08:39:29.354720
1189,2.6211011,2.36348,3,1,2025-11-07 08:39:29.354720
1190,1.6644263,2.5129156,1,2,2025-11-07 08:39:29.354720
1191,4.56886,2.5476298,2,3,2025-11-07 08:39:29.354720
1192,2.5663037,2.4975579,0,0,2025-11-07 08:39:29.354720
1193,4.609848,4.485038,1,1,2025-11-07 08:39:29.354720
1194,2.542746,2.5604897,3,2,2025-11-07 08:39:29.354720
1195,4.575796,1.7172259,0,3,2025-11-07 08:39:29.354720
1196,4.4829264,3.5827134,1,0,2025-11-07 08:39:29.354720
1197,3.4776556,1.5611813,2,1,2025-11-07 08:39:29.354720
1198,1.3065736,2.4940186,3,2,2025-11-07 08:39:29.359848
1199,1.448184,3.5576336,0,3,2025-11-07 08:39:29.359848
1200,3.4648485,1.5537009,1,0,2025-11-07 08:39:29.359848
1201,1.5391562,1.3039508,2,1,2025-11-07 08:39:29.359848
1202,2.7036443,1.3777893,3,2,2025-11-07 08:39:29.359848
1203,1.7500163,2.2797618,0,3,2025-11-07 08:39:29.359848
1204,2.5871155,3.5382516,3,0,2025-11-07 08:39:29.359848
1205,1.5033762,4.564813,2,1,2025-11-07 08:39:29.359848
1206,3.5255377,4.5964255,1,2,2025-11-07 08:39:29.359848
1207,3.4756205,3.4946063,0,3,2025-11-07 08:39:29.359848
1208,2.5834305,3.6080267,3,0,2025-11-07 08:39:29.359848
1209,2.668978,2.709144,2,1,2025-11-07 08:39:29.359848
1210,1.6618168,3.6077769,1,2,2025-11-07 08:39:29.359848
1211,4.6495814,1.4890848,0,3,2025-11-07 08:39:29.359848
1212,3.592146,3.4835737,3,0,2025-11-07 08:39:29.363865
1213,1.6389792,1.4634807,2,1,2025-11-07 08:39:29.363865
1214,1.6058228,4.6656184,1,2,2025-11-07 08:39:29.363865
1215,1.5952337,1.4591587,0,3,2025-11-07 08:39:29.363865
1216,1.4774678,2.4928222,3,0,2025-11-07 08:39:29.363865
1217,1.4064646,1.6129405,2,1,2025-11-07 08:39:29.363865
1218,4.389932,2.6958163,1,2,2025-11-07 08:39:29.363865
1219,3.5304036,1.5776442,0,3,2025-11-07 08:39:29.363865
1220,2.4415846,4.620833,2,0,2025-11-07 08:39:29.363865
1221,3.6588874,1.6549993,3,1,2025-11-07 08:39:29.363865
1222,4.5657773,3.6786945,1,2,2025-11-07 08:39:29.363865
1223,1.6209393,4.687032,0,3,2025-11-07 08:39:29.363865
1224,3.6080933,3.7355518,2,0,2025-11-07 08:39:29.363865
1225,2.5672045,4.5850253,3,1,2025-11-07 08:39:29.363865
1226,3.4123895,1.6839969,0,2,2025-11-07 08:39:29.363865
1227,3.3158636,3.5404801,2,3,2025-11-07 08:39:29.363865
1228,4.465929,3.536716,1,0,2025-11-07 08:39:29.363865
1229,1.6070273,1.4198954,3,1,2025-11-07 08:39:29.363865
1230,3.6267319,4.654408,2,2,2025-11-07 08:39:29.363865
1231,1.690314,1.4707484,0,3,2025-11-07 08:39:29.363865
1232,1.7838125,1.5485988,1,0,2025-11-07 08:39:29.363865
1233,4.6842656,4.5078144,3,1,2025-11-07 08:39:29.363865
1234,1.6781309,4.4886947,0,2,2025-11-07 08:39:29.371162
1235,2.5445046,1.501962,2,3,2025-11-07 08:39:29.372181
1236,2.5084581,4.382264,3,0,2025-11-07 08:39:29.372181
1237,2.3962982,1.5496767,0,1,2025-11-07 08:39:29.372181
1238,1.5505124,2.502306,1,2,2025-11-07 08:39:29.373199
1239,4.5196285,3.5722558,2,3,2025-11-07 08:39:29.373199
1240,3.6632156,3.515481,3,0,2025-11-07 08:39:29.373199
1241,3.4343657,3.4883435,0,1,2025-11-07 08:39:29.374198
1242,1.4304731,2.4643495,1,2,2025-11-07 08:39:29.374198
1243,2.61511,2.3908353,2,3,2025-11-07 08:39:29.374198
1244,4.6009645,4.3649564,3,0,2025-11-07 08:39:29.374198
1245,2.5098867,1.5505801,1,1,2025-11-07 08:39:29.375196
1246,3.5692081,3.566844,0,2,2025-11-07 08:39:29.375196
1247,1.5946727,2.6079066,2,3,2025-11-07 08:39:29.375196
1248,4.42826,2.5107572,3,0,2025-11-07 08:39:29.375196
1249,3.4265757,3.414665,0,1,2025-11-07 08:39:29.376194
1250,4.5618553,4.543488,1,2,2025-11-07 08:39:29.376194
1251,3.587652,1.646603,2,3,2025-11-07 08:39:29.376194
1252,3.5222225,3.6089163,3,0,2025-11-07 08:39:29.377197
1253,4.495268,3.5618546,0,1,2025-11-07 08:39:29.377197
1254,2.4738266,3.6143465,2,2,2025-11-07 08:39:29.377197
1255,2.4120135,3.523337,1,3,2025-11-07 08:39:29.378197
1256,3.50273,3.5447886,0,0,2025-11-07 08:39:29.378197
1257,3.543109,2.7943892,3,1,2025-11-07 08:39:29.378197
1258,2.6412883,1.6376009,2,2,2025-11-07 08:39:29.378197
1259,1.5016491,2.6060033,0,3,2025-11-07 08:39:29.378197
1260,3.4672358,2.6046834,1,0,2025-11-07 08:39:29.379770
1261,3.3892612,3.6316419,3,1,2025-11-07 08:39:29.379770
1262,4.371988,3.6113405,2,2,2025-11-07 08:39:29.379770
1263,1.3437065,1.6630237,0,3,2025-11-07 08:39:29.380729
1264,4.3641005,4.6767535,1,0,2025-11-07 08:39:29.380729
1265,1.426429,4.69843,3,1,2025-11-07 08:39:29.380729
1266,3.48528,2.5879836,2,2,2025-11-07 08:39:29.380729
1267,3.6761324,2.6770275,0,3,2025-11-07 08:39:29.381730
1268,2.6776898,3.6206286,1,0,2025-11-07 08:39:29.381730
1269,1.5880772,2.59865,3,1,2025-11-07 08:39:29.381730
1270,1.542524,4.562729,2,2,2025-11-07 08:39:29.382743
1271,1.5407244,1.6371329,0,3,2025-11-07 08:39:29.382743
1272,3.638574,1.4516785,3,0,2025-11-07 08:39:29.382743
1273,1.6751904,1.396691,1,1,2025-11-07 08:39:29.382743
1274,1.6463951,2.4142814,2,2,2025-11-07 08:39:29.383743
1275,4.563091,3.4235928,3,3,2025-11-07 08:39:29.383743
1276,3.5394173,1.4797864,0,0,2025-11-07 08:39:29.383743
1277,1.5987395,2.5301204,2,1,2025-11-07 08:39:29.383743
1278,1.4229369,1.4943979,1,2,2025-11-07 08:39:29.384745
1279,1.5031215,4.6792693,0,3,2025-11-07 08:39:29.384745
1280,2.6823337,4.628681,3,0,2025-11-07 08:39:29.384745
1281,3.5659432,4.67322,2,1,2025-11-07 08:39:29.385779
1282,1.6105487,4.540788,1,2,2025-11-07 08:39:29.385779
1283,1.4730542,3.575829,0,3,2025-11-07 08:39:29.385779
1284,1.4938331,1.6634828,3,0,2025-11-07 08:39:29.386753
1285,1.6236147,4.575287,2,1,2025-11-07 08:39:29.386753
1286,2.7821472,3.4751623,1,2,2025-11-07 08:39:29.386753
1287,1.6860906,2.5880609,0,3,2025-11-07 08:39:29.387747
1288,2.584819,1.4740019,2,0,2025-11-07 08:39:29.387747
1289,4.6083107,3.477487,3,1,2025-11-07 08:39:29.387747
1290,1.5153385,1.5006177,0,2,2025-11-07 08:39:29.388744
1291,4.554801,4.598448,2,3,2025-11-07 08:39:29.388744
1292,3.5032632,3.5154624,1,0,2025-11-07 08:39:29.388744
1293,1.4566133,3.4442887,3,1,2025-11-07 08:39:29.388744
1294,4.4997587,1.4291601,0,2,2025-11-07 08:39:29.389743
1295,4.5019383,2.474547,1,3,2025-11-07 08:39:29.389743
1296,2.461485,3.525813,3,0,2025-11-07 08:39:29.389743
1297,1.6096953,2.5850735,2,1,2025-11-07 08:39:29.390253
1298,2.605442,3.544434,0,2,2025-11-07 08:39:29.390253
1299,4.5320215,4.6250644,3,3,2025-11-07 08:39:29.390253
1300,3.5645916,2.6318328,1,0,2025-11-07 08:39:29.391266
1301,2.6065664,1.6530005,2,1,2025-11-07 08:39:29.391266
1302,4.4633274,2.567055,0,2,2025-11-07 08:39:29.391266
1303,3.4439018,3.5681477,1,3,2025-11-07 08:39:29.391266
1304,1.3391209,2.4342487,3,0,2025-11-07 08:39:29.392277
1305,2.609208,1.6162794,2,1,2025-11-07 08:39:29.392277
1306,4.5229836,3.5667357,1,2,2025-11-07 08:39:29.392277
1307,3.5300972,4.4854884,0,3,2025-11-07 08:39:29.392277
1308,3.4933648,1.3790262,3,0,2025-11-07 08:39:29.393277
1309,3.6159456,3.181302,2,1,2025-11-07 08:39:29.393277
1310,1.5837679,4.379286,1,2,2025-11-07 08:39:29.393277
1311,1.6078756,4.3885117,0,3,2025-11-07 08:39:29.393277
1312,4.537574,2.6244388,2,0,2025-11-07 08:39:29.394277
1313,4.603986,2.538801,1,1,2025-11-07 08:39:29.394277
1314,1.5406945,1.4865491,3,2,2025-11-07 08:39:29.394277
1315,1.592282,3.4997811,0,3,2025-11-07 08:39:29.394277
1316,4.484555,1.4544253,1,0,2025-11-07 08:39:29.395277
1317,4.397142,3.587709,2,1,2025-11-07 08:39:29.395277
1318,3.5696537,4.4715858,3,2,2025-11-07 08:39:29.395277
1319,4.4846525,3.387164,0,3,2025-11-07 08:39:29.395277
1320,2.5575724,1.5541484,1,0,2025-11-07 08:39:29.396279
1321,4.72414,3.5011096,2,1,2025-11-07 08:39:29.396279
1322,4.6514854,1.4425902,3,2,2025-11-07 08:39:29.396279
1323,1.5560329,1.3492649,1,3,2025-11-07 08:39:29.396279
1324,2.6506555,2.5401008,0,0,2025-11-07 08:39:29.397280
1325,3.6583645,4.713412,3,1,2025-11-07 08:39:29.397280
1326,2.7474337,2.5583355,2,2,2025-11-07 08:39:29.397280
1327,2.6241248,2.4148111,1,3,2025-11-07 08:39:29.397280
1328,4.5082498,2.4711196,0,0,2025-11-07 08:39:29.398284
1329,2.5326264,4.27558,3,1,2025-11-07 08:39:29.398284
1330,2.5069375,3.4482493,2,2,2025-11-07 08:39:29.398284
1331,4.5067863,4.5267105,1,3,2025-11-07 08:39:29.398284
1332,3.5516515,2.4726822,3,0,2025-11-07 08:39:29.398284
1333,3.8084402,3.5591362,0,1,2025-11-07 08:39:29.398284
1334,3.687437,4.4440923,2,2,2025-11-07 08:39:29.399799
1335,3.5669308,3.4455712,1,3,2025-11-07 08:39:29.399799
1336,4.431692,1.4918423,0,0,2025-11-07 08:39:29.399799
1337,3.5805302,1.5900404,3,1,2025-11-07 08:39:29.399799
1338,3.6806748,3.6494267,2,2,2025-11-07 08:39:29.400814
1339,3.6620057,4.5457287,1,3,2025-11-07 08:39:29.400814
1340,3.7127016,1.4793277,0,0,2025-11-07 08:39:29.400814
1341,4.664492,1.4782476,2,1,2025-11-07 08:39:29.400814
1342,2.492123,4.6017265,1,2,2025-11-07 08:39:29.401816
1343,2.5064316,2.6310785,0,3,2025-11-07 08:39:29.401816
1344,3.6483562,3.5163841,3,0,2025-11-07 08:39:29.401816
1345,1.6396136,2.547859,2,1,2025-11-07 08:39:29.402790
1346,4.600645,3.6273613,1,2,2025-11-07 08:39:29.402790
1347,3.676972,2.5562036,0,3,2025-11-07 08:39:29.403804
1348,1.748664,2.7190235,3,0,2025-11-07 08:39:29.403804
1349,1.7046237,3.5102484,2,1,2025-11-07 08:39:29.403804
1350,4.6994247,3.401733,3,2,2025-11-07 08:39:29.404803
1351,2.6602316,1.4432877,0,3,2025-11-07 08:39:29.404803
1352,1.5862418,3.4545538,1,0,2025-11-07 08:39:29.404803
1353,1.4302998,3.3606062,3,1,2025-11-07 08:39:29.404803
1354,4.467722,4.2950997,0,2,2025-11-07 08:39:29.405801
1355,4.53433,4.2938476,2,3,2025-11-07 08:39:29.405801
1356,3.5728967,1.5280992,1,0,2025-11-07 08:39:29.405801
1357,2.5883403,3.6958847,3,1,2025-11-07 08:39:29.405801
1358,3.611433,4.755464,2,2,2025-11-07 08:39:29.406804
1359,1.7236992,4.550124,0,3,2025-11-07 08:39:29.406804
1360,2.5941741,1.4779509,1,0,2025-11-07 08:39:29.406804
1361,1.5145972,4.431368,3,1,2025-11-07 08:39:29.407801
1362,3.4394038,1.3885932,2,2,2025-11-07 08:39:29.407801
1363,2.472497,3.4115512,1,3,2025-11-07 08:39:29.407801
1364,1.6367068,3.4913054,0,0,2025-11-07 08:39:29.407801
1365,1.4556036,4.531414,3,1,2025-11-07 08:39:29.408815
1366,2.3480504,2.5573537,1,2,2025-11-07 08:39:29.408815
1367,1.4297781,4.6326194,2,3,2025-11-07 08:39:29.409808
1368,4.5887218,2.643996,0,0,2025-11-07 08:39:29.410321
1369,3.6451404,4.686252,3,1,2025-11-07 08:39:29.410321
1370,3.421286,3.5526667,1,2,2025-11-07 08:39:29.410321
1371,3.4443126,4.7200985,2,3,2025-11-07 08:39:29.411333
1372,3.5663452,2.6576865,0,0,2025-11-07 08:39:29.411333
1373,4.500375,1.5419507,3,1,2025-11-07 08:39:29.411333
1374,1.4880471,1.3514603,1,2,2025-11-07 08:39:29.411333
1375,2.5058966,2.3899798,0,3,2025-11-07 08:39:29.412345
1376,4.5181694,3.5238924,3,0,2025-11-07 08:39:29.412345
1377,4.749677,2.597179,2,1,2025-11-07 08:39:29.412345
1378,2.6099942,2.6152549,1,2,2025-11-07 08:39:29.413345
1379,2.602305,1.5756837,0,3,2025-11-07 08:39:29.413345
1380,1.5069027,2.5927327,3,0,2025-11-07 08:39:29.413345
1381,2.516592,4.5550933,2,1,2025-11-07 08:39:29.413345
1382,3.4787369,2.596014,1,2,2025-11-07 08:39:29.414345
1383,3.3996282,4.5330186,0,3,2025-11-07 08:39:29.414345
1384,4.605351,3.5400326,3,0,2025-11-07 08:39:29.414345
1385,4.5652757,1.6292537,2,1,2025-11-07 08:39:29.414345
1386,1.4992714,3.5622342,1,2,2025-11-07 08:39:29.415346
1387,1.5496408,3.4847717,0,3,2025-11-07 08:39:29.415346
1388,1.5866587,2.4644525,2,0,2025-11-07 08:39:29.415346
1389,4.572469,1.5706093,3,1,2025-11-07 08:39:29.416351
1390,4.591093,3.416925,1,2,2025-11-07 08:39:29.416351
1391,2.4908977,3.438249,0,3,2025-11-07 08:39:29.416351
1392,4.384059,3.5254078,3,0,2025-11-07 08:39:29.417351
1393,1.4202056,3.6440191,2,1,2025-11-07 08:39:29.417351
1394,2.6429262,2.5010118,1,2,2025-11-07 08:39:29.417351
1395,1.6242018,1.448842,0,3,2025-11-07 08:39:29.417351
1396,3.5956364,3.441899,3,0,2025-11-07 08:39:29.418348
1397,4.5870852,3.502694,2,1,2025-11-07 08:39:29.418348
1398,1.5062153,1.6736026,1,2,2025-11-07 08:39:29.418348
1399,2.415502,4.565333,0,3,2025-11-07 08:39:29.419262
1400,4.596403,4.5066557,3,0,2025-11-07 08:39:29.419775
1401,3.5644915,2.6065547,2,1,2025-11-07 08:39:29.419775
1402,4.4684715,3.7162488,1,2,2025-11-07 08:39:29.419775
1403,3.5561855,1.7423111,0,3,2025-11-07 08:39:29.419775
1404,3.5607438,1.5814385,3,0,2025-11-07 08:39:29.419775
1405,2.5744138,3.3408442,2,1,2025-11-07 08:39:29.419775
1406,1.5466018,3.2845235,1,2,2025-11-07 08:39:29.419775
1407,2.4947062,4.441883,3,3,2025-11-07 08:39:29.419775
1408,2.4323606,4.5283713,0,0,2025-11-07 08:39:29.419775
1409,4.367979,2.6184125,2,1,2025-11-07 08:39:29.419775
1410,4.3969407,1.6576893,1,2,2025-11-07 08:39:29.419775
1411,3.4040394,4.7362714,3,3,2025-11-07 08:39:29.419775
1412,2.3914976,4.5634947,0,0,2025-11-07 08:39:29.419775
1413,4.3269687,2.5457911,2,1,2025-11-07 08:39:29.419775
1414,1.6130033,3.4843194,1,2,2025-11-07 08:39:29.419775
1415,3.6331651,4.4811077,3,3,2025-11-07 08:39:29.419775
1416,4.6042438,1.4365485,0,0,2025-11-07 08:39:29.419775
1417,1.5283229,4.6024914,1,1,2025-11-07 08:39:29.419775
1418,4.5544453,3.734179,2,2,2025-11-07 08:39:29.419775
1419,3.5058978,4.687264,3,3,2025-11-07 08:39:29.419775
1420,1.4089711,3.5295033,1,0,2025-11-07 08:39:29.419775
1421,3.3699622,4.527337,0,1,2025-11-07 08:39:29.419775
1422,3.3371043,3.5319786,2,2,2025-11-07 08:39:29.419775
1423,1.4977899,2.334992,3,3,2025-11-07 08:39:29.424818
1424,2.3764203,3.5377302,1,0,2025-11-07 08:39:29.424818
1425,2.5693185,2.6613972,0,1,2025-11-07 08:39:29.424818
1426,3.624548,4.6135254,3,2,2025-11-07 08:39:29.424818
1427,2.6151953,3.4140053,2,3,2025-11-07 08:39:29.424818
1428,2.5206919,1.4629147,0,0,2025-11-07 08:39:29.424818
1429,4.427883,3.5256436,1,1,2025-11-07 08:39:29.424818
1430,4.272631,4.434117,3,2,2025-11-07 08:39:29.424818
1431,2.4056046,2.4511454,2,3,2025-11-07 08:39:29.424818
1432,1.3813303,1.4893763,0,0,2025-11-07 08:39:29.424818
1433,2.4727552,1.597453,1,1,2025-11-07 08:39:29.424818
1434,1.5240064,1.5398524,3,2,2025-11-07 08:39:29.424818
1435,4.5893683,1.5442263,2,3,2025-11-07 08:39:29.424818
1436,2.6888635,1.627716,0,0,2025-11-07 08:39:29.424818
1437,4.6154294,4.6667724,3,1,2025-11-07 08:39:29.424818
1438,2.510968,4.557018,1,2,2025-11-07 08:39:29.424818
1439,2.5510602,1.4475894,2,3,2025-11-07 08:39:29.424818
1440,1.5021265,1.5183135,0,0,2025-11-07 08:39:29.424818
1441,4.6364923,1.4090815,3,1,2025-11-07 08:39:29.428838
1442,2.6328213,2.440842,1,2,2025-11-07 08:39:29.428838
1443,1.5005985,3.2913146,3,3,2025-11-07 08:39:29.428838
1444,2.4697766,4.3700824,0,0,2025-11-07 08:39:29.429852
1445,1.5391912,3.527602,2,1,2025-11-07 08:39:29.429852
1446,3.54485,4.5251436,1,2,2025-11-07 08:39:29.429852
1447,4.453833,2.5271761,0,3,2025-11-07 08:39:29.429852
1448,1.4811001,4.4923534,3,0,2025-11-07 08:39:29.429852
1449,3.6201358,2.5340025,2,1,2025-11-07 08:39:29.429852
1450,1.4923269,4.5300436,1,2,2025-11-07 08:39:29.429852
1451,2.418314,1.5617062,0,3,2025-11-07 08:39:29.429852
1452,4.409567,3.5598977,3,0,2025-11-07 08:39:29.429852
1453,3.4681568,2.5189288,2,1,2025-11-07 08:39:29.429852
1454,2.3951387,2.4842463,1,2,2025-11-07 08:39:29.429852
1455,3.4319677,1.5829742,0,3,2025-11-07 08:39:29.429852
1456,3.4947724,2.5414648,3,0,2025-11-07 08:39:29.429852
1457,2.3605947,4.4369617,2,1,2025-11-07 08:39:29.429852
1458,2.3747246,3.4409838,1,2,2025-11-07 08:39:29.429852
1459,3.440835,1.4680895,0,3,2025-11-07 08:39:29.429852
1460,4.5202503,1.4685438,3,0,2025-11-07 08:39:29.429852
1461,4.5809093,4.484449,1,1,2025-11-07 08:39:29.434900
1462,1.5314684,3.547937,2,2,2025-11-07 08:39:29.434900
1463,2.6734781,3.509076,0,3,2025-11-07 08:39:29.434900
1464,4.733787,4.6251163,1,0,2025-11-07 08:39:29.434900
1465,3.5624523,1.7047894,3,1,2025-11-07 08:39:29.434900
1466,4.5925655,3.5748763,2,2,2025-11-07 08:39:29.434900
1467,3.6449604,4.594577,1,3,2025-11-07 08:39:29.434900
1468,1.7539973,3.552634,0,0,2025-11-07 08:39:29.434900
1469,3.6283042,4.6143527,3,1,2025-11-07 08:39:29.434900
1470,2.5163205,1.6322209,1,2,2025-11-07 08:39:29.434900
1471,1.4929031,4.524178,0,3,2025-11-07 08:39:29.434900
1472,2.468072,3.5503244,3,0,2025-11-07 08:39:29.434900
1473,4.4500794,3.5880806,2,1,2025-11-07 08:39:29.434900
1474,2.5145276,2.4966745,0,2,2025-11-07 08:39:29.434900
1475,4.425712,4.690166,1,3,2025-11-07 08:39:29.434900
1476,2.4400737,1.5267142,3,0,2025-11-07 08:39:29.434900
1477,1.413981,3.5167575,2,1,2025-11-07 08:39:29.434900
1478,3.5406415,4.5374894,0,2,2025-11-07 08:39:29.438919
1479,3.468431,2.670138,1,3,2025-11-07 08:39:29.438919
1480,1.410217,2.4697864,2,0,2025-11-07 08:39:29.438919
1481,1.4381306,4.4552975,3,1,2025-11-07 08:39:29.438919
1482,4.551973,2.4114363,0,2,2025-11-07 08:39:29.439938
1483,3.3882623,2.4050884,2,3,2025-11-07 08:39:29.439938
1484,4.393583,2.412194,1,0,2025-11-07 08:39:29.439938
1485,3.5138054,4.465029,3,1,2025-11-07 08:39:29.439938
1486,1.4385896,4.4124966,0,2,2025-11-07 08:39:29.439938
1487,3.4993584,4.4146357,2,3,2025-11-07 08:39:29.439938
1488,3.4072652,3.6340814,1,0,2025-11-07 08:39:29.439938
1489,4.3707848,1.6890407,3,1,2025-11-07 08:39:29.439938
1490,3.3470805,2.688421,0,2,2025-11-07 08:39:29.439938
1491,1.5139829,2.5608687,2,3,2025-11-07 08:39:29.439938
1492,4.620469,1.5505664,1,0,2025-11-07 08:39:29.439938
1493,2.5047724,4.5601106,3,1,2025-11-07 08:39:29.439938
1494,1.3895693,4.5956755,0,2,2025-11-07 08:39:29.439938
1495,4.3593025,2.571021,2,3,2025-11-07 08:39:29.439938
1496,4.352001,3.5303786,1,0,2025-11-07 08:39:29.439938
1497,4.3632827,2.6532245,3,1,2025-11-07 08:39:29.439938
1498,1.3837969,4.5402718,0,2,2025-11-07 08:39:29.439938
1499,2.4072683,3.4488912,1,3,2025-11-07 08:39:29.439938
1500,1.6021084,1.444531,2,0,2025-11-07 08:39:29.444975
1501,4.4449096,1.3669031,0,1,2025-11-07 08:39:29.444975
1502,2.474794,4.492399,3,2,2025-11-07 08:39:29.444975
1503,4.555287,3.4462352,1,3,2025-11-07 08:39:29.444975
1504,1.5173917,1.5434688,2,0,2025-11-07 08:39:29.444975
1505,1.542163,1.5251201,0,1,2025-11-07 08:39:29.444975
1506,1.4812381,3.4421592,3,2,2025-11-07 08:39:29.444975
1507,1.415134,3.4464877,1,3,2025-11-07 08:39:29.444975
1508,3.5275714,2.4078534,2,0,2025-11-07 08:39:29.446996
1509,4.536971,1.5795345,0,1,2025-11-07 08:39:29.446996
1510,4.508083,2.4191875,1,2,2025-11-07 08:39:29.446996
1511,3.5224662,2.3328927,3,3,2025-11-07 08:39:29.446996
1512,4.622019,1.3840613,2,0,2025-11-07 08:39:29.446996
1513,1.6345241,4.3213673,0,1,2025-11-07 08:39:29.446996
1514,1.5976665,3.2977262,1,2,2025-11-07 08:39:29.446996
1515,4.583854,3.520573,3,3,2025-11-07 08:39:29.446996
1516,1.6837685,3.6664433,2,0,2025-11-07 08:39:29.449047
1517,2.642399,2.455007,0,1,2025-11-07 08:39:29.449047
1518,4.4402523,3.428936,3,2,2025-11-07 08:39:29.450311
1519,3.482965,3.5359044,1,3,2025-11-07 08:39:29.450311
1520,3.4376554,2.4918287,2,0,2025-11-07 08:39:29.450311
1521,4.5773563,1.363821,0,1,2025-11-07 08:39:29.450311
1522,3.644576,2.4609447,3,2,2025-11-07 08:39:29.451323
1523,3.6612785,1.4916897,1,3,2025-11-07 08:39:29.451323
1524,2.5813696,2.5638652,0,0,2025-11-07 08:39:29.451323
1525,1.4739958,3.4684653,1,1,2025-11-07 08:39:29.451980
1526,4.575073,4.478908,3,2,2025-11-07 08:39:29.451980
1527,4.638041,4.5128713,2,3,2025-11-07 08:39:29.452801
1528,1.598848,2.6181457,0,0,2025-11-07 08:39:29.453065
1529,3.5116992,1.6591758,3,1,2025-11-07 08:39:29.453065
1530,3.3696058,3.45192,1,2,2025-11-07 08:39:29.454485
1531,4.399499,2.5429509,0,3,2025-11-07 08:39:29.454485
1532,4.5257444,4.677149,2,0,2025-11-07 08:39:29.454485
1533,4.586463,3.5699317,3,1,2025-11-07 08:39:29.455722
1534,1.6051867,1.5158696,0,2,2025-11-07 08:39:29.455722
1535,4.6470537,4.505733,2,3,2025-11-07 08:39:29.455722
1536,1.77946,2.4513633,1,0,2025-11-07 08:39:29.455722
1537,2.8013093,2.5288196,3,1,2025-11-07 08:39:29.455722
1538,2.633438,1.5752413,0,2,2025-11-07 08:39:29.455722
1539,2.7104762,3.6370077,1,3,2025-11-07 08:39:29.455722
1540,1.6520032,2.6005585,2,0,2025-11-07 08:39:29.455722
1541,3.5391479,1.5619433,0,1,2025-11-07 08:39:29.455722
1542,4.435139,2.6005542,1,2,2025-11-07 08:39:29.455722
1543,3.5849755,4.5722957,3,3,2025-11-07 08:39:29.455722
1544,2.5807514,3.443097,2,0,2025-11-07 08:39:29.455722
1545,1.4738917,2.5650659,0,1,2025-11-07 08:39:29.459742
1546,1.5990773,2.5321956,1,2,2025-11-07 08:39:29.459742
1547,4.655491,4.552585,2,3,2025-11-07 08:39:29.459742
1548,1.5169985,3.5775077,3,0,2025-11-07 08:39:29.459742
1549,2.5527701,4.59156,0,1,2025-11-07 08:39:29.459742
1550,4.519568,1.34655,1,2,2025-11-07 08:39:29.459742
1551,3.5620642,4.439793,2,3,2025-11-07 08:39:29.459742
1552,2.6770906,2.666554,3,0,2025-11-07 08:39:29.459742
1553,1.4874395,3.5954504,0,1,2025-11-07 08:39:29.459742
1554,4.467887,3.439196,1,2,2025-11-07 08:39:29.459742
1555,4.3425694,2.4275398,2,3,2025-11-07 08:39:29.459742
1556,4.4271765,2.4494503,3,0,2025-11-07 08:39:29.459742
1557,2.559927,2.4733038,0,1,2025-11-07 08:39:29.459742
1558,3.5221431,2.5131276,1,2,2025-11-07 08:39:29.459742
1559,1.4909513,4.5437136,2,3,2025-11-07 08:39:29.459742
1560,3.520831,1.6293278,3,0,2025-11-07 08:39:29.459742
1561,1.5839567,1.5698209,0,1,2025-11-07 08:39:29.459742
1562,4.547497,1.5335679,1,2,2025-11-07 08:39:29.459742
1563,4.667659,4.387908,2,3,2025-11-07 08:39:29.459742
1564,3.6408355,1.4408855,3,0,2025-11-07 08:39:29.459742
1565,2.644922,4.539253,0,1,2025-11-07 08:39:29.459742
1566,2.5421238,2.5987587,1,2,2025-11-07 08:39:29.459742
1567,2.4582167,4.545078,2,3,2025-11-07 08:39:29.459742
1568,2.3000638,3.6031003,3,0,2025-11-07 08:39:29.459742
1569,2.2822056,1.4744045,0,1,2025-11-07 08:39:29.459742
1570,3.536359,1.5590479,1,2,2025-11-07 08:39:29.459742
1571,3.5077147,3.5872636,2,3,2025-11-07 08:39:29.459742
1572,2.5411055,3.5351782,3,0,2025-11-07 08:39:29.459742
1573,4.6132708,2.7108822,1,1,2025-11-07 08:39:29.459742
1574,3.49261,2.5462167,0,2,2025-11-07 08:39:29.459742
1575,4.424548,4.560976,2,3,2025-11-07 08:39:29.464798
1576,2.4925303,2.5247858,1,0,2025-11-07 08:39:29.465819
1577,3.5979097,1.431215,3,1,2025-11-07 08:39:29.465819
1578,1.6041642,2.4619336,0,2,2025-11-07 08:39:29.465819
1579,3.4872313,2.5112076,3,3,2025-11-07 08:39:29.465819
1580,1.4843428,1.4393407,1,0,2025-11-07 08:39:29.465819
1581,1.4549898,2.575116,2,1,2025-11-07 08:39:29.465819
1582,3.3878043,3.6085901,0,2,2025-11-07 08:39:29.465819
1583,1.5874649,2.426145,3,3,2025-11-07 08:39:29.465819
1584,4.617038,1.5508499,2,0,2025-11-07 08:39:29.465819
1585,3.5605738,4.3900743,1,1,2025-11-07 08:39:29.465819
1586,3.5179312,3.356966,0,2,2025-11-07 08:39:29.465819
1587,3.56256,4.377211,3,3,2025-11-07 08:39:29.465819
1588,4.4948397,3.4817605,2,0,2025-11-07 08:39:29.465819
1589,2.5581768,2.4497766,1,1,2025-11-07 08:39:29.465819
1590,1.5455343,4.6542454,3,2,2025-11-07 08:39:29.465819
1591,2.5593026,2.5922134,0,3,2025-11-07 08:39:29.469218
1592,1.7792398,2.4269898,2,0,2025-11-07 08:39:29.469218
1593,2.600639,4.397082,3,1,2025-11-07 08:39:29.469713
1594,3.606949,2.4770775,1,2,2025-11-07 08:39:29.469713
1595,1.6574507,4.4258595,2,3,2025-11-07 08:39:29.469713
1596,2.5050511,3.5237732,0,0,2025-11-07 08:39:29.469713
1597,3.582597,4.555889,3,1,2025-11-07 08:39:29.469713
1598,2.5819943,1.4324514,2,2,2025-11-07 08:39:29.469713
1599,4.6286163,4.7246776,1,3,2025-11-07 08:39:29.469713
1600,1.5664898,4.6596627,3,0,2025-11-07 08:39:29.469713
1601,4.589977,3.4996812,0,1,2025-11-07 08:39:29.469713
1602,2.508111,2.5703301,2,2,2025-11-07 08:39:29.469713
1603,3.685645,1.5205014,1,3,2025-11-07 08:39:29.469713
1604,1.591777,3.5949879,0,0,2025-11-07 08:39:29.469713
1605,4.496806,1.462851,2,1,2025-11-07 08:39:29.469713
1606,1.4272596,3.620691,3,2,2025-11-07 08:39:29.469713
1607,2.470174,1.5048037,0,3,2025-11-07 08:39:29.469713
1608,2.4901285,2.5287447,1,0,2025-11-07 08:39:29.474758
1609,3.5321522,3.3440878,2,1,2025-11-07 08:39:29.474758
1610,1.5305126,1.513043,3,2,2025-11-07 08:39:29.474758
1611,1.5039359,1.409432,0,3,2025-11-07 08:39:29.474758
1612,4.5159965,1.4390686,1,0,2025-11-07 08:39:29.474758
1613,3.5202122,3.582533,3,1,2025-11-07 08:39:29.474758
1614,4.544232,4.524445,0,2,2025-11-07 08:39:29.476598
1615,1.650833,4.5709887,2,3,2025-11-07 08:39:29.476598
1616,4.6343164,1.742541,3,0,2025-11-07 08:39:29.476598
1617,1.6923561,3.4714298,1,1,2025-11-07 08:39:29.477619
1618,3.5903983,1.4192803,2,2,2025-11-07 08:39:29.477619
1619,3.6191945,4.478026,0,3,2025-11-07 08:39:29.477619
1620,4.710426,3.6567004,1,0,2025-11-07 08:39:29.477619
1621,1.7692002,3.6775115,3,1,2025-11-07 08:39:29.478613
1622,3.6305966,2.438838,2,2,2025-11-07 08:39:29.478613
1623,1.5640755,1.412952,3,3,2025-11-07 08:39:29.478613
1624,2.4966938,2.619292,0,0,2025-11-07 08:39:29.478613
1625,4.4195013,1.6813328,1,1,2025-11-07 08:39:29.479610
1626,1.4062924,4.6290016,2,2,2025-11-07 08:39:29.479610
1627,2.413062,2.6459894,0,3,2025-11-07 08:39:29.481139
1628,4.4001827,4.5675683,3,0,2025-11-07 08:39:29.481139
1629,4.481044,3.6304946,1,1,2025-11-07 08:39:29.482158
1630,2.596105,1.4919055,2,2,2025-11-07 08:39:29.482158
1631,1.7353002,1.5209191,0,3,2025-11-07 08:39:29.482158
1632,2.5539331,2.4646828,1,0,2025-11-07 08:39:29.482158
1633,2.6209178,3.499955,2,1,2025-11-07 08:39:29.482158
1634,1.5674016,3.3438346,3,2,2025-11-07 08:39:29.483153
1635,1.683579,2.3871098,0,3,2025-11-07 08:39:29.483153
1636,1.6125065,1.3989689,1,0,2025-11-07 08:39:29.483153
1637,4.5213385,4.3870854,3,1,2025-11-07 08:39:29.483153
1638,1.5101544,1.4453682,0,2,2025-11-07 08:39:29.483153
1639,4.45044,1.4918126,1,3,2025-11-07 08:39:29.483153
1640,4.5807395,4.481434,2,0,2025-11-07 08:39:29.484155
1641,4.6417108,4.342402,3,1,2025-11-07 08:39:29.484155
1642,3.6208017,2.5693529,1,2,2025-11-07 08:39:29.484155
1643,3.688424,2.6201754,0,3,2025-11-07 08:39:29.484155
1644,3.6138976,3.617789,3,0,2025-11-07 08:39:29.484155
1645,2.540258,4.7169857,1,1,2025-11-07 08:39:29.485155
1646,3.565935,2.585859,0,2,2025-11-07 08:39:29.485155
1647,4.664807,3.3303785,2,3,2025-11-07 08:39:29.485155
1648,4.6997213,3.3584208,1,0,2025-11-07 08:39:29.485155
1649,4.519643,3.590812,3,1,2025-11-07 08:39:29.485155
1650,1.4840684,1.6804514,0,2,2025-11-07 08:39:29.486152
1651,3.4881144,4.6369963,1,3,2025-11-07 08:39:29.486152
1652,2.4637876,2.563505,2,0,2025-11-07 08:39:29.486152
1653,4.3726087,3.6282063,3,1,2025-11-07 08:39:29.486152
1654,2.5625126,4.6826863,0,2,2025-11-07 08:39:29.486152
1655,1.5214084,3.6297872,1,3,2025-11-07 08:39:29.487151
1656,2.4937518,2.5936944,2,0,2025-11-07 08:39:29.490019
1657,1.6327062,2.5597954,3,1,2025-11-07 08:39:29.490019
1658,3.712121,3.5449085,0,2,2025-11-07 08:39:29.490019
1659,2.634966,1.5452142,2,3,2025-11-07 08:39:29.490019
1660,1.6006051,2.4514563,1,0,2025-11-07 08:39:29.490019
1661,3.548921,4.401346,3,1,2025-11-07 08:39:29.490019
1662,4.664316,2.360316,0,2,2025-11-07 08:39:29.490019
1663,2.5914357,3.48007,2,3,2025-11-07 08:39:29.490019
1664,2.662447,3.5425463,1,0,2025-11-07 08:39:29.490019
1665,3.4866695,4.537573,0,1,2025-11-07 08:39:29.490019
1666,2.472555,2.5578365,3,2,2025-11-07 08:39:29.490019
1667,3.5272791,1.5227748,2,3,2025-11-07 08:39:29.490019
1668,2.6306477,4.2532783,1,0,2025-11-07 08:39:29.490019
1669,2.6067846,1.4142761,3,1,2025-11-07 08:39:29.490019
1670,3.6052494,2.6052103,2,2,2025-11-07 08:39:29.490019
1671,2.6234148,3.545966,0,3,2025-11-07 08:39:29.495045
1672,1.442142,4.6052003,3,0,2025-11-07 08:39:29.495045
1673,3.4467387,2.487421,1,1,2025-11-07 08:39:29.495045
1674,4.442387,2.414598,2,2,2025-11-07 08:39:29.495045
1675,2.5522754,4.438019,0,3,2025-11-07 08:39:29.495045
1676,3.6080806,3.4430678,1,0,2025-11-07 08:39:29.495045
1677,2.5164697,3.3920379,3,1,2025-11-07 08:39:29.495045
1678,3.5595262,3.5603976,2,2,2025-11-07 08:39:29.495045
1679,2.511062,1.5035775,0,3,2025-11-07 08:39:29.495045
1680,1.554306,3.4411068,1,0,2025-11-07 08:39:29.495045
1681,1.5532982,4.4427214,3,1,2025-11-07 08:39:29.495045
1682,1.6787152,1.4413797,2,2,2025-11-07 08:39:29.495045
1683,2.610799,1.630603,0,3,2025-11-07 08:39:29.495045
1684,3.437912,3.6439216,3,0,2025-11-07 08:39:29.495045
1685,4.360765,1.4859831,2,1,2025-11-07 08:39:29.495045
1686,4.338118,4.5830455,0,2,2025-11-07 08:39:29.495045
1687,2.4218018,1.7153435,1,3,2025-11-07 08:39:29.495045
1688,1.4423766,1.5910127,3,0,2025-11-07 08:39:29.495045
1689,3.3450778,1.471035,2,1,2025-11-07 08:39:29.495045
1690,1.4875329,4.537653,1,2,2025-11-07 08:39:29.495045
1691,3.4789128,3.5837555,0,3,2025-11-07 08:39:29.495045
1692,1.5513676,3.5531435,3,0,2025-11-07 08:39:29.495045
1693,2.5531926,4.549167,2,1,2025-11-07 08:39:29.495045
1694,3.6314204,4.7326274,1,2,2025-11-07 08:39:29.495045
1695,1.6505102,3.6264021,0,3,2025-11-07 08:39:29.500143
1696,4.5466547,1.5381116,2,0,2025-11-07 08:39:29.500143
1697,2.4448822,1.4202068,3,1,2025-11-07 08:39:29.500143
1698,2.4304066,3.5491955,1,2,2025-11-07 08:39:29.500143
1699,1.4931433,4.59898,0,3,2025-11-07 08:39:29.500143
1700,4.6097536,2.7949982,2,0,2025-11-07 08:39:29.500143
1701,3.6456854,3.6638808,1,1,2025-11-07 08:39:29.502567
1702,3.7369235,4.4913163,3,2,2025-11-07 08:39:29.502567
1703,1.6303174,2.4996886,0,3,2025-11-07 08:39:29.502567
1704,4.453766,3.6235118,2,0,2025-11-07 08:39:29.503584
1705,3.4586403,2.5618818,1,1,2025-11-07 08:39:29.503584
1706,2.4790452,4.4832134,0,2,2025-11-07 08:39:29.504152
1707,4.4417844,1.4117001,3,3,2025-11-07 08:39:29.504152
1708,1.3942299,2.593897,1,0,2025-11-07 08:39:29.504152
1709,1.5826833,4.4586935,2,1,2025-11-07 08:39:29.504152
1710,1.4516268,2.4265184,0,2,2025-11-07 08:39:29.504152
1711,1.5537704,3.5229466,3,3,2025-11-07 08:39:29.504152
1712,1.6807855,1.6559154,1,0,2025-11-07 08:39:29.504152
1713,1.5891929,3.6301525,2,1,2025-11-07 08:39:29.504152
1714,2.4109972,3.5013876,0,2,2025-11-07 08:39:29.504152
1715,3.431815,3.438795,3,3,2025-11-07 08:39:29.504152
1716,2.4352238,1.4565656,1,0,2025-11-07 08:39:29.504152
1717,3.3578851,2.4340909,2,1,2025-11-07 08:39:29.504152
1718,1.3807921,2.3955703,0,2,2025-11-07 08:39:29.504152
1719,2.4851108,3.4061005,3,3,2025-11-07 08:39:29.504152
1720,4.454677,1.4141618,1,0,2025-11-07 08:39:29.504152
1721,2.4028413,4.5359445,2,1,2025-11-07 08:39:29.504152
1722,1.4559044,4.51778,0,2,2025-11-07 08:39:29.504152
1723,3.461547,1.6576118,3,3,2025-11-07 08:39:29.504152
1724,4.434477,1.532623,2,0,2025-11-07 08:39:29.504152
1725,2.368183,1.4243349,0,1,2025-11-07 08:39:29.509756
1726,4.4479046,1.4570589,1,2,2025-11-07 08:39:29.509756
1727,4.6503396,2.534533,3,3,2025-11-07 08:39:29.509756
1728,1.5990989,2.5713713,2,0,2025-11-07 08:39:29.509756
1729,3.553828,3.582066,0,1,2025-11-07 08:39:29.509756
1730,2.5021496,3.6009734,1,2,2025-11-07 08:39:29.509756
1731,2.5539107,1.522279,3,3,2025-11-07 08:39:29.509756
1732,1.4975827,3.4897373,2,0,2025-11-07 08:39:29.509756
1733,3.5526037,1.3492899,0,1,2025-11-07 08:39:29.509756
1734,1.5985057,2.3918815,3,2,2025-11-07 08:39:29.509756
1735,4.727536,2.4958375,1,3,2025-11-07 08:39:29.509756
1736,3.6007144,2.5107653,2,0,2025-11-07 08:39:29.509756
1737,2.5066226,1.635784,1,1,2025-11-07 08:39:29.509756
1738,1.5267547,4.6050572,3,2,2025-11-07 08:39:29.509756
1739,3.4283342,3.6070695,0,3,2025-11-07 08:39:29.509756
1740,4.487577,4.678949,2,0,2025-11-07 08:39:29.509756
1741,2.5566146,4.7229857,3,1,2025-11-07 08:39:29.509756
1742,2.555727,1.704285,1,2,2025-11-07 08:39:29.513775
1743,2.497139,3.6461937,2,3,2025-11-07 08:39:29.513775
1744,1.5409491,4.649256,0,0,2025-11-07 08:39:29.513775
1745,4.560396,3.595996,3,1,2025-11-07 08:39:29.513775
1746,4.5836453,1.5164146,2,2,2025-11-07 08:39:29.513775
1747,4.6497445,1.377907,0,3,2025-11-07 08:39:29.513775
1748,1.5689292,3.3985744,1,0,2025-11-07 08:39:29.513775
1749,2.550049,1.4320788,3,1,2025-11-07 08:39:29.513775
1750,1.5760226,2.4576457,2,2,2025-11-07 08:39:29.513775
1751,1.5279467,2.5760243,0,3,2025-11-07 08:39:29.513775
1752,4.4135957,1.5623531,1,0,2025-11-07 08:39:29.513775
1753,4.4155517,1.4793353,3,1,2025-11-07 08:39:29.513775
1754,3.3101714,4.5758467,2,2,2025-11-07 08:39:29.513775
1755,3.522937,4.565516,0,3,2025-11-07 08:39:29.513775
1756,2.5432243,4.7270904,1,0,2025-11-07 08:39:29.513775
1757,3.3101497,3.6777623,3,1,2025-11-07 08:39:29.513775
1758,1.3623343,1.4733174,0,2,2025-11-07 08:39:29.513775
1759,3.4901285,1.5499861,2,3,2025-11-07 08:39:29.513775
1760,2.568886,2.4963832,1,0,2025-11-07 08:39:29.513775
1761,2.5752058,2.587329,0,1,2025-11-07 08:39:29.519218
1762,2.460249,3.4936671,2,2,2025-11-07 08:39:29.519735
1763,4.6337657,1.5000631,3,3,2025-11-07 08:39:29.519735
1764,2.6640906,3.334785,0,0,2025-11-07 08:39:29.519735
1765,2.6942134,4.4692693,1,1,2025-11-07 08:39:29.519735
1766,1.5421591,4.5632176,3,2,2025-11-07 08:39:29.520761
1767,3.497911,4.6299424,2,3,2025-11-07 08:39:29.520761
1768,4.337502,4.597517,0,0,2025-11-07 08:39:29.520761
1769,1.3690474,2.4703267,1,1,2025-11-07 08:39:29.520761
1770,2.425778,2.4480414,3,2,2025-11-07 08:39:29.521756
1771,4.506957,3.700385,2,3,2025-11-07 08:39:29.521756
1772,4.4160423,1.5150474,1,0,2025-11-07 08:39:29.521756
1773,2.3180387,3.5372958,0,1,2025-11-07 08:39:29.521756
1774,2.535897,1.3735499,3,2,2025-11-07 08:39:29.522782
1775,2.7164817,4.547675,2,3,2025-11-07 08:39:29.522782
1776,1.656357,4.6481123,1,0,2025-11-07 08:39:29.522782
1777,3.636422,3.7889183,0,1,2025-11-07 08:39:29.522782
1778,3.5933282,2.693399,3,2,2025-11-07 08:39:29.523777
1779,4.507779,3.658431,2,3,2025-11-07 08:39:29.523777
1780,4.560603,2.530562,1,0,2025-11-07 08:39:29.523777
1781,4.557681,2.482917,0,1,2025-11-07 08:39:29.523777
1782,1.5833037,3.5930226,3,2,2025-11-07 08:39:29.524774
1783,4.471952,4.478557,2,3,2025-11-07 08:39:29.524774
1784,4.3746376,1.4453359,1,0,2025-11-07 08:39:29.524774
1785,4.33352,3.616546,3,1,2025-11-07 08:39:29.524774
1786,4.514192,2.582555,0,2,2025-11-07 08:39:29.524774
1787,1.5102396,4.3236237,2,3,2025-11-07 08:39:29.526776
1788,1.3847591,2.5211108,1,0,2025-11-07 08:39:29.526776
1789,4.470302,4.544302,3,1,2025-11-07 08:39:29.526776
1790,1.5367787,3.5394347,0,2,2025-11-07 08:39:29.527772
1791,4.603855,2.3544018,2,3,2025-11-07 08:39:29.527772
1792,4.4888444,1.464329,1,0,2025-11-07 08:39:29.527772
1793,4.5815434,3.355693,0,1,2025-11-07 08:39:29.527772
1794,2.5272412,4.4013023,3,2,2025-11-07 08:39:29.528775
1795,3.506291,1.5260551,2,3,2025-11-07 08:39:29.528775
1796,1.5054978,1.390898,0,0,2025-11-07 08:39:29.528775
1797,4.764118,1.5093508,1,1,2025-11-07 08:39:29.528775
1798,2.717899,4.5805483,3,2,2025-11-07 08:39:29.529773
1799,1.6110933,4.605078,2,3,2025-11-07 08:39:29.529773
1800,3.369919,2.553965,3,0,2025-11-07 08:39:29.529773
1801,3.4211154,1.3921053,0,1,2025-11-07 08:39:29.530283
1802,3.4666693,1.3321457,1,2,2025-11-07 08:39:29.530283
1803,3.4835558,3.4011695,2,3,2025-11-07 08:39:29.530283
1804,4.4051247,1.2955246,3,0,2025-11-07 08:39:29.530283
1805,4.2861805,1.4529834,1,1,2025-11-07 08:39:29.531296
1806,2.332624,3.5520525,0,2,2025-11-07 08:39:29.531296
1807,2.2130463,1.6254728,2,3,2025-11-07 08:39:29.531296
1808,4.3851905,2.4682286,3,0,2025-11-07 08:39:29.531296
1809,3.516078,1.4819343,1,1,2025-11-07 08:39:29.532311
1810,2.6433935,3.4584537,0,2,2025-11-07 08:39:29.532311
1811,4.6186304,2.4950495,2,3,2025-11-07 08:39:29.532311
1812,1.5324972,4.61074,3,0,2025-11-07 08:39:29.533319
1813,4.458569,1.4141672,0,1,2025-11-07 08:39:29.533319
1814,1.5511813,1.5843514,1,2,2025-11-07 08:39:29.533319
1815,1.5396618,3.5834715,2,3,2025-11-07 08:39:29.533319
1816,3.5001578,4.500859,3,0,2025-11-07 08:39:29.534315
1817,3.3607917,4.4155474,0,1,2025-11-07 08:39:29.534315
1818,1.5534575,4.4625654,2,2,2025-11-07 08:39:29.534315
1819,1.6088197,2.5001225,1,3,2025-11-07 08:39:29.534315
1820,2.4342675,1.6989188,3,0,2025-11-07 08:39:29.535314
1821,4.499159,2.4084158,0,1,2025-11-07 08:39:29.536309
1822,1.6011782,4.4800105,2,2,2025-11-07 08:39:29.536309
1823,1.6615949,1.5985713,1,3,2025-11-07 08:39:29.536309
1824,3.530532,4.651914,3,0,2025-11-07 08:39:29.536309
1825,4.4255486,1.6103146,2,1,2025-11-07 08:39:29.537314
1826,3.4069092,4.537299,0,2,2025-11-07 08:39:29.537314
1827,2.4157217,4.5573926,1,3,2025-11-07 08:39:29.537314
1828,2.574302,3.5383427,3,0,2025-11-07 08:39:29.537314
1829,1.6620786,2.5803607,2,1,2025-11-07 08:39:29.537314
1830,3.7421212,1.7056116,0,2,2025-11-07 08:39:29.538308
1831,4.5883813,2.5180984,1,3,2025-11-07 08:39:29.538308
1832,2.5625885,1.4889495,3,0,2025-11-07 08:39:29.538308
1833,4.553801,2.6413937,2,1,2025-11-07 08:39:29.538308
1834,3.547255,4.696152,0,2,2025-11-07 08:39:29.538308
1835,4.50977,1.5524135,1,3,2025-11-07 08:39:29.538308
1836,4.514014,3.536199,2,0,2025-11-07 08:39:29.538308
1837,2.4864857,1.5161171,0,1,2025-11-07 08:39:29.538308
1838,3.5023494,3.5309207,3,2,2025-11-07 08:39:29.538308
1839,4.507543,1.5636331,1,3,2025-11-07 08:39:29.538308
1840,1.5406301,2.5503154,2,0,2025-11-07 08:39:29.539822
1841,4.5865965,2.63752,0,1,2025-11-07 08:39:29.539822
1842,2.5322278,2.5130093,3,2,2025-11-07 08:39:29.539822
1843,2.505487,1.4233288,2,3,2025-11-07 08:39:29.539822
1844,2.600041,1.4401054,0,0,2025-11-07 08:39:29.539822
1845,1.6162786,2.4982157,1,1,2025-11-07 08:39:29.540876
1846,3.542376,3.5661855,3,2,2025-11-07 08:39:29.540876
1847,1.5628102,3.5227315,2,3,2025-11-07 08:39:29.540876
1848,2.52322,2.523578,0,0,2025-11-07 08:39:29.541846
1849,2.6459122,1.4041182,1,1,2025-11-07 08:39:29.541846
1850,2.6648943,2.519987,3,2,2025-11-07 08:39:29.542865
1851,4.5801163,4.509729,2,3,2025-11-07 08:39:29.542865
1852,2.7081807,2.6525009,1,0,2025-11-07 08:39:29.542865
1853,3.6319962,1.6300998,0,1,2025-11-07 08:39:29.543864
1854,1.6234924,2.6655471,3,2,2025-11-07 08:39:29.543864
1855,1.630958,1.625402,2,3,2025-11-07 08:39:29.543864
1856,2.6861122,3.5070214,1,0,2025-11-07 08:39:29.544864
1857,1.5070784,2.4393284,0,1,2025-11-07 08:39:29.544864
1858,3.4705644,3.4916623,3,2,2025-11-07 08:39:29.544864
1859,2.6169765,3.3857522,2,3,2025-11-07 08:39:29.545867
1860,1.5641524,1.4826932,0,0,2025-11-07 08:39:29.545867
1861,2.4586527,3.503448,1,1,2025-11-07 08:39:29.545867
1862,1.450993,4.4537997,3,2,2025-11-07 08:39:29.546874
1863,3.596483,4.492872,2,3,2025-11-07 08:39:29.546874
1864,4.4864693,2.5016072,1,0,2025-11-07 08:39:29.547404
1865,3.5251806,3.5645075,0,1,2025-11-07 08:39:29.547404
1866,3.5027492,1.6178234,3,2,2025-11-07 08:39:29.547404
1867,2.4563136,4.5013747,2,3,2025-11-07 08:39:29.547404
1868,3.6124508,2.5600655,1,0,2025-11-07 08:39:29.548426
1869,3.7262566,4.606264,0,1,2025-11-07 08:39:29.548426
1870,3.6262658,3.5480318,3,2,2025-11-07 08:39:29.548426
1871,3.5723069,4.418415,2,3,2025-11-07 08:39:29.548426
1872,3.7336743,1.4045885,1,0,2025-11-07 08:39:29.548426
1873,2.61981,2.4943697,0,1,2025-11-07 08:39:29.548426
1874,3.5453207,2.5096235,3,2,2025-11-07 08:39:29.548426
1875,4.563124,2.5573034,1,3,2025-11-07 08:39:29.549952
1876,2.6192477,4.585626,2,0,2025-11-07 08:39:29.549952
1877,3.592263,2.6112967,0,1,2025-11-07 08:39:29.550973
1878,2.7071364,4.635853,3,2,2025-11-07 08:39:29.552011
1879,1.7501221,1.5171454,1,3,2025-11-07 08:39:29.552988
1880,1.6837357,2.6461642,2,0,2025-11-07 08:39:29.552988
1881,1.7941529,4.549893,0,1,2025-11-07 08:39:29.552988
1882,4.685571,3.5860991,3,2,2025-11-07 08:39:29.553987
1883,3.6307416,4.506762,1,3,2025-11-07 08:39:29.553987
1884,3.4951384,2.680639,2,0,2025-11-07 08:39:29.554992
1885,3.397542,3.6093311,3,1,2025-11-07 08:39:29.554992
1886,2.4537525,4.6300187,0,2,2025-11-07 08:39:29.554992
1887,4.4301047,4.626226,1,3,2025-11-07 08:39:29.554992
1888,2.3714793,1.6301951,2,0,2025-11-07 08:39:29.554992
1889,4.4643416,2.5999358,3,1,2025-11-07 08:39:29.555991
1890,2.46299,3.6056278,1,2,2025-11-07 08:39:29.555991
1891,3.4955015,3.531228,0,3,2025-11-07 08:39:29.555991
1892,1.5188096,2.566541,3,0,2025-11-07 08:39:29.556994
1893,4.559599,4.4496374,2,1,2025-11-07 08:39:29.556994
1894,3.552782,2.3828857,1,2,2025-11-07 08:39:29.556994
1895,4.511135,2.4368482,0,3,2025-11-07 08:39:29.557986
1896,1.4906147,4.48513,2,0,2025-11-07 08:39:29.557986
1897,2.409434,2.5371475,3,1,2025-11-07 08:39:29.557986
1898,1.4394073,4.5311084,1,2,2025-11-07 08:39:29.557986
1899,1.4948187,1.3194346,0,3,2025-11-07 08:39:29.557986
1900,1.4149451,4.4462023,2,0,2025-11-07 08:39:29.558989
1901,4.4673276,4.5629764,3,1,2025-11-07 08:39:29.558989
1902,4.5249186,3.540263,1,2,2025-11-07 08:39:29.558989
1903,2.5035381,2.4232497,0,3,2025-11-07 08:39:29.558989
1904,2.5243018,1.4743392,2,0,2025-11-07 08:39:29.559985
1905,2.4768507,2.523496,3,1,2025-11-07 08:39:29.559985
1906,4.5418677,2.658853,1,2,2025-11-07 08:39:29.560492
1907,4.4079576,2.7663825,0,3,2025-11-07 08:39:29.560492
1908,3.4470422,3.7362466,2,0,2025-11-07 08:39:29.560492
1909,2.4280522,3.7065463,3,1,2025-11-07 08:39:29.561501
1910,4.5315595,1.5550228,1,2,2025-11-07 08:39:29.561501
1911,3.6478748,2.4214191,0,3,2025-11-07 08:39:29.561501
1912,1.5968301,1.4103101,3,0,2025-11-07 08:39:29.561501
1913,3.6583605,2.3414695,2,1,2025-11-07 08:39:29.562513
1914,2.5138927,4.450815,0,2,2025-11-07 08:39:29.562513
1915,4.502666,2.6267152,1,3,2025-11-07 08:39:29.562513
1916,2.534414,4.530703,3,0,2025-11-07 08:39:29.562513
1917,3.3847241,2.5015464,0,1,2025-11-07 08:39:29.563518
1918,4.444648,1.4681647,2,2,2025-11-07 08:39:29.563518
1919,4.5936193,2.5724912,1,3,2025-11-07 08:39:29.563518
1920,2.549479,2.4836042,3,0,2025-11-07 08:39:29.564515
1921,4.5337963,2.4521766,2,1,2025-11-07 08:39:29.564515
1922,1.6411097,2.469207,0,2,2025-11-07 08:39:29.564515
1923,3.556679,2.601449,1,3,2025-11-07 08:39:29.564515
1924,4.5195484,4.5524497,2,0,2025-11-07 08:39:29.565542
1925,1.5120821,1.4208316,3,1,2025-11-07 08:39:29.565542
1926,2.4240007,3.4491613,1,2,2025-11-07 08:39:29.565542
1927,1.4828589,3.4077804,0,3,2025-11-07 08:39:29.566511
1928,1.5931624,3.5477862,2,0,2025-11-07 08:39:29.566511
1929,1.6182052,4.5404835,3,1,2025-11-07 08:39:29.566511
1930,4.546393,2.5432987,1,2,2025-11-07 08:39:29.566511
1931,2.5630615,3.4865608,0,3,2025-11-07 08:39:29.566511
1932,3.471285,2.3988342,3,0,2025-11-07 08:39:29.566511
1933,3.5141132,1.5419348,2,1,2025-11-07 08:39:29.567511
1934,2.7394075,4.513608,1,2,2025-11-07 08:39:29.567511
1935,1.5502495,3.4020085,3,3,2025-11-07 08:39:29.567511
1936,4.6128364,1.2474153,0,0,2025-11-07 08:39:29.567511
1937,1.6227938,1.178818,1,1,2025-11-07 08:39:29.567511
1938,3.6389935,2.2920947,2,2,2025-11-07 08:39:29.568509
1939,3.4539204,4.4431596,3,3,2025-11-07 08:39:29.568509
1940,3.4628963,2.5393245,0,0,2025-11-07 08:39:29.568509
1941,2.525726,2.570088,1,1,2025-11-07 08:39:29.568509
1942,4.5724483,1.583649,2,2,2025-11-07 08:39:29.568509
1943,1.4581172,2.6288948,3,3,2025-11-07 08:39:29.568509
1944,3.5257976,3.5354795,0,0,2025-11-07 08:39:29.570020
1945,1.5248642,2.4508402,1,1,2025-11-07 08:39:29.570020
1946,2.5083191,4.4653773,2,2,2025-11-07 08:39:29.570020
1947,2.4437141,3.4165387,3,3,2025-11-07 08:39:29.571032
1948,1.4528468,1.4282182,0,0,2025-11-07 08:39:29.571032
1949,4.598052,4.386694,1,1,2025-11-07 08:39:29.571032
1950,3.4245203,4.5197268,2,2,2025-11-07 08:39:29.573045
1951,1.3970394,3.5689404,3,3,2025-11-07 08:39:29.573045
1952,2.4177136,2.4076397,0,0,2025-11-07 08:39:29.573045
1953,2.2832577,4.5082865,1,1,2025-11-07 08:39:29.573045
1954,4.4879837,3.3856134,2,2,2025-11-07 08:39:29.573045
1955,2.5204306,3.40369,3,3,2025-11-07 08:39:29.573045
1956,1.6602609,1.4157491,0,0,2025-11-07 08:39:29.573045
1957,3.6321192,4.404898,1,1,2025-11-07 08:39:29.573045
1958,2.5447485,1.5879171,0,2,2025-11-07 08:39:29.573045
1959,2.3584268,3.4664392,2,3,2025-11-07 08:39:29.573045
1960,2.3926907,2.3750877,1,0,2025-11-07 08:39:29.573045
1961,3.4402356,4.552365,3,1,2025-11-07 08:39:29.573045
1962,4.584162,4.6495943,0,2,2025-11-07 08:39:29.573045
1963,2.5611436,3.5751152,2,3,2025-11-07 08:39:29.573045
1964,1.4217167,1.4843082,3,0,2025-11-07 08:39:29.573045
1965,2.3959439,4.428788,0,1,2025-11-07 08:39:29.573045
1966,4.4828515,1.3198045,1,2,2025-11-07 08:39:29.573045
1967,1.563892,1.43589,2,3,2025-11-07 08:39:29.573045
1968,1.472146,4.582474,3,0,2025-11-07 08:39:29.573045
1969,4.6093273,4.6651373,0,1,2025-11-07 08:39:29.573045
1970,4.5632668,2.4620464,2,2,2025-11-07 08:39:29.580064
1971,4.694005,2.5909078,1,3,2025-11-07 08:39:29.580064
1972,2.560374,1.5416901,3,0,2025-11-07 08:39:29.580064
1973,4.4915147,3.4388976,0,1,2025-11-07 08:39:29.580064
1974,2.447394,3.4631112,2,2,2025-11-07 08:39:29.580064
1975,4.4747214,2.558222,1,3,2025-11-07 08:39:29.580064
1976,3.6176531,2.533984,3,0,2025-11-07 08:39:29.580064
1977,4.559233,2.6535628,2,1,2025-11-07 08:39:29.580064
1978,1.6798337,4.6343284,0,2,2025-11-07 08:39:29.580064
1979,3.6542306,4.5235615,1,3,2025-11-07 08:39:29.580064
1980,1.5408055,2.5202966,2,0,2025-11-07 08:39:29.582107
1981,3.448693,3.5200808,3,1,2025-11-07 08:39:29.582107
1982,1.580353,3.6002367,0,2,2025-11-07 08:39:29.582107
1983,4.4520245,4.678107,1,3,2025-11-07 08:39:29.582107
1984,1.4759591,2.664818,2,0,2025-11-07 08:39:29.582107
1985,4.457386,1.5742081,3,1,2025-11-07 08:39:29.582107
1986,3.654251,1.6457571,0,2,2025-11-07 08:39:29.582107
1987,1.4685757,3.706823,2,3,2025-11-07 08:39:29.582107
1988,4.5881734,1.509314,1,0,2025-11-07 08:39:29.582107
1989,4.5302606,3.641207,0,1,2025-11-07 08:39:29.582107
1990,4.6030483,3.746158,3,2,2025-11-07 08:39:29.582107
1991,2.6987536,4.5325003,2,3,2025-11-07 08:39:29.582107
1992,1.644068,3.5792944,1,0,2025-11-07 08:39:29.582107
1993,4.4859967,1.5659926,0,1,2025-11-07 08:39:29.582107
1994,2.4772034,4.525961,3,2,2025-11-07 08:39:29.582107
1995,3.5808938,1.6078246,2,3,2025-11-07 08:39:29.582107
1996,1.6877685,2.4939134,1,0,2025-11-07 08:39:29.582107
1997,4.769198,2.564899,0,1,2025-11-07 08:39:29.582107
1998,1.7639921,1.4680259,3,2,2025-11-07 08:39:29.585782
1999,4.6175137,4.4584446,2,3,2025-11-07 08:39:29.585782
