step,ai_reward,normal_reward,ai_action,normal_action,timestamp
0,0.05165124,0.40492296,3,0,2025-11-07 08:31:22.350622
1,1.6489708,-0.18606806,1,1,2025-11-07 08:31:22.350622
2,-0.8409567,-1.7857888,0,2,2025-11-07 08:31:22.350622
3,1.7015202,-0.94424033,3,3,2025-11-07 08:31:22.350622
4,1.3680269,1.3254521,1,0,2025-11-07 08:31:22.351635
5,0.85179496,2.8017712,2,1,2025-11-07 08:31:22.351635
6,1.1727375,-0.15827179,0,2,2025-11-07 08:31:22.351635
7,2.5348456,3.5467267,3,3,2025-11-07 08:31:22.351635
8,4.4372673,2.5554695,1,0,2025-11-07 08:31:22.351635
9,2.4344752,3.1113477,0,1,2025-11-07 08:31:22.351635
10,3.54767,3.9044557,2,2,2025-11-07 08:31:22.352645
11,2.4360833,1.327009,3,3,2025-11-07 08:31:22.352645
12,4.3942494,2.3492584,0,0,2025-11-07 08:31:22.352645
13,2.4030359,1.4718175,1,1,2025-11-07 08:31:22.352645
14,4.4684973,2.4227173,2,2,2025-11-07 08:31:22.353646
15,4.35396,4.4543295,3,3,2025-11-07 08:31:22.353646
16,2.334262,1.5208464,0,0,2025-11-07 08:31:22.353646
17,4.484179,1.3780415,1,1,2025-11-07 08:31:22.353646
18,1.5145986,3.3288922,2,2,2025-11-07 08:31:22.354650
19,2.4352016,3.3989983,3,3,2025-11-07 08:31:22.354650
20,2.4165344,2.543457,1,0,2025-11-07 08:31:22.355645
21,1.551473,3.603109,0,1,2025-11-07 08:31:22.355645
22,4.5063715,2.5916443,2,2,2025-11-07 08:31:22.355645
23,4.535757,3.4942338,3,3,2025-11-07 08:31:22.355645
24,3.446208,3.5507665,0,0,2025-11-07 08:31:22.356644
25,3.3277094,3.5499122,2,1,2025-11-07 08:31:22.356644
26,1.3105574,3.5093896,1,2,2025-11-07 08:31:22.356644
27,3.5154033,4.4397016,3,3,2025-11-07 08:31:22.356644
28,1.5603449,3.5946314,0,0,2025-11-07 08:31:22.357646
29,2.6483078,2.6220558,2,1,2025-11-07 08:31:22.357646
30,2.553982,3.4975069,1,2,2025-11-07 08:31:22.357646
31,2.4830956,1.4632596,3,3,2025-11-07 08:31:22.358644
32,2.5177407,4.425191,0,0,2025-11-07 08:31:22.358644
33,3.4356918,4.39896,2,1,2025-11-07 08:31:22.358644
34,1.6501606,1.4638809,1,2,2025-11-07 08:31:22.358644
35,1.683357,3.5615644,3,3,2025-11-07 08:31:22.358644
36,4.719662,1.6988852,1,0,2025-11-07 08:31:22.358644
37,3.5232544,2.5463905,2,1,2025-11-07 08:31:22.358644
38,1.6140943,4.548474,0,2,2025-11-07 08:31:22.358644
39,2.4066534,2.434177,3,3,2025-11-07 08:31:22.358644
40,4.435901,3.557969,1,0,2025-11-07 08:31:22.360161
41,3.4873466,1.6577363,2,1,2025-11-07 08:31:22.360161
42,4.335388,1.6270461,0,2,2025-11-07 08:31:22.360161
43,3.4825435,4.594611,3,3,2025-11-07 08:31:22.360161
44,2.5084121,1.5687902,1,0,2025-11-07 08:31:22.360161
45,4.6002607,1.6125166,2,1,2025-11-07 08:31:22.361172
46,3.6734836,1.5832238,3,2,2025-11-07 08:31:22.361172
47,4.6005836,4.5769925,0,3,2025-11-07 08:31:22.361172
48,1.5350835,2.3715234,2,0,2025-11-07 08:31:22.361172
49,2.458858,1.3200388,3,1,2025-11-07 08:31:22.362180
50,2.5227993,4.525043,1,2,2025-11-07 08:31:22.362180
51,1.6951437,2.6004455,0,3,2025-11-07 08:31:22.362180
52,1.6789438,3.4734378,2,0,2025-11-07 08:31:22.362180
53,2.5716443,3.3388221,0,1,2025-11-07 08:31:22.362180
54,4.4345155,4.4969974,3,2,2025-11-07 08:31:22.363185
55,4.483555,4.4861674,1,3,2025-11-07 08:31:22.363185
56,3.472675,4.487299,2,0,2025-11-07 08:31:22.364182
57,4.4430695,1.4744937,0,1,2025-11-07 08:31:22.364182
58,3.4253225,3.6023355,1,2,2025-11-07 08:31:22.364182
59,2.4400408,1.5934869,3,3,2025-11-07 08:31:22.364182
60,1.5032783,2.564917,2,0,2025-11-07 08:31:22.365184
61,4.370673,2.4561238,1,1,2025-11-07 08:31:22.365184
62,4.3427773,2.371568,0,2,2025-11-07 08:31:22.365184
63,4.3979087,3.339589,3,3,2025-11-07 08:31:22.365184
64,3.4750872,1.3126047,2,0,2025-11-07 08:31:22.366185
65,4.500823,2.4668686,1,1,2025-11-07 08:31:22.366185
66,3.5341735,3.5007277,0,2,2025-11-07 08:31:22.366185
67,3.5991375,2.4312809,3,3,2025-11-07 08:31:22.366185
68,2.5914562,2.5109699,2,0,2025-11-07 08:31:22.367184
69,3.615258,2.4704607,0,1,2025-11-07 08:31:22.367184
70,3.591103,1.4840397,1,2,2025-11-07 08:31:22.368185
71,2.587283,4.590675,3,3,2025-11-07 08:31:22.368185
72,4.52242,3.5013475,2,0,2025-11-07 08:31:22.368185
73,2.4823987,1.6876007,0,1,2025-11-07 08:31:22.368185
74,1.5611327,2.5453334,1,2,2025-11-07 08:31:22.368185
75,4.5485463,3.6753178,3,3,2025-11-07 08:31:22.369189
76,1.4818623,2.5054767,2,0,2025-11-07 08:31:22.369189
77,3.4922645,2.2328463,1,1,2025-11-07 08:31:22.369189
78,1.4157841,2.3412886,0,2,2025-11-07 08:31:22.369189
79,3.4045367,1.3526199,3,3,2025-11-07 08:31:22.369189
80,1.6241175,4.4912047,2,0,2025-11-07 08:31:22.370183
81,4.481595,1.508958,1,1,2025-11-07 08:31:22.370183
82,3.4442427,2.4713528,0,2,2025-11-07 08:31:22.370183
83,1.57958,3.4839122,3,3,2025-11-07 08:31:22.370694
84,2.4979832,4.445873,2,0,2025-11-07 08:31:22.370694
85,3.4746332,4.5019546,0,1,2025-11-07 08:31:22.370694
86,2.4081802,1.5494691,3,2,2025-11-07 08:31:22.370694
87,4.563097,2.332318,1,3,2025-11-07 08:31:22.371706
88,1.5312378,4.4787784,2,0,2025-11-07 08:31:22.371706
89,2.5652227,1.3952044,0,1,2025-11-07 08:31:22.371706
90,2.5140202,3.5701075,3,2,2025-11-07 08:31:22.371706
91,1.4870298,4.731144,1,3,2025-11-07 08:31:22.371706
92,1.4533259,4.629778,0,0,2025-11-07 08:31:22.372721
93,1.6414988,3.5413563,2,1,2025-11-07 08:31:22.373721
94,2.6181514,1.5391473,1,2,2025-11-07 08:31:22.373721
95,2.5005312,2.639626,0,3,2025-11-07 08:31:22.373721
96,4.453943,3.6572611,3,0,2025-11-07 08:31:22.373721
97,3.4458416,2.6425552,1,1,2025-11-07 08:31:22.373721
98,2.5086424,4.4688215,2,2,2025-11-07 08:31:22.374721
99,4.590679,4.363032,0,3,2025-11-07 08:31:22.375719
100,1.560768,2.4302673,1,0,2025-11-07 08:31:22.375719
101,3.6097362,3.435353,3,1,2025-11-07 08:31:22.376720
102,4.6606812,1.5454398,2,2,2025-11-07 08:31:22.377723
103,2.630611,4.5715623,0,3,2025-11-07 08:31:22.388268
104,2.6028483,2.426621,3,0,2025-11-07 08:31:22.388268
105,2.7108243,3.2560909,1,1,2025-11-07 08:31:22.389780
106,2.631224,1.2469766,2,2,2025-11-07 08:31:22.389780
107,2.4996924,4.367709,0,3,2025-11-07 08:31:22.390815
108,4.407962,3.6032543,1,0,2025-11-07 08:31:22.391796
109,2.448283,2.5022185,3,1,2025-11-07 08:31:22.391796
110,2.451275,1.4876301,0,2,2025-11-07 08:31:22.392810
111,1.6766938,2.4397938,2,3,2025-11-07 08:31:22.393817
112,3.602955,3.5942857,1,0,2025-11-07 08:31:22.393817
113,2.4500136,4.520937,3,1,2025-11-07 08:31:22.394845
114,3.4446,4.4784636,2,2,2025-11-07 08:31:22.394845
115,3.5368485,4.4639454,0,3,2025-11-07 08:31:22.395813
116,1.4055308,2.39872,1,0,2025-11-07 08:31:22.396811
117,1.4516553,3.4741693,3,1,2025-11-07 08:31:22.396811
118,3.4683695,2.4128516,2,2,2025-11-07 08:31:22.396811
119,4.5121746,4.473662,0,3,2025-11-07 08:31:22.397831
120,2.540982,4.5406466,1,0,2025-11-07 08:31:22.397831
121,3.589308,4.6677237,3,1,2025-11-07 08:31:22.398842
122,3.5411727,4.600631,2,2,2025-11-07 08:31:22.398842
123,3.5928612,1.5653145,0,3,2025-11-07 08:31:22.399814
124,1.4788793,2.4186943,3,0,2025-11-07 08:31:22.399814
125,4.397242,4.611078,1,1,2025-11-07 08:31:22.400323
126,1.4183671,4.5294337,0,2,2025-11-07 08:31:22.400323
127,2.39849,2.4881601,3,3,2025-11-07 08:31:22.400323
128,2.466626,3.367434,2,0,2025-11-07 08:31:22.401335
129,4.393694,4.4446707,1,1,2025-11-07 08:31:22.404349
130,1.406584,2.3106208,0,2,2025-11-07 08:31:22.405350
131,2.407549,2.525215,2,3,2025-11-07 08:31:22.405350
132,2.4868836,3.4701834,3,0,2025-11-07 08:31:22.405350
133,3.6125152,2.5164187,1,1,2025-11-07 08:31:22.406351
134,2.6672063,4.51729,2,2,2025-11-07 08:31:22.406351
135,3.5998015,4.531807,0,3,2025-11-07 08:31:22.407348
136,1.4447689,1.562866,3,0,2025-11-07 08:31:22.407348
137,1.4809775,1.5603559,1,1,2025-11-07 08:31:22.407348
138,1.6258302,1.5458434,2,2,2025-11-07 08:31:22.407348
139,1.5754778,4.326917,0,3,2025-11-07 08:31:22.412895
140,1.6221552,3.314667,1,0,2025-11-07 08:31:22.413893
141,1.6209096,4.3485117,2,1,2025-11-07 08:31:22.414909
142,2.5595558,1.517905,3,2,2025-11-07 08:31:22.414909
143,3.6104972,4.7557964,0,3,2025-11-07 08:31:22.414909
144,2.6842828,2.6907783,1,0,2025-11-07 08:31:22.415894
145,3.5526972,3.5121138,2,1,2025-11-07 08:31:22.415894
146,1.4639418,1.487494,3,2,2025-11-07 08:31:22.416893
147,4.4007187,4.4505186,0,3,2025-11-07 08:31:22.416893
148,2.4044306,4.3879976,1,0,2025-11-07 08:31:22.416893
149,4.420327,3.5326285,2,1,2025-11-07 08:31:22.416893
150,3.391422,3.4635673,0,2,2025-11-07 08:31:22.417893
151,4.438407,4.5467715,3,3,2025-11-07 08:31:22.417893
152,2.4464033,4.6082926,1,0,2025-11-07 08:31:22.417893
153,2.4301314,3.6111915,0,1,2025-11-07 08:31:22.417893
154,3.5070682,4.710177,2,2,2025-11-07 08:31:22.417893
155,4.621002,3.5479167,3,3,2025-11-07 08:31:22.418891
156,4.832988,3.4565592,1,0,2025-11-07 08:31:22.418891
157,3.7101421,4.3649807,0,1,2025-11-07 08:31:22.418891
158,4.69137,4.4215207,2,2,2025-11-07 08:31:22.418891
159,4.619581,1.4434726,3,3,2025-11-07 08:31:22.418891
160,1.6521432,4.633365,1,0,2025-11-07 08:31:22.419894
161,3.590571,3.4333906,0,1,2025-11-07 08:31:22.420404
162,2.4845574,2.3621528,3,2,2025-11-07 08:31:22.420404
163,3.5574245,1.5519289,2,3,2025-11-07 08:31:22.420404
164,1.5896511,4.6285954,1,0,2025-11-07 08:31:22.421415
165,2.5207257,1.5501608,3,1,2025-11-07 08:31:22.421415
166,1.4836512,1.6022053,0,2,2025-11-07 08:31:22.421415
167,1.5637678,4.5590563,2,3,2025-11-07 08:31:22.422425
168,4.498669,4.4172196,1,0,2025-11-07 08:31:22.422425
169,4.389453,4.52944,0,1,2025-11-07 08:31:22.422425
170,2.3762314,3.4926476,3,2,2025-11-07 08:31:22.422425
171,1.4075089,4.553055,1,3,2025-11-07 08:31:22.423427
172,1.496916,4.561295,2,0,2025-11-07 08:31:22.423427
173,1.6497355,4.4702063,0,1,2025-11-07 08:31:22.423427
174,1.7063878,1.4456227,3,2,2025-11-07 08:31:22.423427
175,2.5326614,2.527837,0,3,2025-11-07 08:31:22.424428
176,2.39767,1.4513617,1,0,2025-11-07 08:31:22.424428
177,4.4797263,1.5565917,2,1,2025-11-07 08:31:22.425430
178,1.5897692,1.7056092,3,2,2025-11-07 08:31:22.425430
179,4.5437503,1.6421639,0,3,2025-11-07 08:31:22.426427
180,1.5154399,1.4214578,1,0,2025-11-07 08:31:22.426427
181,1.442136,3.4868407,3,1,2025-11-07 08:31:22.427428
182,2.5468435,2.4909132,2,2,2025-11-07 08:31:22.430037
183,4.517624,3.4868426,0,3,2025-11-07 08:31:22.430953
184,1.5108005,1.4893246,1,0,2025-11-07 08:31:22.430953
185,4.575746,1.5852954,3,1,2025-11-07 08:31:22.430953
186,1.6485457,1.6120048,2,2,2025-11-07 08:31:22.431960
187,2.59807,4.508817,0,3,2025-11-07 08:31:22.433973
188,3.5874934,2.6693652,1,0,2025-11-07 08:31:22.434972
189,1.5867591,2.610268,2,1,2025-11-07 08:31:22.434972
190,3.612952,4.468966,0,2,2025-11-07 08:31:22.434972
191,2.5835094,4.367941,3,3,2025-11-07 08:31:22.434972
192,4.45496,2.457632,1,0,2025-11-07 08:31:22.435971
193,3.3514786,3.5375326,0,1,2025-11-07 08:31:22.435971
194,1.4546318,3.6092427,2,2,2025-11-07 08:31:22.435971
195,4.403909,2.5681126,3,3,2025-11-07 08:31:22.435971
196,2.3590384,3.5678282,1,0,2025-11-07 08:31:22.435971
197,4.334111,2.7037587,0,1,2025-11-07 08:31:22.436970
198,4.382667,3.709485,3,2,2025-11-07 08:31:22.436970
199,1.5431496,2.76962,2,3,2025-11-07 08:31:22.436970
200,2.490717,1.5593542,1,0,2025-11-07 08:31:22.436970
201,4.4561663,1.5642473,0,1,2025-11-07 08:31:22.436970
202,4.420728,1.5603251,3,2,2025-11-07 08:31:22.437971
203,3.399984,3.488588,2,3,2025-11-07 08:31:22.437971
204,1.4376075,2.6108365,1,0,2025-11-07 08:31:22.438973
205,3.5215101,1.5926932,0,1,2025-11-07 08:31:22.438973
206,4.5631475,4.76541,2,2,2025-11-07 08:31:22.439973
207,3.665953,2.4158738,3,3,2025-11-07 08:31:22.439973
208,2.5468874,3.4479024,2,0,2025-11-07 08:31:22.440484
209,4.5558515,2.4535217,1,1,2025-11-07 08:31:22.440484
210,2.6414917,3.5850997,0,2,2025-11-07 08:31:22.440484
211,2.4634192,1.6173481,2,3,2025-11-07 08:31:22.440484
212,3.4360871,1.6362324,3,0,2025-11-07 08:31:22.441496
213,1.4349422,3.5302446,1,1,2025-11-07 08:31:22.441496
214,3.5722442,4.5963497,0,2,2025-11-07 08:31:22.443510
215,4.49841,2.549001,2,3,2025-11-07 08:31:22.444506
216,2.5260415,4.533299,3,0,2025-11-07 08:31:22.444506
217,4.5037837,1.6968524,1,1,2025-11-07 08:31:22.445506
218,3.4669936,1.5219219,0,2,2025-11-07 08:31:22.445506
219,3.3488564,3.6367388,2,3,2025-11-07 08:31:22.446513
220,3.3995175,3.556692,3,0,2025-11-07 08:31:22.446513
221,3.512226,2.6137,1,1,2025-11-07 08:31:22.446513
222,3.5428946,2.5542822,0,2,2025-11-07 08:31:22.446513
223,3.5514026,4.5750427,2,3,2025-11-07 08:31:22.447507
224,3.4664783,1.5477711,3,0,2025-11-07 08:31:22.447507
225,4.428984,4.571942,0,1,2025-11-07 08:31:22.448509
226,3.4710937,2.3642037,1,2,2025-11-07 08:31:22.448509
227,4.5460787,2.4390547,2,3,2025-11-07 08:31:22.448509
228,2.6580448,2.4702597,3,0,2025-11-07 08:31:22.448509
229,3.5147173,4.6927795,0,1,2025-11-07 08:31:22.448509
230,4.5611134,4.527387,1,2,2025-11-07 08:31:22.450021
231,2.5449739,2.4182644,2,3,2025-11-07 08:31:22.450021
232,3.515185,2.4896624,3,0,2025-11-07 08:31:22.451038
233,4.3784456,4.669712,1,1,2025-11-07 08:31:22.452052
234,4.3970714,1.6551117,0,2,2025-11-07 08:31:22.452052
235,1.4101944,4.604759,2,3,2025-11-07 08:31:22.453055
236,4.4618354,2.5875027,3,0,2025-11-07 08:31:22.453055
237,2.6025393,4.673322,1,1,2025-11-07 08:31:22.453055
238,3.4645853,1.5359163,0,2,2025-11-07 08:31:22.453055
239,1.514911,2.621299,2,3,2025-11-07 08:31:22.453055
240,1.4440639,4.4680605,1,0,2025-11-07 08:31:22.454052
241,1.5761861,4.5988655,3,1,2025-11-07 08:31:22.454052
242,2.6325173,3.621417,0,2,2025-11-07 08:31:22.455051
243,3.552322,2.5555313,2,3,2025-11-07 08:31:22.455051
244,3.6334157,2.5681322,1,0,2025-11-07 08:31:22.455051
245,2.4239488,1.4521439,0,1,2025-11-07 08:31:22.456052
246,4.386284,3.3814168,3,2,2025-11-07 08:31:22.456052
247,3.4417472,4.468251,2,3,2025-11-07 08:31:22.456052
248,2.349403,2.3778923,1,0,2025-11-07 08:31:22.456052
249,1.3804343,3.4343286,0,1,2025-11-07 08:31:22.456052
250,4.5714025,1.4940364,3,2,2025-11-07 08:31:22.457048
251,1.6917435,4.5679207,2,3,2025-11-07 08:31:22.457048
252,3.646655,1.4666698,1,0,2025-11-07 08:31:22.457048
253,1.440162,2.571368,3,1,2025-11-07 08:31:22.457048
254,3.483862,1.4934132,0,2,2025-11-07 08:31:22.457048
255,3.5308251,2.46327,2,3,2025-11-07 08:31:22.458051
256,4.59355,3.5483081,1,0,2025-11-07 08:31:22.460053
257,3.4110556,2.4746122,0,1,2025-11-07 08:31:22.460564
258,2.3268354,1.4681435,3,2,2025-11-07 08:31:22.460564
259,4.3173366,3.4247823,2,3,2025-11-07 08:31:22.460564
260,3.4699202,2.3945012,1,0,2025-11-07 08:31:22.461577
261,4.5425963,2.4083388,0,1,2025-11-07 08:31:22.461577
262,2.641395,3.4953306,3,2,2025-11-07 08:31:22.462590
263,4.5642576,3.445125,1,3,2025-11-07 08:31:22.462590
264,4.5056877,1.4308221,2,0,2025-11-07 08:31:22.462590
265,4.5439267,1.5056934,3,1,2025-11-07 08:31:22.462590
266,3.4751348,1.5240115,0,2,2025-11-07 08:31:22.462590
267,3.539831,2.38416,1,3,2025-11-07 08:31:22.463591
268,2.565997,2.4734564,3,0,2025-11-07 08:31:22.464590
269,4.62418,4.45021,2,1,2025-11-07 08:31:22.464590
270,3.5974207,3.5098424,1,2,2025-11-07 08:31:22.464590
271,2.5567026,3.4261136,0,3,2025-11-07 08:31:22.464590
272,1.5409185,2.605832,3,0,2025-11-07 08:31:22.464590
273,3.4713576,4.515846,2,1,2025-11-07 08:31:22.465588
274,4.384084,1.4412117,1,2,2025-11-07 08:31:22.465588
275,1.4162387,3.5431435,0,3,2025-11-07 08:31:22.465588
276,4.343409,2.565758,2,0,2025-11-07 08:31:22.465588
277,4.4094987,2.583458,3,1,2025-11-07 08:31:22.466587
278,3.5046337,2.581512,1,2,2025-11-07 08:31:22.466587
279,2.38849,4.558638,0,3,2025-11-07 08:31:22.466587
280,4.565001,3.6857288,2,0,2025-11-07 08:31:22.466587
281,1.5627252,2.5539207,3,1,2025-11-07 08:31:22.467589
282,3.6092174,2.5932343,1,2,2025-11-07 08:31:22.467589
283,2.5434303,3.5742362,2,3,2025-11-07 08:31:22.467589
284,3.5041306,1.5902218,0,0,2025-11-07 08:31:22.467589
285,2.47333,3.6129506,1,1,2025-11-07 08:31:22.467589
286,3.4330869,2.8172348,2,2,2025-11-07 08:31:22.468589
287,2.5899534,1.7993913,3,3,2025-11-07 08:31:22.468589
288,2.686771,4.521665,0,0,2025-11-07 08:31:22.468589
289,4.663252,2.3700166,1,1,2025-11-07 08:31:22.468589
290,2.6206093,4.4572988,2,2,2025-11-07 08:31:22.468589
291,1.6678989,3.3740044,3,3,2025-11-07 08:31:22.468589
292,3.7494621,4.5487404,1,0,2025-11-07 08:31:22.468589
293,4.657378,4.6659527,0,1,2025-11-07 08:31:22.468589
294,3.5664952,1.4845046,3,2,2025-11-07 08:31:22.468589
295,1.5833024,2.6042647,1,3,2025-11-07 08:31:22.470098
296,1.4931607,4.507178,2,0,2025-11-07 08:31:22.470098
297,4.3442783,1.4817541,3,1,2025-11-07 08:31:22.471109
298,4.373989,2.5859425,0,2,2025-11-07 08:31:22.471109
299,4.4145026,3.536475,1,3,2025-11-07 08:31:22.471109
300,3.4126365,3.4337838,2,0,2025-11-07 08:31:22.471109
301,3.4980571,3.4123511,3,1,2025-11-07 08:31:22.472126
302,1.342178,2.4896345,0,2,2025-11-07 08:31:22.472126
303,1.3570766,3.571611,1,3,2025-11-07 08:31:22.472126
304,4.4925985,4.616808,2,0,2025-11-07 08:31:22.472126
305,3.696947,2.5466409,3,1,2025-11-07 08:31:22.472126
306,1.6144106,4.4796605,0,2,2025-11-07 08:31:22.473120
307,4.510503,2.5911193,1,3,2025-11-07 08:31:22.473120
308,4.42739,4.5456986,2,0,2025-11-07 08:31:22.474123
309,2.4624567,1.5354421,3,1,2025-11-07 08:31:22.474123
310,3.5447316,3.5422523,0,2,2025-11-07 08:31:22.474123
311,2.5332835,2.5757284,2,3,2025-11-07 08:31:22.476127
312,1.6170709,1.5696061,1,0,2025-11-07 08:31:22.476127
313,2.456015,1.5521816,0,1,2025-11-07 08:31:22.477130
314,1.3556969,1.6006587,3,2,2025-11-07 08:31:22.477130
315,3.369258,1.6981775,2,3,2025-11-07 08:31:22.477130
316,2.5037527,2.6041625,1,0,2025-11-07 08:31:22.477130
317,1.4796983,3.4546492,3,1,2025-11-07 08:31:22.477130
318,2.432479,1.5244963,0,2,2025-11-07 08:31:22.478124
319,1.6143379,3.479166,2,3,2025-11-07 08:31:22.478124
320,3.717416,3.5409448,1,0,2025-11-07 08:31:22.478124
321,4.620647,1.4491005,0,1,2025-11-07 08:31:22.478124
322,2.6012406,1.5309111,2,2,2025-11-07 08:31:22.479121
323,1.5165246,4.4876423,1,3,2025-11-07 08:31:22.479121
324,4.4417224,3.4678078,3,0,2025-11-07 08:31:22.479121
325,3.4110599,4.507799,0,1,2025-11-07 08:31:22.479121
326,4.5326376,3.4904656,2,2,2025-11-07 08:31:22.480633
327,4.504395,1.5569676,3,3,2025-11-07 08:31:22.481648
328,3.5566504,1.4547958,1,0,2025-11-07 08:31:22.481648
329,2.5600667,1.3669138,2,1,2025-11-07 08:31:22.481648
330,3.6681051,3.462236,0,2,2025-11-07 08:31:22.482659
331,4.6032557,2.5716705,1,3,2025-11-07 08:31:22.482659
332,1.6244298,3.5187066,3,0,2025-11-07 08:31:22.484663
333,3.612188,2.584639,2,1,2025-11-07 08:31:22.484663
334,1.4189811,1.5948807,1,2,2025-11-07 08:31:22.484663
335,2.4906776,1.6834017,0,3,2025-11-07 08:31:22.485661
336,4.528107,1.5139316,3,0,2025-11-07 08:31:22.485661
337,3.5491974,1.4100541,2,1,2025-11-07 08:31:22.485661
338,4.5216346,2.3124878,1,2,2025-11-07 08:31:22.486659
339,2.5719295,4.4591227,0,3,2025-11-07 08:31:22.486659
340,4.5286,4.4968696,3,0,2025-11-07 08:31:22.486659
341,3.467458,1.5508909,2,1,2025-11-07 08:31:22.487659
342,2.474415,2.4607253,0,2,2025-11-07 08:31:22.488665
343,1.4630473,2.5914617,1,3,2025-11-07 08:31:22.488665
344,3.5123806,2.5427988,3,0,2025-11-07 08:31:22.488665
345,2.5257487,4.424532,2,1,2025-11-07 08:31:22.488665
346,1.660224,2.3113625,0,2,2025-11-07 08:31:22.490175
347,3.6900315,1.3181666,1,3,2025-11-07 08:31:22.490175
348,2.5289412,3.3696651,3,0,2025-11-07 08:31:22.490175
349,3.37962,4.313058,0,1,2025-11-07 08:31:22.490175
350,2.5054681,3.4345512,2,2,2025-11-07 08:31:22.490175
351,3.5046887,2.44273,1,3,2025-11-07 08:31:22.490175
352,2.5414963,3.4625657,3,0,2025-11-07 08:31:22.491185
353,1.6226741,2.4160311,0,1,2025-11-07 08:31:22.491185
354,1.4614799,1.393641,2,2,2025-11-07 08:31:22.491185
355,1.5514246,1.4793456,1,3,2025-11-07 08:31:22.492197
356,2.6370404,4.4944425,0,0,2025-11-07 08:31:22.492197
357,2.5738065,2.5302663,3,1,2025-11-07 08:31:22.492197
358,3.5559256,2.384783,1,2,2025-11-07 08:31:22.493195
359,1.7131122,2.5363336,2,3,2025-11-07 08:31:22.493195
360,1.68125,4.6003847,0,0,2025-11-07 08:31:22.493195
361,1.563225,4.5341406,1,1,2025-11-07 08:31:22.493195
362,3.4110823,2.6811583,3,2,2025-11-07 08:31:22.494197
363,4.6208367,4.659339,2,3,2025-11-07 08:31:22.494197
364,2.6744204,3.5290165,0,0,2025-11-07 08:31:22.494197
365,3.6857567,4.6068134,1,1,2025-11-07 08:31:22.494197
366,1.6794826,1.4989581,3,2,2025-11-07 08:31:22.494197
367,4.4886427,1.5424604,0,3,2025-11-07 08:31:22.494197
368,3.5362668,2.4778574,2,0,2025-11-07 08:31:22.494197
369,2.436275,4.4970217,1,1,2025-11-07 08:31:22.495195
370,2.6281517,1.4438081,3,2,2025-11-07 08:31:22.495195
371,4.538488,4.3977113,0,3,2025-11-07 08:31:22.495195
372,2.575452,3.3401399,1,0,2025-11-07 08:31:22.495195
373,4.556083,3.366782,2,1,2025-11-07 08:31:22.495195
374,1.6691413,1.5623693,3,2,2025-11-07 08:31:22.495195
375,4.6235538,2.5823236,1,3,2025-11-07 08:31:22.496196
376,2.4891508,3.7189465,0,0,2025-11-07 08:31:22.496196
377,3.5222824,4.622555,3,1,2025-11-07 08:31:22.496196
378,4.468718,1.5970109,1,2,2025-11-07 08:31:22.496196
379,1.4623864,2.5168247,2,3,2025-11-07 08:31:22.496196
380,1.4380059,2.4391024,3,0,2025-11-07 08:31:22.497198
381,4.386304,4.3793178,0,1,2025-11-07 08:31:22.497198
382,3.3921096,1.5300318,1,2,2025-11-07 08:31:22.497198
383,4.4709697,1.532408,2,3,2025-11-07 08:31:22.498198
384,1.6014278,3.426817,3,0,2025-11-07 08:31:22.498198
385,1.562141,3.394236,0,1,2025-11-07 08:31:22.498198
386,4.51245,1.4880731,1,2,2025-11-07 08:31:22.498198
387,1.3875064,2.5263631,2,3,2025-11-07 08:31:22.498198
388,4.4293914,1.6748605,0,0,2025-11-07 08:31:22.499195
389,4.5847692,1.7368555,3,1,2025-11-07 08:31:22.499195
390,1.6764921,1.7602904,1,2,2025-11-07 08:31:22.499195
391,3.5018582,4.6100535,2,3,2025-11-07 08:31:22.499195
392,2.4015372,4.5259924,0,0,2025-11-07 08:31:22.500196
393,4.4227858,1.4489934,3,1,2025-11-07 08:31:22.500706
394,2.4839978,1.4619391,1,2,2025-11-07 08:31:22.500706
395,3.4330275,3.4464269,2,3,2025-11-07 08:31:22.502731
396,4.455614,4.48085,3,0,2025-11-07 08:31:22.502731
397,3.3302195,3.5107973,0,1,2025-11-07 08:31:22.502731
398,3.517061,3.644415,1,2,2025-11-07 08:31:22.503733
399,1.5275792,3.6078634,2,3,2025-11-07 08:31:22.503733
400,2.466889,3.4958246,3,0,2025-11-07 08:31:22.504731
401,2.5373523,3.574969,0,1,2025-11-07 08:31:22.504731
402,3.6183174,3.6719947,1,2,2025-11-07 08:31:22.504731
403,3.516212,4.5902934,2,3,2025-11-07 08:31:22.504731
404,3.471638,3.4959657,3,0,2025-11-07 08:31:22.504731
405,2.4562397,1.5552293,0,1,2025-11-07 08:31:22.505730
406,3.4510775,2.4977505,1,2,2025-11-07 08:31:22.505730
407,3.5900671,2.4254751,2,3,2025-11-07 08:31:22.505730
408,2.5539424,2.495214,3,0,2025-11-07 08:31:22.505730
409,3.454709,3.4428315,1,1,2025-11-07 08:31:22.506742
410,4.392531,2.4532301,0,2,2025-11-07 08:31:22.507732
411,4.4164934,1.3299303,2,3,2025-11-07 08:31:22.508730
412,4.53801,4.453851,3,0,2025-11-07 08:31:22.508730
413,1.5405653,4.4366827,1,1,2025-11-07 08:31:22.509731
414,3.5494626,3.530816,2,2,2025-11-07 08:31:22.509731
415,1.5131042,1.5419633,0,3,2025-11-07 08:31:22.510243
416,1.3083843,3.6516244,1,0,2025-11-07 08:31:22.510243
417,2.298311,1.6191343,3,1,2025-11-07 08:31:22.510243
418,2.3946996,1.5846068,2,2,2025-11-07 08:31:22.511257
419,4.488433,3.6149797,0,3,2025-11-07 08:31:22.511257
420,4.5182295,3.5240529,1,0,2025-11-07 08:31:22.511257
421,2.6697578,2.5537872,3,1,2025-11-07 08:31:22.511257
422,1.5700176,3.78647,2,2,2025-11-07 08:31:22.511257
423,1.3682489,1.8270426,1,3,2025-11-07 08:31:22.512266
424,2.3907769,1.6859245,0,0,2025-11-07 08:31:22.512266
425,1.3060143,4.719453,2,1,2025-11-07 08:31:22.513274
426,3.4764116,3.69057,3,2,2025-11-07 08:31:22.513274
427,2.5704794,2.5228162,1,3,2025-11-07 08:31:22.513274
428,2.4673028,1.601702,0,0,2025-11-07 08:31:22.513274
429,4.5862517,1.5641112,2,1,2025-11-07 08:31:22.513274
430,2.6877184,1.5514724,3,2,2025-11-07 08:31:22.513274
431,2.5951052,4.406642,1,3,2025-11-07 08:31:22.514273
432,2.6477056,2.491424,0,0,2025-11-07 08:31:22.514273
433,3.5967371,2.5276752,2,1,2025-11-07 08:31:22.514273
434,4.5641537,4.4747705,1,2,2025-11-07 08:31:22.514273
435,2.4811034,2.526928,3,3,2025-11-07 08:31:22.514273
436,1.4320908,2.479268,0,0,2025-11-07 08:31:22.515271
437,1.4744728,1.4274915,2,1,2025-11-07 08:31:22.515271
438,3.596974,4.504917,1,2,2025-11-07 08:31:22.515271
439,2.6337109,2.4079332,3,3,2025-11-07 08:31:22.515271
440,2.6735427,4.3532805,0,0,2025-11-07 08:31:22.515271
441,3.6558046,1.4479902,2,1,2025-11-07 08:31:22.515271
442,1.7375259,4.4247437,1,2,2025-11-07 08:31:22.516271
443,4.7342224,3.3833623,3,3,2025-11-07 08:31:22.516271
444,4.529478,1.4055837,0,0,2025-11-07 08:31:22.516271
445,3.4501748,3.2580025,1,1,2025-11-07 08:31:22.516271
446,3.483038,4.4405622,2,2,2025-11-07 08:31:22.516271
447,3.6389627,3.6223671,3,3,2025-11-07 08:31:22.517270
448,2.4269226,2.789199,0,0,2025-11-07 08:31:22.517270
449,2.3457322,1.7060337,1,1,2025-11-07 08:31:22.517270
450,2.2958522,4.675974,3,2,2025-11-07 08:31:22.517270
451,2.33399,1.6734208,2,3,2025-11-07 08:31:22.517270
452,1.4201472,2.4337115,0,0,2025-11-07 08:31:22.517270
453,2.395343,3.4013224,3,1,2025-11-07 08:31:22.518271
454,1.5641018,3.5369282,1,2,2025-11-07 08:31:22.518271
455,3.4561608,4.404479,2,3,2025-11-07 08:31:22.518271
456,1.3603938,1.3669226,3,0,2025-11-07 08:31:22.518271
457,1.4462757,1.4730238,0,1,2025-11-07 08:31:22.518271
458,1.551818,1.6066724,1,2,2025-11-07 08:31:22.518271
459,3.5819705,3.7532396,2,3,2025-11-07 08:31:22.518271
460,4.645236,1.5675094,3,0,2025-11-07 08:31:22.518271
461,4.6285667,4.482069,0,1,2025-11-07 08:31:22.519780
462,2.5629776,3.437285,1,2,2025-11-07 08:31:22.519780
463,3.5962346,1.445525,2,3,2025-11-07 08:31:22.519780
464,4.463996,4.5250845,0,0,2025-11-07 08:31:22.519780
465,3.555675,2.5092697,3,1,2025-11-07 08:31:22.519780
466,2.5374968,3.5412254,1,2,2025-11-07 08:31:22.519780
467,1.5458866,2.5482209,2,3,2025-11-07 08:31:22.520794
468,2.6638327,3.4119976,0,0,2025-11-07 08:31:22.520794
469,3.7271736,2.4445393,3,1,2025-11-07 08:31:22.520794
470,3.7404773,1.4588497,1,2,2025-11-07 08:31:22.521801
471,1.6576796,1.593508,0,3,2025-11-07 08:31:22.521801
472,1.566612,3.7100868,2,0,2025-11-07 08:31:22.521801
473,4.517862,4.7860365,3,1,2025-11-07 08:31:22.521801
474,4.5484996,2.6185179,1,2,2025-11-07 08:31:22.522815
475,3.5246603,1.5906615,0,3,2025-11-07 08:31:22.522815
476,4.4920464,1.5453434,2,0,2025-11-07 08:31:22.522815
477,3.490775,1.7098899,1,1,2025-11-07 08:31:22.523817
478,1.5192858,2.6244802,3,2,2025-11-07 08:31:22.523817
479,1.4865732,2.6222718,0,3,2025-11-07 08:31:22.523817
480,4.509249,1.3943543,2,0,2025-11-07 08:31:22.525816
481,1.5349109,4.5211077,1,1,2025-11-07 08:31:22.525816
482,1.5995401,4.3782983,3,2,2025-11-07 08:31:22.525816
483,1.5805244,2.5783165,0,3,2025-11-07 08:31:22.526814
484,1.6984391,3.5145633,1,0,2025-11-07 08:31:22.526814
485,4.586585,1.5625734,2,1,2025-11-07 08:31:22.527811
486,2.5927656,3.5061655,3,2,2025-11-07 08:31:22.527811
487,3.59258,2.457989,0,3,2025-11-07 08:31:22.527811
488,1.4742081,3.5073586,1,0,2025-11-07 08:31:22.527811
489,2.418054,3.4550118,3,1,2025-11-07 08:31:22.527811
490,4.318357,1.5485746,2,2,2025-11-07 08:31:22.529323
491,1.3505571,4.369943,0,3,2025-11-07 08:31:22.529323
492,2.53651,4.4490795,1,0,2025-11-07 08:31:22.529878
493,1.5159874,4.492174,3,1,2025-11-07 08:31:22.529878
494,1.5909266,4.487943,2,2,2025-11-07 08:31:22.530890
495,3.5703769,4.566395,0,3,2025-11-07 08:31:22.530890
496,4.5910454,1.5161667,1,0,2025-11-07 08:31:22.530890
497,4.6276097,3.4943812,3,1,2025-11-07 08:31:22.530890
498,2.6311789,2.4678445,2,2,2025-11-07 08:31:22.531890
499,3.4635515,3.5006046,3,3,2025-11-07 08:31:22.531890
500,2.6145144,1.5621351,1,0,2025-11-07 08:31:22.533904
501,2.6498375,1.5038782,0,1,2025-11-07 08:31:22.533904
502,2.6745605,3.531558,2,2,2025-11-07 08:31:22.534899
503,1.6634086,2.5726094,0,3,2025-11-07 08:31:22.534899
504,1.543623,3.501203,3,0,2025-11-07 08:31:22.534899
505,3.4353924,1.4122171,1,1,2025-11-07 08:31:22.535900
506,4.485084,3.296459,2,2,2025-11-07 08:31:22.535900
507,4.762879,2.4298759,0,3,2025-11-07 08:31:22.535900
508,2.7294517,1.66398,3,0,2025-11-07 08:31:22.535900
509,4.628455,3.721832,1,1,2025-11-07 08:31:22.535900
510,4.4497323,3.5816147,2,2,2025-11-07 08:31:22.536903
511,3.437639,2.5693724,0,3,2025-11-07 08:31:22.536903
512,1.4439402,4.4635367,3,0,2025-11-07 08:31:22.536903
513,4.4031415,3.4784741,1,1,2025-11-07 08:31:22.537898
514,1.378268,4.372608,0,2,2025-11-07 08:31:22.537898
515,1.3491323,1.5914968,3,3,2025-11-07 08:31:22.537898
516,4.4773583,4.666418,2,0,2025-11-07 08:31:22.537898
517,1.5373439,4.406945,1,1,2025-11-07 08:31:22.537898
518,4.5784564,3.4257414,0,2,2025-11-07 08:31:22.538905
519,4.6386585,3.4080899,2,3,2025-11-07 08:31:22.539906
520,3.6365547,2.6070304,3,0,2025-11-07 08:31:22.539906
521,2.5794656,1.4934508,1,1,2025-11-07 08:31:22.540419
522,4.6410933,3.5925698,0,2,2025-11-07 08:31:22.540419
523,3.6780415,2.5597959,3,3,2025-11-07 08:31:22.540419
524,2.5424795,4.568172,1,0,2025-11-07 08:31:22.541434
525,4.408824,1.5102535,0,1,2025-11-07 08:31:22.541434
526,2.493308,3.3114223,3,2,2025-11-07 08:31:22.541434
527,2.4207804,3.357569,2,3,2025-11-07 08:31:22.542448
528,4.3782372,4.3734818,1,0,2025-11-07 08:31:22.542448
529,1.47876,3.3408499,0,1,2025-11-07 08:31:22.542448
530,2.5664265,4.375265,3,2,2025-11-07 08:31:22.543446
531,4.5793495,2.434077,2,3,2025-11-07 08:31:22.543446
532,4.5617356,2.475019,0,0,2025-11-07 08:31:22.543446
533,4.5373535,1.4469273,1,1,2025-11-07 08:31:22.544448
534,4.518521,4.5385256,3,2,2025-11-07 08:31:22.544448
535,1.5988802,2.4653172,2,3,2025-11-07 08:31:22.544448
536,1.6762854,1.578726,0,0,2025-11-07 08:31:22.544448
537,2.5096376,3.6165404,1,1,2025-11-07 08:31:22.545459
538,3.4364543,1.4854414,3,2,2025-11-07 08:31:22.545459
539,2.4843903,3.670877,2,3,2025-11-07 08:31:22.546449
540,2.422433,1.5921168,0,0,2025-11-07 08:31:22.547446
541,2.4987576,4.4742346,1,1,2025-11-07 08:31:22.548450
542,1.459846,1.6003487,3,2,2025-11-07 08:31:22.548450
543,2.5321887,3.4863906,2,3,2025-11-07 08:31:22.548450
544,3.5131223,1.5975049,1,0,2025-11-07 08:31:22.548450
545,2.5722802,3.4673862,0,1,2025-11-07 08:31:22.548450
546,4.553323,2.4461424,2,2,2025-11-07 08:31:22.549964
547,4.663861,2.4536943,3,3,2025-11-07 08:31:22.550982
548,2.650578,3.324686,1,0,2025-11-07 08:31:22.550982
549,2.5373752,2.4464343,0,1,2025-11-07 08:31:22.551998
550,1.5380964,2.6028829,2,2,2025-11-07 08:31:22.557013
551,2.4673214,4.522532,1,3,2025-11-07 08:31:22.557999
552,4.603893,3.5425189,3,0,2025-11-07 08:31:22.557999
553,2.5530696,3.5256972,2,1,2025-11-07 08:31:22.557999
554,2.478461,1.5076337,0,2,2025-11-07 08:31:22.559995
555,2.444973,1.6633949,3,3,2025-11-07 08:31:22.561145
556,2.385611,1.477488,1,0,2025-11-07 08:31:22.561663
557,2.3877225,4.381371,2,1,2025-11-07 08:31:22.561663
558,4.4099884,4.332992,0,2,2025-11-07 08:31:22.561663
559,4.4643073,1.388947,3,3,2025-11-07 08:31:22.562681
560,2.549213,4.4708824,2,0,2025-11-07 08:31:22.562681
561,3.5771208,4.4195137,1,1,2025-11-07 08:31:22.562681
562,3.4192083,1.5511166,0,2,2025-11-07 08:31:22.562681
563,2.5010514,3.5038924,3,3,2025-11-07 08:31:22.562681
564,1.5588062,3.468341,2,0,2025-11-07 08:31:22.562681
565,3.564316,4.4633465,1,1,2025-11-07 08:31:22.562681
566,4.508803,3.4678547,3,2,2025-11-07 08:31:22.563679
567,3.432797,3.3933825,2,3,2025-11-07 08:31:22.563679
568,2.5483956,1.5339878,1,0,2025-11-07 08:31:22.563679
569,3.596772,4.3560834,3,1,2025-11-07 08:31:22.563679
570,2.6568696,1.2903737,0,2,2025-11-07 08:31:22.563679
571,3.5787544,1.3555098,3,3,2025-11-07 08:31:22.563679
572,1.6786282,1.3797512,2,0,2025-11-07 08:31:22.563679
573,3.537352,1.4865849,1,1,2025-11-07 08:31:22.564678
574,3.3397894,3.4688394,3,2,2025-11-07 08:31:22.564678
575,4.4040813,2.5882587,0,3,2025-11-07 08:31:22.564678
576,4.4034257,1.4987994,2,0,2025-11-07 08:31:22.564678
577,1.4526514,4.62776,1,1,2025-11-07 08:31:22.564678
578,1.5790292,3.5569825,3,2,2025-11-07 08:31:22.564678
579,3.5312192,1.6284106,2,3,2025-11-07 08:31:22.564678
580,1.4015317,1.5267265,0,0,2025-11-07 08:31:22.564678
581,1.3511939,3.5138156,3,1,2025-11-07 08:31:22.565674
582,2.3749652,1.6519551,1,2,2025-11-07 08:31:22.565674
583,1.4902052,4.6449213,2,3,2025-11-07 08:31:22.565674
584,4.386373,2.7027512,3,0,2025-11-07 08:31:22.565674
585,2.459983,2.6679802,0,1,2025-11-07 08:31:22.566675
586,1.5060608,4.447861,1,2,2025-11-07 08:31:22.566675
587,2.6479936,1.3545012,2,3,2025-11-07 08:31:22.566675
588,3.7002246,1.4402153,0,0,2025-11-07 08:31:22.566675
589,4.4894075,3.4723208,3,1,2025-11-07 08:31:22.567675
590,1.5172646,3.5888152,1,2,2025-11-07 08:31:22.567675
591,3.5629077,4.511451,0,3,2025-11-07 08:31:22.567675
592,3.6140528,1.5331726,2,0,2025-11-07 08:31:22.567675
593,1.521447,4.552334,1,1,2025-11-07 08:31:22.568675
594,1.4960902,2.4091146,3,2,2025-11-07 08:31:22.568675
595,2.5398917,4.4476185,0,3,2025-11-07 08:31:22.568675
596,2.5006278,2.5663657,2,0,2025-11-07 08:31:22.568675
597,3.600106,2.5313299,3,1,2025-11-07 08:31:22.568675
598,4.6285014,2.6095214,1,2,2025-11-07 08:31:22.568675
599,4.5045786,4.5991187,3,3,2025-11-07 08:31:22.570251
600,2.5628116,4.673312,0,0,2025-11-07 08:31:22.571201
601,4.599972,2.5477188,2,1,2025-11-07 08:31:22.571201
602,4.7064314,4.492161,1,2,2025-11-07 08:31:22.571201
603,1.6288075,2.3418674,3,3,2025-11-07 08:31:22.572214
604,1.4580508,4.4879355,0,0,2025-11-07 08:31:22.572214
605,4.5308313,4.483699,2,1,2025-11-07 08:31:22.572214
606,3.574576,2.5311127,1,2,2025-11-07 08:31:22.572214
607,1.624919,3.4441738,3,3,2025-11-07 08:31:22.572214
608,3.4756975,4.4579988,2,0,2025-11-07 08:31:22.573212
609,2.4515638,4.587804,0,1,2025-11-07 08:31:22.573212
610,2.3805819,1.4124317,1,2,2025-11-07 08:31:22.573212
611,1.5043758,4.341974,3,3,2025-11-07 08:31:22.573212
612,1.4404093,2.3589385,2,0,2025-11-07 08:31:22.574214
613,1.498558,2.3852596,0,1,2025-11-07 08:31:22.574214
614,1.6943787,1.4269216,1,2,2025-11-07 08:31:22.574214
615,4.5233684,1.3863842,3,3,2025-11-07 08:31:22.574214
616,3.4534078,4.457412,2,0,2025-11-07 08:31:22.576215
617,1.3732724,3.46116,0,1,2025-11-07 08:31:22.577219
618,3.356501,3.5652432,1,2,2025-11-07 08:31:22.577219
619,2.4144654,4.5931835,3,3,2025-11-07 08:31:22.580779
620,4.366261,3.601747,0,0,2025-11-07 08:31:22.580779
621,2.539664,2.5645244,2,1,2025-11-07 08:31:22.580779
622,3.646345,3.4416506,1,2,2025-11-07 08:31:22.580779
623,3.6297245,1.3877926,3,3,2025-11-07 08:31:22.581749
624,1.6477239,2.4433222,0,0,2025-11-07 08:31:22.581749
625,4.6488757,2.561066,2,1,2025-11-07 08:31:22.581749
626,3.5703013,3.4466538,1,2,2025-11-07 08:31:22.581749
627,4.492481,4.42094,3,3,2025-11-07 08:31:22.581749
628,1.5131124,2.4975514,0,0,2025-11-07 08:31:22.582745
629,2.4087758,4.526484,2,1,2025-11-07 08:31:22.582745
630,3.3672497,2.545496,1,2,2025-11-07 08:31:22.582745
631,2.2822592,4.6180744,0,3,2025-11-07 08:31:22.582745
632,4.294724,4.5961785,3,0,2025-11-07 08:31:22.582745
633,4.3459435,2.4423683,2,1,2025-11-07 08:31:22.582745
634,4.374471,4.552665,1,2,2025-11-07 08:31:22.583746
635,2.5170238,3.500505,0,3,2025-11-07 08:31:22.583746
636,1.6347228,1.3871049,3,0,2025-11-07 08:31:22.583746
637,4.8279433,3.489888,2,1,2025-11-07 08:31:22.583746
638,3.6916738,2.5953894,1,2,2025-11-07 08:31:22.583746
639,2.508952,3.5646029,2,3,2025-11-07 08:31:22.583746
640,4.4747686,4.379006,0,0,2025-11-07 08:31:22.584747
641,3.5947082,2.4503648,3,1,2025-11-07 08:31:22.584747
642,3.542999,2.5178914,1,2,2025-11-07 08:31:22.584747
643,4.570109,4.4158425,2,3,2025-11-07 08:31:22.584747
644,1.5247848,4.4735365,0,0,2025-11-07 08:31:22.584747
645,3.54089,3.4595106,3,1,2025-11-07 08:31:22.584747
646,3.5968547,2.4033945,2,2,2025-11-07 08:31:22.585743
647,4.709954,3.3217535,1,3,2025-11-07 08:31:22.585743
648,3.750746,2.3045547,0,0,2025-11-07 08:31:22.585743
649,3.6005793,4.596977,3,1,2025-11-07 08:31:22.585743
650,2.6550462,4.641791,2,2,2025-11-07 08:31:22.585743
651,4.5211816,3.5720854,1,3,2025-11-07 08:31:22.586750
652,2.4524844,4.6817107,0,0,2025-11-07 08:31:22.586750
653,3.54705,4.55967,3,1,2025-11-07 08:31:22.586750
654,3.4094892,1.6721941,2,2,2025-11-07 08:31:22.586750
655,4.5302615,4.6872864,0,3,2025-11-07 08:31:22.586750
656,3.618553,2.619487,1,0,2025-11-07 08:31:22.587746
657,4.4059925,1.6262033,2,1,2025-11-07 08:31:22.587746
658,1.4523804,3.5465329,3,2,2025-11-07 08:31:22.587746
659,2.477601,4.5331726,0,3,2025-11-07 08:31:22.587746
660,1.5771478,1.4869521,1,0,2025-11-07 08:31:22.587746
661,1.5368037,1.3835803,2,1,2025-11-07 08:31:22.587746
662,1.488584,4.339795,3,2,2025-11-07 08:31:22.587746
663,2.5289927,3.4484446,0,3,2025-11-07 08:31:22.587746
664,3.3877592,4.584197,2,0,2025-11-07 08:31:22.588749
665,4.4966025,1.5945337,1,1,2025-11-07 08:31:22.588749
666,4.4639006,4.511665,0,2,2025-11-07 08:31:22.588749
667,2.467502,1.3353361,3,3,2025-11-07 08:31:22.588749
668,3.4019597,1.5174243,2,0,2025-11-07 08:31:22.588749
669,2.364033,4.420986,1,1,2025-11-07 08:31:22.588749
670,4.399254,1.5735166,0,2,2025-11-07 08:31:22.588749
671,2.5334077,3.6077275,3,3,2025-11-07 08:31:22.588749
672,4.5288258,4.569327,2,0,2025-11-07 08:31:22.588749
673,4.58179,1.618545,1,1,2025-11-07 08:31:22.588749
674,2.485594,2.520482,0,2,2025-11-07 08:31:22.588749
675,3.4735146,1.4757574,3,3,2025-11-07 08:31:22.590257
676,3.370926,2.571307,2,0,2025-11-07 08:31:22.591270
677,1.3075099,4.49033,0,1,2025-11-07 08:31:22.591270
678,2.4377003,3.578848,1,2,2025-11-07 08:31:22.591270
679,1.4974437,1.5260913,2,3,2025-11-07 08:31:22.594284
680,2.6938345,3.5986023,3,0,2025-11-07 08:31:22.595283
681,3.6724973,3.589231,0,1,2025-11-07 08:31:22.595283
682,2.569182,3.6506333,1,2,2025-11-07 08:31:22.596284
683,3.4608455,1.4203463,2,3,2025-11-07 08:31:22.596284
684,3.4040506,4.651975,3,0,2025-11-07 08:31:22.597288
685,2.427216,1.5732409,1,1,2025-11-07 08:31:22.597288
686,3.309652,1.5845668,2,2,2025-11-07 08:31:22.597288
687,1.4517882,2.5951552,0,3,2025-11-07 08:31:22.597288
688,1.3678851,1.6907767,3,0,2025-11-07 08:31:22.597288
689,1.4170411,2.5694468,1,1,2025-11-07 08:31:22.597288
690,3.4878478,4.408818,2,2,2025-11-07 08:31:22.598282
691,2.4371083,1.4884267,3,3,2025-11-07 08:31:22.598282
692,2.5523026,2.595604,0,0,2025-11-07 08:31:22.598282
693,3.3902893,3.529951,1,1,2025-11-07 08:31:22.598282
694,2.3809612,3.5737207,2,2,2025-11-07 08:31:22.598282
695,1.341723,1.6763606,0,3,2025-11-07 08:31:22.598282
696,4.5553823,4.6286874,3,0,2025-11-07 08:31:22.598282
697,1.51741,3.4773304,1,1,2025-11-07 08:31:22.599805
698,4.5852985,2.515533,2,2,2025-11-07 08:31:22.599805
699,3.5853553,4.4626374,3,3,2025-11-07 08:31:22.599805
700,2.405132,2.4907787,0,0,2025-11-07 08:31:22.600816
701,1.4723405,3.5754023,1,1,2025-11-07 08:31:22.600816
702,2.449854,2.4937425,2,2,2025-11-07 08:31:22.600816
703,1.4510207,1.6253732,3,3,2025-11-07 08:31:22.600816
704,2.3713307,1.6211799,0,0,2025-11-07 08:31:22.600816
705,4.4265814,4.5678196,1,1,2025-11-07 08:31:22.600816
706,1.5725633,3.420703,2,2,2025-11-07 08:31:22.600816
707,3.5923533,4.624965,3,3,2025-11-07 08:31:22.600816
708,3.502541,4.5280113,0,0,2025-11-07 08:31:22.601819
709,3.518905,3.5173833,1,1,2025-11-07 08:31:22.601819
710,3.5687034,1.5135616,2,2,2025-11-07 08:31:22.601819
711,3.4778607,3.577531,3,3,2025-11-07 08:31:22.602830
712,3.5697849,3.544937,0,0,2025-11-07 08:31:22.602830
713,1.4665228,1.6472945,1,1,2025-11-07 08:31:22.602830
714,1.6023682,1.5314507,2,2,2025-11-07 08:31:22.602830
715,3.646103,3.5725877,0,3,2025-11-07 08:31:22.602830
716,3.6714394,3.400377,3,0,2025-11-07 08:31:22.602830
717,3.4916606,2.342937,1,1,2025-11-07 08:31:22.602830
718,3.4275544,1.4038315,2,2,2025-11-07 08:31:22.602830
719,3.3919566,2.3947208,0,3,2025-11-07 08:31:22.603833
720,3.4474661,3.382233,3,0,2025-11-07 08:31:22.603833
721,4.5321617,1.3265996,1,1,2025-11-07 08:31:22.603833
722,3.639572,4.4546456,2,2,2025-11-07 08:31:22.603833
723,2.6202443,4.4968905,0,3,2025-11-07 08:31:22.603833
724,4.611799,1.4868913,1,0,2025-11-07 08:31:22.603833
725,3.6322205,4.5003157,3,1,2025-11-07 08:31:22.603833
726,2.4466865,1.4664128,0,2,2025-11-07 08:31:22.604830
727,3.3215797,1.4135787,1,3,2025-11-07 08:31:22.604830
728,2.3903265,3.427487,2,0,2025-11-07 08:31:22.604830
729,2.5070276,1.6154903,3,1,2025-11-07 08:31:22.604830
730,3.5682902,1.6358583,0,2,2025-11-07 08:31:22.605830
731,4.500494,2.510687,2,3,2025-11-07 08:31:22.605830
732,3.5985873,3.5547645,1,0,2025-11-07 08:31:22.605830
733,2.739015,4.6771746,3,1,2025-11-07 08:31:22.605830
734,1.6343617,4.752348,2,2,2025-11-07 08:31:22.606831
735,4.482969,3.583892,1,3,2025-11-07 08:31:22.606831
736,1.4299363,1.532467,0,0,2025-11-07 08:31:22.606831
737,2.4493444,1.5928954,3,1,2025-11-07 08:31:22.606831
738,2.4819026,4.558964,2,2,2025-11-07 08:31:22.606831
739,4.4610395,4.700754,1,3,2025-11-07 08:31:22.607830
740,4.4577136,1.5464927,0,0,2025-11-07 08:31:22.607830
741,2.6657686,4.416761,3,1,2025-11-07 08:31:22.610346
742,3.5865414,4.4159617,2,2,2025-11-07 08:31:22.610346
743,3.4620962,1.5210588,1,3,2025-11-07 08:31:22.611359
744,1.3406022,3.5119154,0,0,2025-11-07 08:31:22.611359
745,1.384399,3.4889615,3,1,2025-11-07 08:31:22.611359
746,1.4749303,1.4978861,2,2,2025-11-07 08:31:22.611359
747,2.6043706,4.5655956,1,3,2025-11-07 08:31:22.612370
748,4.4604325,2.5216284,3,0,2025-11-07 08:31:22.612370
749,3.5022764,4.5620255,0,1,2025-11-07 08:31:22.612370
750,4.4600515,1.5755183,1,2,2025-11-07 08:31:22.612370
751,4.4542713,3.670642,2,3,2025-11-07 08:31:22.613373
752,4.4042916,4.6061807,0,0,2025-11-07 08:31:22.613373
753,3.4941201,2.633118,3,1,2025-11-07 08:31:22.613373
754,3.5872498,2.594561,2,2,2025-11-07 08:31:22.613373
755,4.5694757,2.4791794,1,3,2025-11-07 08:31:22.613373
756,1.6358962,1.4591825,3,0,2025-11-07 08:31:22.613373
757,1.6260957,2.5056238,0,1,2025-11-07 08:31:22.614370
758,4.658108,4.740731,2,2,2025-11-07 08:31:22.614370
759,3.6235526,1.6904591,0,3,2025-11-07 08:31:22.614370
760,3.5126672,2.6490135,3,0,2025-11-07 08:31:22.615369
761,3.5014546,1.6512632,1,1,2025-11-07 08:31:22.615369
762,3.5867853,4.4837327,2,2,2025-11-07 08:31:22.615369
763,1.5776622,4.41232,3,3,2025-11-07 08:31:22.615369
764,2.5565207,1.5002348,0,0,2025-11-07 08:31:22.615369
765,3.4889812,2.3805602,1,1,2025-11-07 08:31:22.616368
766,2.595274,4.4629974,2,2,2025-11-07 08:31:22.616368
767,4.4376454,3.4723403,0,3,2025-11-07 08:31:22.616368
768,4.435491,4.648647,3,0,2025-11-07 08:31:22.616368
769,3.5017986,3.6727076,1,1,2025-11-07 08:31:22.616368
770,1.4889706,1.6164588,2,2,2025-11-07 08:31:22.616368
771,3.5458207,3.6768126,0,3,2025-11-07 08:31:22.617368
772,2.5900092,3.6579106,3,0,2025-11-07 08:31:22.618372
773,4.5619555,4.5225644,1,1,2025-11-07 08:31:22.618372
774,4.497646,2.596489,2,2,2025-11-07 08:31:22.618372
775,2.4509597,3.5512297,0,3,2025-11-07 08:31:22.618372
776,3.550513,2.6218953,3,0,2025-11-07 08:31:22.618372
777,2.548618,3.5283964,1,1,2025-11-07 08:31:22.618372
778,4.5075645,1.4428568,2,2,2025-11-07 08:31:22.618372
779,2.5248904,1.4822443,0,3,2025-11-07 08:31:22.619883
780,4.5543523,4.5519314,1,0,2025-11-07 08:31:22.619883
781,3.4838932,4.6432114,3,1,2025-11-07 08:31:22.619883
782,4.37698,3.5148554,2,2,2025-11-07 08:31:22.619883
783,3.55974,2.5055373,0,3,2025-11-07 08:31:22.619883
784,2.7380064,1.3942893,1,0,2025-11-07 08:31:22.619883
785,1.6881181,3.5276093,3,1,2025-11-07 08:31:22.619883
786,1.6745349,1.4576283,2,2,2025-11-07 08:31:22.620895
787,1.6176983,4.4782467,1,3,2025-11-07 08:31:22.620895
788,2.5341253,2.4872975,3,0,2025-11-07 08:31:22.620895
789,3.537904,3.4638212,0,1,2025-11-07 08:31:22.620895
790,4.5570593,2.5014699,1,2,2025-11-07 08:31:22.621901
791,3.4736257,1.4726598,2,3,2025-11-07 08:31:22.621901
792,3.4979813,1.3239233,3,0,2025-11-07 08:31:22.621901
793,4.4352717,1.4520466,0,1,2025-11-07 08:31:22.622914
794,2.5278215,1.5222166,1,2,2025-11-07 08:31:22.622914
795,2.4903708,2.5013757,2,3,2025-11-07 08:31:22.622914
796,4.5079203,2.438946,3,0,2025-11-07 08:31:22.622914
797,3.5903404,3.3198624,0,1,2025-11-07 08:31:22.622914
798,3.5971963,1.3592281,1,2,2025-11-07 08:31:22.623912
799,3.684519,4.3477564,2,3,2025-11-07 08:31:22.623912
800,1.6477933,3.4822392,0,0,2025-11-07 08:31:22.623912
801,1.624483,4.620881,1,1,2025-11-07 08:31:22.623912
802,2.5317638,3.5088947,3,2,2025-11-07 08:31:22.623912
803,2.5952332,1.433579,2,3,2025-11-07 08:31:22.624913
804,1.6112494,3.5936947,0,0,2025-11-07 08:31:22.625914
805,1.5888382,1.4661102,1,1,2025-11-07 08:31:22.625914
806,4.486638,2.5888267,2,2,2025-11-07 08:31:22.625914
807,1.4353865,2.6615672,3,3,2025-11-07 08:31:22.625914
808,2.4605627,3.6373894,1,0,2025-11-07 08:31:22.626913
809,1.5300963,4.436985,0,1,2025-11-07 08:31:22.626913
810,1.5285625,3.4681528,2,2,2025-11-07 08:31:22.626913
811,2.4651315,2.4906418,1,3,2025-11-07 08:31:22.626913
812,2.546506,3.501734,3,0,2025-11-07 08:31:22.626913
813,1.5752828,1.5649457,0,1,2025-11-07 08:31:22.627916
814,3.631807,3.4728184,1,2,2025-11-07 08:31:22.627916
815,3.5833883,2.412458,3,3,2025-11-07 08:31:22.627916
816,1.5287063,2.5270708,2,0,2025-11-07 08:31:22.627916
817,3.3931923,3.628326,1,1,2025-11-07 08:31:22.627916
818,1.4951046,1.5735139,0,2,2025-11-07 08:31:22.629430
819,2.4177146,3.5533023,3,3,2025-11-07 08:31:22.629976
820,4.529039,3.5633664,2,0,2025-11-07 08:31:22.629976
821,4.599411,2.5411909,1,1,2025-11-07 08:31:22.629976
822,4.610043,4.4736004,0,2,2025-11-07 08:31:22.632012
823,1.6613948,1.5184968,3,3,2025-11-07 08:31:22.632012
824,3.6612637,2.388299,2,0,2025-11-07 08:31:22.632012
825,4.65138,4.439153,1,1,2025-11-07 08:31:22.632012
826,4.6910467,4.3658233,0,2,2025-11-07 08:31:22.632012
827,4.662666,4.409358,3,3,2025-11-07 08:31:22.633010
828,4.4907804,4.4815855,1,0,2025-11-07 08:31:22.633010
829,4.4194417,4.428498,2,1,2025-11-07 08:31:22.634013
830,2.4566422,4.331322,0,2,2025-11-07 08:31:22.634013
831,1.4875472,3.369957,3,3,2025-11-07 08:31:22.634013
832,4.419921,3.4749587,2,0,2025-11-07 08:31:22.634013
833,2.5071585,4.5052695,1,1,2025-11-07 08:31:22.634013
834,4.570327,4.523331,0,2,2025-11-07 08:31:22.635010
835,3.600305,1.6951975,3,3,2025-11-07 08:31:22.635010
836,4.5680065,3.7181559,2,0,2025-11-07 08:31:22.635010
837,4.4804115,4.710601,0,1,2025-11-07 08:31:22.635010
838,3.4799051,3.6384714,1,2,2025-11-07 08:31:22.636014
839,4.4079275,3.6438851,3,3,2025-11-07 08:31:22.636014
840,2.4428122,4.618038,2,0,2025-11-07 08:31:22.637008
841,3.5199752,4.6028256,0,1,2025-11-07 08:31:22.637008
842,3.5987597,1.6931252,1,2,2025-11-07 08:31:22.637008
843,4.623121,3.5516207,3,3,2025-11-07 08:31:22.637008
844,1.471325,4.4637012,0,0,2025-11-07 08:31:22.637008
845,4.4907618,1.4846613,2,1,2025-11-07 08:31:22.638007
846,3.5144107,2.402039,1,2,2025-11-07 08:31:22.638007
847,4.363643,1.5432746,3,3,2025-11-07 08:31:22.638007
848,1.3666239,3.5337906,2,0,2025-11-07 08:31:22.638007
849,2.5514224,3.620489,0,1,2025-11-07 08:31:22.638007
850,4.5280604,2.6591902,1,2,2025-11-07 08:31:22.638007
851,4.460204,3.5573397,3,3,2025-11-07 08:31:22.639008
852,4.4418316,4.4667635,0,0,2025-11-07 08:31:22.639008
853,1.4028552,4.5658174,2,1,2025-11-07 08:31:22.639008
854,1.4041259,4.4716353,3,2,2025-11-07 08:31:22.640011
855,2.3865116,3.5158448,1,3,2025-11-07 08:31:22.640011
856,3.49059,1.6248736,0,0,2025-11-07 08:31:22.640011
857,2.4320743,3.6511953,2,1,2025-11-07 08:31:22.641358
858,3.426013,2.5692255,3,2,2025-11-07 08:31:22.641358
859,3.371996,1.440558,1,3,2025-11-07 08:31:22.641358
860,3.4550054,4.5629597,2,0,2025-11-07 08:31:22.641358
861,3.5665312,1.5755472,0,1,2025-11-07 08:31:22.642372
862,1.4867547,4.5237513,3,2,2025-11-07 08:31:22.642372
863,3.498216,4.4062624,2,3,2025-11-07 08:31:22.642372
864,4.5909977,3.32044,1,0,2025-11-07 08:31:22.643371
865,2.5120108,4.4179845,0,1,2025-11-07 08:31:22.643371
866,1.6122532,2.595623,3,2,2025-11-07 08:31:22.643371
867,3.6506262,2.6360216,2,3,2025-11-07 08:31:22.643371
868,3.5553722,2.6619785,1,0,2025-11-07 08:31:22.643371
869,2.5819712,1.5900981,0,1,2025-11-07 08:31:22.644370
870,2.5825346,2.713429,2,2,2025-11-07 08:31:22.644370
871,1.5292743,1.7052804,3,3,2025-11-07 08:31:22.644370
872,1.4967282,3.4369931,1,0,2025-11-07 08:31:22.644370
873,3.3775485,3.5747533,2,1,2025-11-07 08:31:22.644370
874,3.4454973,2.695292,0,2,2025-11-07 08:31:22.644370
875,2.4345143,4.6531806,3,3,2025-11-07 08:31:22.645393
876,4.426949,3.634048,1,0,2025-11-07 08:31:22.645393
877,3.5619998,2.4950995,2,1,2025-11-07 08:31:22.645393
878,2.6305134,4.6360955,0,2,2025-11-07 08:31:22.645393
879,3.6408012,1.4771652,3,3,2025-11-07 08:31:22.645393
880,2.5788963,3.5857005,1,0,2025-11-07 08:31:22.645393
881,1.5401356,4.3655214,2,1,2025-11-07 08:31:22.646375
882,2.4625375,4.4587564,0,2,2025-11-07 08:31:22.646375
883,3.5087228,2.4148655,1,3,2025-11-07 08:31:22.646375
884,2.5965505,3.476191,2,0,2025-11-07 08:31:22.646375
885,1.476766,2.4848459,3,1,2025-11-07 08:31:22.646375
886,3.4553738,4.4472804,0,2,2025-11-07 08:31:22.647374
887,2.4476352,4.513006,1,3,2025-11-07 08:31:22.647374
888,4.5591598,1.543657,2,0,2025-11-07 08:31:22.647374
889,1.583035,4.4504232,3,1,2025-11-07 08:31:22.647374
890,3.4586198,3.2988448,1,2,2025-11-07 08:31:22.647374
891,3.6355503,1.3386543,0,3,2025-11-07 08:31:22.647374
892,3.5597458,1.4200851,2,0,2025-11-07 08:31:22.648370
893,1.6405793,3.4115868,3,1,2025-11-07 08:31:22.648370
894,4.647364,4.5093246,1,2,2025-11-07 08:31:22.648370
895,3.643187,3.439173,0,3,2025-11-07 08:31:22.648370
896,1.7322564,2.405801,2,0,2025-11-07 08:31:22.648370
897,2.652826,3.4183812,3,1,2025-11-07 08:31:22.649882
898,4.614387,2.5260348,2,2,2025-11-07 08:31:22.649882
899,4.537647,1.6459005,0,3,2025-11-07 08:31:22.649882
900,4.3490605,2.5676327,1,0,2025-11-07 08:31:22.649882
901,3.3986628,1.5451971,3,1,2025-11-07 08:31:22.649882
902,4.5703406,4.5694294,2,2,2025-11-07 08:31:22.650896
903,2.5840936,3.649576,0,3,2025-11-07 08:31:22.650896
904,2.5416396,4.5859885,1,0,2025-11-07 08:31:22.651896
905,1.492965,4.5950317,2,1,2025-11-07 08:31:22.651896
906,4.4926624,2.3669138,3,2,2025-11-07 08:31:22.651896
907,3.5299232,4.3707514,0,3,2025-11-07 08:31:22.651896
908,2.4694371,4.417882,2,0,2025-11-07 08:31:22.652908
909,2.484872,1.526828,1,1,2025-11-07 08:31:22.652908
910,1.5816395,4.5501466,3,2,2025-11-07 08:31:22.652908
911,4.555472,4.565415,0,3,2025-11-07 08:31:22.652908
912,3.3713691,4.490463,2,0,2025-11-07 08:31:22.653910
913,4.4490404,3.50912,1,1,2025-11-07 08:31:22.653910
914,2.606654,2.6951053,3,2,2025-11-07 08:31:22.653910
915,3.6478348,3.5893514,0,3,2025-11-07 08:31:22.653910
916,3.4276643,1.5355898,2,0,2025-11-07 08:31:22.653910
917,4.5180364,4.330422,1,1,2025-11-07 08:31:22.654909
918,3.4536161,4.334252,3,2,2025-11-07 08:31:22.654909
919,3.5045762,1.466023,0,3,2025-11-07 08:31:22.654909
920,3.4812067,3.4818096,2,0,2025-11-07 08:31:22.654909
921,3.570939,2.3919098,1,1,2025-11-07 08:31:22.655905
922,1.5718518,2.5221658,0,2,2025-11-07 08:31:22.655905
923,1.5724424,2.6030874,3,3,2025-11-07 08:31:22.655905
924,3.633027,1.6190597,2,0,2025-11-07 08:31:22.655905
925,4.5691047,2.482915,1,1,2025-11-07 08:31:22.655905
926,1.5844113,3.674026,3,2,2025-11-07 08:31:22.656921
927,3.4840856,2.61828,0,3,2025-11-07 08:31:22.656921
928,1.6182423,2.4948637,1,0,2025-11-07 08:31:22.656921
929,2.4854941,4.3628416,2,1,2025-11-07 08:31:22.656921
930,3.562556,2.5543656,3,2,2025-11-07 08:31:22.657906
931,2.6763864,3.6439857,0,3,2025-11-07 08:31:22.657906
932,3.5410268,2.5427663,2,0,2025-11-07 08:31:22.657906
933,4.6576967,4.590316,1,1,2025-11-07 08:31:22.657906
934,3.5699453,1.5582126,3,2,2025-11-07 08:31:22.657906
935,1.6645557,1.4296362,0,3,2025-11-07 08:31:22.657906
936,1.7135673,4.4470835,2,0,2025-11-07 08:31:22.657906
937,1.7084507,4.470798,1,1,2025-11-07 08:31:22.657906
938,2.6333547,3.4573643,3,2,2025-11-07 08:31:22.658904
939,3.7190454,1.4653993,0,3,2025-11-07 08:31:22.658904
940,4.72682,4.4762464,1,0,2025-11-07 08:31:22.658904
941,4.573029,1.4965312,2,1,2025-11-07 08:31:22.659907
942,1.4150541,2.6097999,3,2,2025-11-07 08:31:22.659907
943,1.4092937,2.5417247,0,3,2025-11-07 08:31:22.659907
944,2.531938,2.5089734,1,0,2025-11-07 08:31:22.659907
945,3.4934216,2.5453465,3,1,2025-11-07 08:31:22.661311
946,4.486407,4.4215236,2,2,2025-11-07 08:31:22.661311
947,1.5566249,3.5202982,0,3,2025-11-07 08:31:22.661311
948,4.5271683,2.5499995,1,0,2025-11-07 08:31:22.662307
949,2.6515746,3.6810498,3,1,2025-11-07 08:31:22.662307
950,1.6381956,1.6287152,0,2,2025-11-07 08:31:22.662307
951,2.761489,2.600386,2,3,2025-11-07 08:31:22.662307
952,1.748525,2.4229078,1,0,2025-11-07 08:31:22.662307
953,4.506671,3.457897,3,1,2025-11-07 08:31:22.662307
954,2.3826551,3.5573673,0,2,2025-11-07 08:31:22.662307
955,4.4752517,3.3902433,2,3,2025-11-07 08:31:22.662307
956,3.5284927,3.437265,1,0,2025-11-07 08:31:22.663307
957,2.6655579,1.34066,3,1,2025-11-07 08:31:22.663307
958,1.6139989,3.3488321,0,2,2025-11-07 08:31:22.663307
959,4.4772344,2.4182312,2,3,2025-11-07 08:31:22.663307
960,2.4661367,1.485431,1,0,2025-11-07 08:31:22.663307
961,4.621426,1.5113037,3,1,2025-11-07 08:31:22.663307
962,4.6471624,1.5703623,0,2,2025-11-07 08:31:22.663307
963,1.5196444,2.521527,2,3,2025-11-07 08:31:22.663307
964,3.4799697,3.5068524,3,0,2025-11-07 08:31:22.663307
965,3.393188,3.491757,1,1,2025-11-07 08:31:22.664306
966,2.5428033,1.3942392,2,2,2025-11-07 08:31:22.664306
967,4.5951595,3.4088755,0,3,2025-11-07 08:31:22.665309
968,1.6821367,1.4409535,3,0,2025-11-07 08:31:22.665309
969,1.5746334,1.4201117,1,1,2025-11-07 08:31:22.665309
970,2.4258456,2.5983508,2,2,2025-11-07 08:31:22.665309
971,4.2849603,3.7150826,0,3,2025-11-07 08:31:22.665309
972,3.3445365,3.6685157,3,0,2025-11-07 08:31:22.665309
973,4.3487997,3.518631,1,1,2025-11-07 08:31:22.666313
974,4.4082093,2.4313009,2,2,2025-11-07 08:31:22.666313
975,4.559328,2.6491704,0,3,2025-11-07 08:31:22.666313
976,2.5609653,3.6696987,3,0,2025-11-07 08:31:22.666313
977,3.5893145,2.5539308,1,1,2025-11-07 08:31:22.666313
978,3.5624566,1.4546497,2,2,2025-11-07 08:31:22.666313
979,2.6732275,4.5603256,3,3,2025-11-07 08:31:22.666313
980,1.6392546,3.4147427,0,0,2025-11-07 08:31:22.666313
981,3.6217473,3.5484908,1,1,2025-11-07 08:31:22.667306
982,3.5872648,4.4406986,2,2,2025-11-07 08:31:22.667306
983,3.5045402,2.4773579,3,3,2025-11-07 08:31:22.667306
984,4.6198387,4.471389,0,0,2025-11-07 08:31:22.667306
985,2.5216515,3.5644405,2,1,2025-11-07 08:31:22.668309
986,3.4389088,4.508416,1,2,2025-11-07 08:31:22.668309
987,2.5316207,4.608267,0,3,2025-11-07 08:31:22.668309
988,2.5494177,1.5130774,3,0,2025-11-07 08:31:22.668309
989,3.548244,1.6020412,2,1,2025-11-07 08:31:22.668309
990,4.605847,4.5791574,0,2,2025-11-07 08:31:22.668309
991,2.6022162,3.538332,1,3,2025-11-07 08:31:22.668309
992,2.495898,2.473842,3,0,2025-11-07 08:31:22.669823
993,2.3603652,4.444758,0,1,2025-11-07 08:31:22.669823
994,2.3777328,2.4276958,1,2,2025-11-07 08:31:22.669823
995,4.6182017,3.376676,2,3,2025-11-07 08:31:22.669823
996,2.6214967,4.451663,3,0,2025-11-07 08:31:22.670840
997,4.7088356,1.4322386,0,1,2025-11-07 08:31:22.670840
998,3.5236669,1.3238373,1,2,2025-11-07 08:31:22.671840
999,3.4834208,3.3868518,2,3,2025-11-07 08:31:22.671840
1000,2.4087272,1.3802999,0,0,2025-11-07 08:31:22.673842
1001,3.439869,4.407349,3,1,2025-11-07 08:31:22.673842
1002,3.287125,2.4735794,2,2,2025-11-07 08:31:22.673842
1003,4.346437,4.437003,1,3,2025-11-07 08:31:22.673842
1004,3.5090911,2.4103713,0,0,2025-11-07 08:31:22.674837
1005,1.5544815,3.4924765,3,1,2025-11-07 08:31:22.674837
1006,3.5935624,3.4572675,1,2,2025-11-07 08:31:22.674837
1007,3.5823174,4.4738603,0,3,2025-11-07 08:31:22.674837
1008,1.4424064,2.5698404,3,0,2025-11-07 08:31:22.674837
1009,2.5315902,2.6561165,1,1,2025-11-07 08:31:22.675836
1010,1.6346595,3.630004,2,2,2025-11-07 08:31:22.675836
1011,1.5887626,2.7037446,0,3,2025-11-07 08:31:22.675836
1012,3.5155778,2.5849106,3,0,2025-11-07 08:31:22.675836
1013,4.6190963,3.5904927,1,1,2025-11-07 08:31:22.676838
1014,3.8128664,3.5781746,0,2,2025-11-07 08:31:22.676838
1015,2.652962,4.6537366,2,3,2025-11-07 08:31:22.676838
1016,1.5543413,2.4565477,3,0,2025-11-07 08:31:22.676838
1017,3.4414248,1.5020058,0,1,2025-11-07 08:31:22.676838
1018,4.3986006,4.476573,1,2,2025-11-07 08:31:22.677838
1019,2.4793508,4.430558,3,3,2025-11-07 08:31:22.677838
1020,3.5328288,2.4130433,0,0,2025-11-07 08:31:22.677838
1021,4.534334,4.4489985,2,1,2025-11-07 08:31:22.677838
1022,1.4985985,2.3196607,1,2,2025-11-07 08:31:22.677838
1023,1.4604802,2.3430645,3,3,2025-11-07 08:31:22.677838
1024,1.4720696,1.3888733,0,0,2025-11-07 08:31:22.678837
1025,3.4599748,2.482398,2,1,2025-11-07 08:31:22.678837
1026,3.6456616,4.4972134,1,2,2025-11-07 08:31:22.678837
1027,3.6530457,1.3857923,0,3,2025-11-07 08:31:22.678837
1028,2.5760128,4.486841,3,0,2025-11-07 08:31:22.678837
1029,1.6010901,4.418417,2,1,2025-11-07 08:31:22.682382
1030,2.583319,1.4713706,1,2,2025-11-07 08:31:22.682382
1031,3.5614188,2.4117827,3,3,2025-11-07 08:31:22.682382
1032,3.5588017,1.4673214,0,0,2025-11-07 08:31:22.682382
1033,3.5169215,2.4116836,2,1,2025-11-07 08:31:22.683373
1034,3.5021324,4.616331,1,2,2025-11-07 08:31:22.683373
1035,1.4821355,3.532621,3,3,2025-11-07 08:31:22.683373
1036,1.644232,3.4867353,0,0,2025-11-07 08:31:22.683373
1037,2.5492625,1.5614645,1,1,2025-11-07 08:31:22.684374
1038,4.6655846,1.6104568,2,2,2025-11-07 08:31:22.684374
1039,3.5439732,4.423726,0,3,2025-11-07 08:31:22.684374
1040,2.4909256,2.4313843,3,0,2025-11-07 08:31:22.684374
1041,3.5624416,1.5985926,1,1,2025-11-07 08:31:22.684374
1042,2.5159616,1.6180843,2,2,2025-11-07 08:31:22.684374
1043,4.439596,1.5579175,0,3,2025-11-07 08:31:22.684374
1044,4.500545,2.651611,1,0,2025-11-07 08:31:22.685374
1045,1.6301455,4.4791822,3,1,2025-11-07 08:31:22.685374
1046,3.5534036,4.4158,2,2,2025-11-07 08:31:22.685374
1047,3.6056764,2.4334161,0,3,2025-11-07 08:31:22.685374
1048,2.6486373,3.5251074,1,0,2025-11-07 08:31:22.685374
1049,1.5453421,3.4088693,2,1,2025-11-07 08:31:22.685374
1050,3.565885,4.4586477,3,2,2025-11-07 08:31:22.685374
1051,2.6038136,1.6646436,0,3,2025-11-07 08:31:22.685374
1052,4.568237,1.6161045,1,0,2025-11-07 08:31:22.685374
1053,3.5203476,3.6905246,2,1,2025-11-07 08:31:22.686372
1054,2.7456114,3.5595453,3,2,2025-11-07 08:31:22.686372
1055,2.5954828,1.5524018,0,3,2025-11-07 08:31:22.686372
1056,1.6590855,2.5687957,1,0,2025-11-07 08:31:22.686372
1057,1.6064762,1.6275294,2,1,2025-11-07 08:31:22.686372
1058,2.5787168,2.482952,0,2,2025-11-07 08:31:22.686372
1059,1.50286,4.4121165,1,3,2025-11-07 08:31:22.686372
1060,4.5627456,2.4539936,3,0,2025-11-07 08:31:22.687375
1061,2.6099849,3.3749008,2,1,2025-11-07 08:31:22.687375
1062,1.6265821,3.468998,1,2,2025-11-07 08:31:22.688374
1063,4.5339823,3.3798337,0,3,2025-11-07 08:31:22.688374
1064,1.4322612,3.3810313,3,0,2025-11-07 08:31:22.688374
1065,4.473051,2.4521527,2,1,2025-11-07 08:31:22.688374
1066,2.3131492,2.6296651,1,2,2025-11-07 08:31:22.688374
1067,3.4240885,3.7102199,0,3,2025-11-07 08:31:22.688374
1068,1.5715456,4.5635614,3,0,2025-11-07 08:31:22.688374
1069,4.5877953,3.5245388,1,1,2025-11-07 08:31:22.688374
1070,2.8135355,4.3292184,2,2,2025-11-07 08:31:22.688374
1071,4.7384853,4.4340906,0,3,2025-11-07 08:31:22.688374
1072,3.6735187,2.6021628,3,0,2025-11-07 08:31:22.688374
1073,3.6250212,4.6425486,1,1,2025-11-07 08:31:22.689903
1074,1.5167042,1.7489591,2,2,2025-11-07 08:31:22.689903
1075,3.5964813,1.7366369,0,3,2025-11-07 08:31:22.689903
1076,2.654049,3.680956,3,0,2025-11-07 08:31:22.689903
1077,1.556317,4.579683,0,1,2025-11-07 08:31:22.689903
1078,3.5465636,3.5889788,1,2,2025-11-07 08:31:22.689903
1079,4.657183,3.523035,2,3,2025-11-07 08:31:22.689903
1080,1.6611328,2.493291,0,0,2025-11-07 08:31:22.689903
1081,4.689666,1.5278288,1,1,2025-11-07 08:31:22.690915
1082,1.590112,2.606403,3,2,2025-11-07 08:31:22.690915
1083,3.6005414,2.5487764,0,3,2025-11-07 08:31:22.692931
1084,3.4229574,4.560296,2,0,2025-11-07 08:31:22.746397
1085,1.527057,4.4422765,1,1,2025-11-07 08:31:22.748399
1086,3.472948,1.3207555,3,2,2025-11-07 08:31:22.748399
1087,2.5280025,4.463987,2,3,2025-11-07 08:31:22.748399
1088,2.4809256,4.572938,0,0,2025-11-07 08:31:22.749914
1089,2.5108492,4.42648,1,1,2025-11-07 08:31:22.749914
1090,2.4972584,4.403643,3,2,2025-11-07 08:31:22.750928
1091,4.6110134,1.4187844,2,3,2025-11-07 08:31:22.751930
1092,2.6022549,4.5011806,0,0,2025-11-07 08:31:22.751930
1093,1.4364202,4.608939,1,1,2025-11-07 08:31:22.751930
1094,1.485736,2.6074932,3,2,2025-11-07 08:31:22.752940
1095,4.5944266,1.6201631,2,3,2025-11-07 08:31:22.753943
1096,4.6074405,2.524511,0,0,2025-11-07 08:31:22.753943
1097,3.5371263,2.440726,1,1,2025-11-07 08:31:22.753943
1098,2.6276014,1.3737268,3,2,2025-11-07 08:31:22.754943
1099,2.4319034,4.282112,0,3,2025-11-07 08:31:22.754943
1100,4.398899,2.4199212,2,0,2025-11-07 08:31:22.754943
1101,2.4928906,1.5468867,3,1,2025-11-07 08:31:22.755941
1102,1.4614713,3.6565738,1,2,2025-11-07 08:31:22.755941
1103,1.5004146,2.5395625,2,3,2025-11-07 08:31:22.756945
1104,2.4545302,1.5446595,0,0,2025-11-07 08:31:22.756945
1105,3.432147,3.6207888,3,1,2025-11-07 08:31:22.756945
1106,3.408864,1.5453489,1,2,2025-11-07 08:31:22.756945
1107,1.5152301,3.4168625,2,3,2025-11-07 08:31:22.757942
1108,2.415631,4.4265933,0,0,2025-11-07 08:31:22.757942
1109,2.4635737,1.368917,3,1,2025-11-07 08:31:22.757942
1110,3.342505,1.5456308,1,2,2025-11-07 08:31:22.757942
1111,2.4036553,4.6090293,2,3,2025-11-07 08:31:22.758948
1112,1.4875343,2.7815948,0,0,2025-11-07 08:31:22.758948
1113,1.4587657,4.6528735,3,1,2025-11-07 08:31:22.758948
1114,1.7014744,2.6567822,1,2,2025-11-07 08:31:22.759948
1115,2.6008596,1.699503,0,3,2025-11-07 08:31:22.759948
1116,2.5171914,2.621601,3,0,2025-11-07 08:31:22.760461
1117,2.5028458,1.5238893,2,1,2025-11-07 08:31:22.761473
1118,4.661417,2.5251386,1,2,2025-11-07 08:31:22.761473
1119,4.560171,4.5395026,0,3,2025-11-07 08:31:22.761473
1120,4.5198183,1.6838493,2,0,2025-11-07 08:31:22.761473
1121,4.585859,2.5730748,3,1,2025-11-07 08:31:22.762490
1122,1.6216097,4.5827327,1,2,2025-11-07 08:31:22.762490
1123,3.4001918,1.5848628,0,3,2025-11-07 08:31:22.762490
1124,4.433888,1.4157275,3,0,2025-11-07 08:31:22.763488
1125,3.4707012,2.3606007,2,1,2025-11-07 08:31:22.763488
1126,4.5260434,3.487782,1,2,2025-11-07 08:31:22.763488
1127,3.4543202,2.5395021,0,3,2025-11-07 08:31:22.764487
1128,4.429058,1.4239944,3,0,2025-11-07 08:31:22.766489
1129,3.512793,3.4331026,2,1,2025-11-07 08:31:22.766489
1130,3.4254487,3.5089462,1,2,2025-11-07 08:31:22.766489
1131,2.6113842,2.6956728,0,3,2025-11-07 08:31:22.767494
1132,2.589676,1.4843425,3,0,2025-11-07 08:31:22.767494
1133,3.6785755,1.4379839,2,1,2025-11-07 08:31:22.767494
1134,2.6435251,4.3324385,1,2,2025-11-07 08:31:22.768487
1135,3.4726846,4.5591855,0,3,2025-11-07 08:31:22.768487
1136,4.377936,3.5999484,3,0,2025-11-07 08:31:22.768487
1137,3.5744557,4.483675,2,1,2025-11-07 08:31:22.768487
1138,2.5195174,4.4929447,0,2,2025-11-07 08:31:22.768487
1139,2.5716002,4.523528,3,3,2025-11-07 08:31:22.768487
1140,1.612273,1.5470167,1,0,2025-11-07 08:31:22.769997
1141,3.5491965,1.5666451,2,1,2025-11-07 08:31:22.771008
1142,4.6293726,2.5964653,0,2,2025-11-07 08:31:22.771008
1143,1.6427493,2.4364896,1,3,2025-11-07 08:31:22.772020
1144,2.6894753,4.484993,3,0,2025-11-07 08:31:22.772020
1145,2.694311,3.6454966,0,1,2025-11-07 08:31:22.772020
1146,3.724984,1.5069956,2,2,2025-11-07 08:31:22.772020
1147,1.5718348,1.5194675,0,3,2025-11-07 08:31:22.773020
1148,1.3935452,4.402222,1,0,2025-11-07 08:31:22.773020
1149,3.3843565,3.5983477,3,1,2025-11-07 08:31:22.773020
1150,3.3458068,4.5891366,2,2,2025-11-07 08:31:22.773020
1151,3.5857658,3.5948553,0,3,2025-11-07 08:31:22.773020
1152,3.5909653,2.3003085,1,0,2025-11-07 08:31:22.774020
1153,4.673766,3.3487337,3,1,2025-11-07 08:31:22.774020
1154,2.620927,4.294014,2,2,2025-11-07 08:31:22.774020
1155,3.6324215,3.4074736,1,3,2025-11-07 08:31:22.774020
1156,1.5087227,2.6304617,0,0,2025-11-07 08:31:22.775022
1157,4.464134,3.5945816,3,1,2025-11-07 08:31:22.775022
1158,4.3922267,1.5398674,1,2,2025-11-07 08:31:22.776021
1159,2.4239178,1.4278347,2,3,2025-11-07 08:31:22.777022
1160,4.442792,2.565332,3,0,2025-11-07 08:31:22.777022
1161,1.5024581,1.6486475,1,1,2025-11-07 08:31:22.778021
1162,4.432959,1.4529338,0,2,2025-11-07 08:31:22.780534
1163,4.580567,3.3464298,2,3,2025-11-07 08:31:22.780534
1164,1.6120108,3.3623834,3,0,2025-11-07 08:31:22.780534
1165,2.5663166,4.401585,0,1,2025-11-07 08:31:22.781549
1166,2.5696847,2.4411774,1,2,2025-11-07 08:31:22.781549
1167,1.5238807,4.521715,3,3,2025-11-07 08:31:22.781549
1168,2.6593037,2.560925,2,0,2025-11-07 08:31:22.781549
1169,4.7419114,2.606413,0,1,2025-11-07 08:31:22.781549
1170,1.6176789,4.548679,1,2,2025-11-07 08:31:22.782561
1171,3.5204968,4.6992235,2,3,2025-11-07 08:31:22.782561
1172,1.5311875,4.553322,3,0,2025-11-07 08:31:22.782561
1173,2.6838343,2.5300312,0,1,2025-11-07 08:31:22.782561
1174,4.545948,2.4716482,1,2,2025-11-07 08:31:22.782561
1175,3.4963367,3.6273565,2,3,2025-11-07 08:31:22.783563
1176,3.511654,4.776959,3,0,2025-11-07 08:31:22.783563
1177,2.5452085,1.5323371,0,1,2025-11-07 08:31:22.783563
1178,1.5324261,3.4317286,2,2,2025-11-07 08:31:22.783563
1179,3.5000706,3.4856043,1,3,2025-11-07 08:31:22.784563
1180,1.6173557,3.5076835,3,0,2025-11-07 08:31:22.784563
1181,3.4608104,1.584119,0,1,2025-11-07 08:31:22.784563
1182,4.4454536,3.617543,2,2,2025-11-07 08:31:22.784563
1183,1.4993573,2.5795548,1,3,2025-11-07 08:31:22.784563
1184,3.5189214,1.517274,3,0,2025-11-07 08:31:22.823725
1185,3.4942076,3.512544,2,1,2025-11-07 08:31:22.824725
1186,2.563206,4.4710236,1,2,2025-11-07 08:31:22.824725
1187,1.4914753,1.4438965,0,3,2025-11-07 08:31:22.825729
1188,3.4277358,3.4357378,3,0,2025-11-07 08:31:22.825729
1189,1.5820858,4.3248086,2,1,2025-11-07 08:31:22.825729
1190,3.6611085,4.4211693,0,2,2025-11-07 08:31:22.825729
1191,4.498047,4.555508,1,3,2025-11-07 08:31:22.825729
1192,1.4316785,3.6015909,3,0,2025-11-07 08:31:22.826728
1193,3.3915763,3.5544827,0,1,2025-11-07 08:31:22.826728
1194,2.398266,1.4266186,2,2,2025-11-07 08:31:22.826728
1195,3.5044055,1.4268007,1,3,2025-11-07 08:31:22.826728
1196,4.4813666,4.4644322,3,0,2025-11-07 08:31:22.826728
1197,4.567748,4.4354076,2,1,2025-11-07 08:31:22.826728
1198,3.6834261,1.5359734,0,2,2025-11-07 08:31:22.827728
1199,3.614642,2.3943996,1,3,2025-11-07 08:31:22.827728
1200,3.5880907,3.250923,2,0,2025-11-07 08:31:22.827728
1201,4.6696634,4.3599744,3,1,2025-11-07 08:31:22.827728
1202,2.5314965,1.4327719,0,2,2025-11-07 08:31:22.827728
1203,2.6071908,1.6685556,1,3,2025-11-07 08:31:22.827728
1204,4.606489,4.6375093,3,0,2025-11-07 08:31:22.829237
1205,3.3906834,3.6175654,0,1,2025-11-07 08:31:22.829237
1206,4.47379,4.4983196,2,2,2025-11-07 08:31:22.830800
1207,2.3962271,4.65257,1,3,2025-11-07 08:31:22.831800
1208,4.4541554,4.4861817,3,0,2025-11-07 08:31:22.831800
1209,1.327465,4.383635,0,1,2025-11-07 08:31:22.831800
1210,2.3001876,4.4909534,2,2,2025-11-07 08:31:22.837819
1211,1.5284833,1.5755552,1,3,2025-11-07 08:31:22.837819
1212,1.6098342,3.5551693,3,0,2025-11-07 08:31:22.838817
1213,1.7471445,4.5820875,0,1,2025-11-07 08:31:22.839813
1214,3.6467273,2.4466476,1,2,2025-11-07 08:31:22.840328
1215,2.544868,2.3023264,2,3,2025-11-07 08:31:22.840328
1216,2.4017777,2.320099,0,0,2025-11-07 08:31:22.841341
1217,2.4392695,1.5467598,3,1,2025-11-07 08:31:22.841341
1218,2.563305,3.7361784,1,2,2025-11-07 08:31:22.841341
1219,3.5787616,4.5194044,2,3,2025-11-07 08:31:22.842356
1220,1.569364,2.6184924,0,0,2025-11-07 08:31:22.843353
1221,4.5800056,2.6148446,3,1,2025-11-07 08:31:22.843353
1222,3.643306,1.497755,1,2,2025-11-07 08:31:22.843353
1223,1.5843765,2.400575,0,3,2025-11-07 08:31:22.843353
1224,3.6719398,2.4427862,2,0,2025-11-07 08:31:22.844354
1225,3.505443,2.5403476,3,1,2025-11-07 08:31:22.844354
1226,1.5095166,4.481045,1,2,2025-11-07 08:31:22.844354
1227,4.5315924,3.4730403,0,3,2025-11-07 08:31:22.844354
1228,4.593869,2.3751945,2,0,2025-11-07 08:31:22.845358
1229,3.6656678,4.4464717,3,1,2025-11-07 08:31:22.845358
1230,2.670637,1.58565,1,2,2025-11-07 08:31:22.846353
1231,1.7256904,2.4287548,0,3,2025-11-07 08:31:22.846353
1232,2.6255238,1.4159642,1,0,2025-11-07 08:31:22.846353
1233,4.532722,2.537081,3,1,2025-11-07 08:31:22.846353
1234,3.6229272,2.674946,2,2,2025-11-07 08:31:22.847359
1235,2.4597726,2.5087576,0,3,2025-11-07 08:31:22.847359
1236,1.3758035,1.6308796,3,0,2025-11-07 08:31:22.847359
1237,1.3092619,3.6714833,1,1,2025-11-07 08:31:22.848368
1238,1.4213469,3.6794307,2,2,2025-11-07 08:31:22.848368
1239,1.4416837,2.6285565,0,3,2025-11-07 08:31:22.848368
1240,2.5378764,4.5049815,3,0,2025-11-07 08:31:22.848368
1241,4.4942355,2.3528347,1,1,2025-11-07 08:31:22.848368
1242,1.5546914,1.3698415,0,2,2025-11-07 08:31:22.849888
1243,1.4202797,3.3120208,2,3,2025-11-07 08:31:22.849888
1244,3.4213374,3.4938807,1,0,2025-11-07 08:31:22.849888
1245,2.4102426,2.6055276,3,1,2025-11-07 08:31:22.849888
1246,2.3731942,3.6371992,2,2,2025-11-07 08:31:22.850901
1247,2.4183164,2.6351364,0,3,2025-11-07 08:31:22.850901
1248,1.5397685,3.5633323,1,0,2025-11-07 08:31:22.851902
1249,3.4730957,4.649838,3,1,2025-11-07 08:31:22.852913
1250,1.3217719,2.6214223,2,2,2025-11-07 08:31:22.852913
1251,1.3193058,1.6050551,0,3,2025-11-07 08:31:22.852913
1252,4.4392233,1.605325,1,0,2025-11-07 08:31:22.853914
1253,1.4574945,2.3940012,3,1,2025-11-07 08:31:22.854912
1254,2.5932057,1.4809883,2,2,2025-11-07 08:31:22.854912
1255,2.7075384,1.445797,0,3,2025-11-07 08:31:22.854912
1256,2.5996988,3.5192015,1,0,2025-11-07 08:31:22.854912
1257,3.5287895,2.6197288,2,1,2025-11-07 08:31:22.855912
1258,3.6812487,4.5777397,3,2,2025-11-07 08:31:22.855912
1259,4.5945334,2.464767,1,3,2025-11-07 08:31:22.855912
1260,4.5512013,2.4542584,2,0,2025-11-07 08:31:22.856916
1261,2.365743,3.4530652,0,1,2025-11-07 08:31:22.856916
1262,2.285102,1.4921505,1,2,2025-11-07 08:31:22.856916
1263,3.4244137,4.6365404,3,3,2025-11-07 08:31:22.857913
1264,1.4770887,1.6419005,2,0,2025-11-07 08:31:22.857913
1265,3.4096467,1.6155875,0,1,2025-11-07 08:31:22.857913
1266,2.4287596,4.523029,1,2,2025-11-07 08:31:22.858916
1267,1.4161448,1.5235564,3,3,2025-11-07 08:31:22.858916
1268,2.461937,2.438883,0,0,2025-11-07 08:31:22.864460
1269,1.6121247,1.5293707,2,1,2025-11-07 08:31:22.864460
1270,4.7681813,1.4973135,1,2,2025-11-07 08:31:22.864460
1271,1.6088333,3.5979571,3,3,2025-11-07 08:31:22.865456
1272,1.6002842,2.6643333,2,0,2025-11-07 08:31:22.865456
1273,2.6924634,1.6903257,0,1,2025-11-07 08:31:22.865456
1274,4.686075,4.679447,1,2,2025-11-07 08:31:22.866460
1275,3.742931,3.4251244,3,3,2025-11-07 08:31:22.866460
1276,4.5396547,2.4288309,2,0,2025-11-07 08:31:22.867457
1277,3.532074,3.2458777,0,1,2025-11-07 08:31:22.867457
1278,2.613998,2.5115314,1,2,2025-11-07 08:31:22.867457
1279,4.5863094,1.5960338,3,3,2025-11-07 08:31:22.867457
1280,4.66304,1.6168817,2,0,2025-11-07 08:31:22.868457
1281,4.7009764,3.659431,0,1,2025-11-07 08:31:22.868457
1282,1.4304585,1.7424341,3,2,2025-11-07 08:31:22.868457
1283,4.3697643,2.6144786,1,3,2025-11-07 08:31:22.870983
1284,1.3487052,3.5266802,2,0,2025-11-07 08:31:22.870983
1285,4.430771,4.471616,3,1,2025-11-07 08:31:22.871986
1286,2.4888134,2.5332716,0,2,2025-11-07 08:31:22.871986
1287,1.575281,2.4084373,1,3,2025-11-07 08:31:22.871986
1288,4.50499,1.4728558,2,0,2025-11-07 08:31:22.871986
1289,3.53145,1.7267789,0,1,2025-11-07 08:31:22.872998
1290,3.4431045,3.5502994,3,2,2025-11-07 08:31:22.872998
1291,4.3067594,2.5556955,1,3,2025-11-07 08:31:22.872998
1292,4.4786377,2.5922039,2,0,2025-11-07 08:31:22.872998
1293,1.4871101,3.6693268,0,1,2025-11-07 08:31:22.872998
1294,2.5425918,3.6108127,3,2,2025-11-07 08:31:22.873998
1295,1.5347863,1.7215754,1,3,2025-11-07 08:31:22.873998
1296,1.5241061,4.457089,2,0,2025-11-07 08:31:22.873998
1297,4.5911584,4.506679,3,1,2025-11-07 08:31:22.873998
1298,1.6051747,2.6317773,0,2,2025-11-07 08:31:22.873998
1299,1.6448181,1.7661539,1,3,2025-11-07 08:31:22.874996
1300,2.6946025,1.6328328,2,0,2025-11-07 08:31:22.874996
1301,2.6438837,3.4745874,0,1,2025-11-07 08:31:22.874996
1302,3.6720836,2.46535,1,2,2025-11-07 08:31:22.898096
1303,4.6246758,1.5500535,3,3,2025-11-07 08:31:22.898096
1304,3.5057802,1.516659,2,0,2025-11-07 08:31:22.898096
1305,2.4947362,1.6133187,0,1,2025-11-07 08:31:22.898096
1306,4.560026,3.6843917,3,2,2025-11-07 08:31:22.899090
1307,4.6138525,2.4221559,1,3,2025-11-07 08:31:22.899090
1308,4.6676893,1.3475466,2,0,2025-11-07 08:31:22.899090
1309,3.6713715,3.4597397,0,1,2025-11-07 08:31:22.899090
1310,1.6011412,4.368946,3,2,2025-11-07 08:31:22.899090
1311,2.524261,1.4344673,1,3,2025-11-07 08:31:22.899090
1312,3.4423647,1.5800391,0,0,2025-11-07 08:31:22.900088
1313,4.6700277,4.511786,2,1,2025-11-07 08:31:22.900088
1314,2.6314566,2.71912,3,2,2025-11-07 08:31:22.917210
1315,3.6071548,4.701764,1,3,2025-11-07 08:31:22.917210
1316,1.5687689,2.5781896,0,0,2025-11-07 08:31:22.917210
1317,3.5407069,1.5159614,2,1,2025-11-07 08:31:22.917210
1318,2.461647,4.61455,3,2,2025-11-07 08:31:22.918210
1319,4.4517727,4.705424,0,3,2025-11-07 08:31:22.918210
1320,2.4792018,3.4667563,1,0,2025-11-07 08:31:22.918210
1321,4.458904,4.515163,3,1,2025-11-07 08:31:22.918210
1322,2.4210477,2.4666169,2,2,2025-11-07 08:31:22.918210
1323,2.478321,2.560915,0,3,2025-11-07 08:31:22.918210
1324,4.4792857,4.4613295,1,0,2025-11-07 08:31:22.918210
1325,4.5069904,1.6370677,3,1,2025-11-07 08:31:22.919720
1326,4.4951243,4.5579634,2,2,2025-11-07 08:31:22.919720
1327,2.6052077,2.607881,0,3,2025-11-07 08:31:22.919720
1328,1.5764931,1.7477169,3,0,2025-11-07 08:31:22.919720
1329,1.4438192,2.724941,2,1,2025-11-07 08:31:22.919720
1330,4.490851,3.6472921,0,2,2025-11-07 08:31:22.920731
1331,3.4701972,1.6412882,1,3,2025-11-07 08:31:22.920731
1332,4.47254,3.5675128,3,0,2025-11-07 08:31:22.920731
1333,2.51739,2.4934978,0,1,2025-11-07 08:31:22.921731
1334,3.4968915,4.569471,2,2,2025-11-07 08:31:22.921731
1335,4.5142493,2.6278903,1,3,2025-11-07 08:31:22.921731
1336,2.4561963,3.5756924,3,0,2025-11-07 08:31:22.921731
1337,1.5446889,2.551566,0,1,2025-11-07 08:31:22.921731
1338,4.4316516,4.4530826,2,2,2025-11-07 08:31:22.922741
1339,1.5081689,3.5374074,3,3,2025-11-07 08:31:22.922741
1340,2.5162344,4.409108,1,0,2025-11-07 08:31:22.922741
1341,4.478586,1.5061705,0,1,2025-11-07 08:31:22.922741
1342,1.6251183,1.599481,2,2,2025-11-07 08:31:22.923743
1343,2.5154583,4.5564218,3,3,2025-11-07 08:31:22.923743
1344,4.4195843,1.69298,0,0,2025-11-07 08:31:22.923743
1345,3.4576101,4.7822676,1,1,2025-11-07 08:31:22.924741
1346,3.5597181,1.5998242,2,2,2025-11-07 08:31:22.924741
1347,1.6437567,4.5761204,3,3,2025-11-07 08:31:22.924741
1348,3.57909,3.4311724,1,0,2025-11-07 08:31:22.924741
1349,1.5480614,4.40972,0,1,2025-11-07 08:31:22.924741
1350,4.526745,3.4584963,3,2,2025-11-07 08:31:22.924741
1351,3.5397122,3.3998625,2,3,2025-11-07 08:31:22.925747
1352,1.6221335,1.5211965,1,0,2025-11-07 08:31:22.925747
1353,1.5624528,2.4092755,3,1,2025-11-07 08:31:22.925747
1354,4.4760237,3.525063,0,2,2025-11-07 08:31:22.925747
1355,4.451205,2.4089575,1,3,2025-11-07 08:31:22.925747
1356,3.505052,4.390356,2,0,2025-11-07 08:31:22.925747
1357,4.545014,4.21717,0,1,2025-11-07 08:31:22.926745
1358,1.5033264,4.272636,3,2,2025-11-07 08:31:22.926745
1359,3.511564,3.5286345,1,3,2025-11-07 08:31:22.926745
1360,2.4911952,3.6153982,2,0,2025-11-07 08:31:22.926745
1361,3.581422,2.5011575,0,1,2025-11-07 08:31:22.926745
1362,2.516219,1.3749193,3,2,2025-11-07 08:31:22.927744
1363,1.55972,3.3362894,1,3,2025-11-07 08:31:22.927744
1364,3.5676305,2.3270009,0,0,2025-11-07 08:31:22.927744
1365,3.4986627,4.4475565,2,1,2025-11-07 08:31:22.927744
1366,3.5735857,4.5383706,1,2,2025-11-07 08:31:22.927744
1367,3.6049194,2.2438254,3,3,2025-11-07 08:31:22.927744
1368,1.4326565,2.4932754,0,0,2025-11-07 08:31:22.927744
1369,1.4415445,4.4593573,2,1,2025-11-07 08:31:22.929258
1370,1.6044464,1.4662266,1,2,2025-11-07 08:31:22.929258
1371,3.5734026,3.4253824,3,3,2025-11-07 08:31:22.929804
1372,3.5032232,4.395459,0,0,2025-11-07 08:31:22.929804
1373,3.416926,2.5296068,1,1,2025-11-07 08:31:22.929804
1374,1.4918575,2.6257038,2,2,2025-11-07 08:31:22.929804
1375,1.4467769,4.491827,3,3,2025-11-07 08:31:22.929804
1376,2.5506024,2.4598987,0,0,2025-11-07 08:31:22.929804
1377,1.6250219,2.4874363,1,1,2025-11-07 08:31:22.929804
1378,4.634076,2.5206194,2,2,2025-11-07 08:31:22.929804
1379,4.5459347,3.4517002,3,3,2025-11-07 08:31:22.930814
1380,2.529561,2.5037491,0,0,2025-11-07 08:31:22.930814
1381,1.6076498,4.3149276,1,1,2025-11-07 08:31:22.931814
1382,1.5114166,3.3541112,2,2,2025-11-07 08:31:22.931814
1383,1.5757549,4.4070826,3,3,2025-11-07 08:31:22.931814
1384,1.3765938,1.507878,1,0,2025-11-07 08:31:22.931814
1385,2.4069135,1.5246892,2,1,2025-11-07 08:31:22.931814
1386,1.5867654,3.3827293,0,2,2025-11-07 08:31:22.931814
1387,3.762112,1.4620891,3,3,2025-11-07 08:31:22.932830
1388,3.6917956,4.4641294,1,0,2025-11-07 08:31:22.932830
1389,4.58275,1.501709,0,1,2025-11-07 08:31:22.932830
1390,3.4901464,2.6612098,2,2,2025-11-07 08:31:22.932830
1391,1.5043635,1.6621916,3,3,2025-11-07 08:31:22.933824
1392,1.56639,2.7382376,1,0,2025-11-07 08:31:22.933824
1393,4.438837,2.6633384,0,1,2025-11-07 08:31:22.933824
1394,2.5108373,3.6664143,2,2,2025-11-07 08:31:22.933824
1395,2.3787258,3.7268004,3,3,2025-11-07 08:31:22.933824
1396,2.4467263,1.7676013,1,0,2025-11-07 08:31:22.934835
1397,2.5234804,4.6091194,2,1,2025-11-07 08:31:22.934835
1398,3.5747058,2.4876847,0,2,2025-11-07 08:31:22.934835
1399,1.4844644,2.5329952,3,3,2025-11-07 08:31:22.934835
1400,3.6513612,2.481519,1,0,2025-11-07 08:31:22.934835
1401,1.5298436,3.6210334,0,1,2025-11-07 08:31:22.934835
1402,3.5245514,1.7679027,2,2,2025-11-07 08:31:22.934835
1403,3.5947516,1.6954434,3,3,2025-11-07 08:31:22.934835
1404,3.580718,3.7208166,1,0,2025-11-07 08:31:22.934835
1405,4.5377536,1.6915312,0,1,2025-11-07 08:31:22.935822
1406,3.446506,4.502067,3,2,2025-11-07 08:31:22.935822
1407,3.4805753,3.5386188,2,3,2025-11-07 08:31:22.935822
1408,2.47822,1.515973,1,0,2025-11-07 08:31:22.935822
1409,2.6568666,4.365221,0,1,2025-11-07 08:31:22.935822
1410,3.57458,4.451096,3,2,2025-11-07 08:31:22.935822
1411,1.5601897,4.487937,2,3,2025-11-07 08:31:22.935822
1412,1.475559,1.4067024,1,0,2025-11-07 08:31:22.935822
1413,3.4890995,2.421855,3,1,2025-11-07 08:31:22.936823
1414,4.4916058,1.4399638,0,2,2025-11-07 08:31:22.936823
1415,3.34231,3.3694923,2,3,2025-11-07 08:31:22.936823
1416,1.361803,4.3321157,3,0,2025-11-07 08:31:22.936823
1417,1.5155015,4.3497114,1,1,2025-11-07 08:31:22.936823
1418,3.6421337,2.5735235,0,2,2025-11-07 08:31:22.937825
1419,2.644847,2.5698657,2,3,2025-11-07 08:31:22.937825
1420,1.5871323,1.5481954,3,0,2025-11-07 08:31:22.937825
1421,4.545116,2.4284718,0,1,2025-11-07 08:31:22.937825
1422,2.5584235,3.6190991,1,2,2025-11-07 08:31:22.938825
1423,1.4658198,3.641523,2,3,2025-11-07 08:31:22.938825
1424,1.5105544,2.602839,3,0,2025-11-07 08:31:22.938825
1425,3.3384743,2.6495478,1,1,2025-11-07 08:31:22.938825
1426,2.2916636,3.459055,0,2,2025-11-07 08:31:22.938825
1427,1.3269634,1.6714401,2,3,2025-11-07 08:31:22.938825
1428,3.4891334,3.5837116,3,0,2025-11-07 08:31:22.939829
1429,2.4788718,1.5407938,1,1,2025-11-07 08:31:22.939829
1430,4.5659847,2.5369887,0,2,2025-11-07 08:31:22.939829
1431,3.4957132,4.5661917,3,3,2025-11-07 08:31:22.939829
1432,2.3872404,2.6322038,1,0,2025-11-07 08:31:22.939829
1433,2.463251,4.432774,2,1,2025-11-07 08:31:22.940340
1434,3.501231,1.3943262,0,2,2025-11-07 08:31:22.940340
1435,3.5674136,1.6047113,3,3,2025-11-07 08:31:22.940340
1436,2.5246603,1.4826689,1,0,2025-11-07 08:31:22.940340
1437,3.7266605,1.5629836,2,1,2025-11-07 08:31:22.940340
1438,1.6021501,2.4208174,3,2,2025-11-07 08:31:22.940340
1439,1.6075404,2.2341862,0,3,2025-11-07 08:31:22.941348
1440,1.5656955,1.3644917,1,0,2025-11-07 08:31:22.941348
1441,1.4881563,4.6056876,2,1,2025-11-07 08:31:22.941348
1442,2.4031198,3.4564075,3,2,2025-11-07 08:31:22.941348
1443,4.4640603,1.5172298,0,3,2025-11-07 08:31:22.941348
1444,2.5236309,2.416587,2,0,2025-11-07 08:31:22.941348
1445,2.627328,4.475465,1,1,2025-11-07 08:31:22.942347
1446,1.4923565,4.3961115,3,2,2025-11-07 08:31:22.942347
1447,3.5440552,3.3819125,2,3,2025-11-07 08:31:22.942347
1448,3.601379,4.5410595,0,0,2025-11-07 08:31:22.942347
1449,2.6534815,4.535532,1,1,2025-11-07 08:31:22.942347
1450,4.623054,4.4900475,3,2,2025-11-07 08:31:22.942347
1451,1.529151,3.421447,2,3,2025-11-07 08:31:22.943348
1452,4.624814,2.5617325,1,0,2025-11-07 08:31:22.943348
1453,2.5257225,1.4501002,0,1,2025-11-07 08:31:22.943348
1454,2.579111,2.4388392,3,2,2025-11-07 08:31:22.943348
1455,4.6081405,4.394477,1,3,2025-11-07 08:31:22.943348
1456,4.650548,1.5106591,2,0,2025-11-07 08:31:22.943348
1457,3.6704378,3.5926983,0,1,2025-11-07 08:31:22.943348
1458,3.6154149,1.5057005,3,2,2025-11-07 08:31:22.944349
1459,4.474877,4.562856,2,3,2025-11-07 08:31:22.944349
1460,4.48527,1.5491905,1,0,2025-11-07 08:31:22.944349
1461,2.6299806,4.364922,0,1,2025-11-07 08:31:22.944349
1462,3.6284425,2.3421018,3,2,2025-11-07 08:31:22.944349
1463,3.5162916,3.4390926,2,3,2025-11-07 08:31:22.945348
1464,1.5403749,2.4232042,1,0,2025-11-07 08:31:22.945348
1465,2.5479145,2.449168,0,1,2025-11-07 08:31:22.945348
1466,4.6587253,2.425952,3,2,2025-11-07 08:31:22.945348
1467,1.6152645,3.365979,1,3,2025-11-07 08:31:22.945348
1468,2.4768946,4.3261766,2,0,2025-11-07 08:31:22.945348
1469,4.531534,2.3669558,3,1,2025-11-07 08:31:22.945348
1470,3.6068578,2.3456542,0,2,2025-11-07 08:31:22.946350
1471,2.629756,1.4923782,2,3,2025-11-07 08:31:22.946350
1472,1.5605785,2.6093445,1,0,2025-11-07 08:31:22.946350
1473,2.5010943,3.7104268,3,1,2025-11-07 08:31:22.946350
1474,2.3611948,3.594761,0,2,2025-11-07 08:31:22.946350
1475,4.2506747,1.3895681,2,3,2025-11-07 08:31:22.946350
1476,2.2946699,1.3564107,1,0,2025-11-07 08:31:22.946350
1477,2.6167142,4.390828,3,1,2025-11-07 08:31:22.946350
1478,4.6110463,3.4815135,0,2,2025-11-07 08:31:22.947348
1479,2.615921,4.612117,2,3,2025-11-07 08:31:22.947348
1480,1.5093075,1.4607813,1,0,2025-11-07 08:31:22.947348
1481,1.413586,1.3039671,3,1,2025-11-07 08:31:22.947348
1482,2.508738,3.3952403,0,2,2025-11-07 08:31:22.947348
1483,2.5396945,1.3621609,2,3,2025-11-07 08:31:22.947348
1484,4.5703936,3.5355356,1,0,2025-11-07 08:31:22.948351
1485,4.4982734,2.5088568,3,1,2025-11-07 08:31:22.948351
1486,3.4921231,4.4928403,0,2,2025-11-07 08:31:22.948351
1487,3.4190874,3.3668973,2,3,2025-11-07 08:31:22.949900
1488,3.3964326,4.48144,1,0,2025-11-07 08:31:22.949900
1489,3.409833,4.422492,0,1,2025-11-07 08:31:22.949900
1490,2.4445732,3.5751593,2,2,2025-11-07 08:31:22.950917
1491,3.5097265,4.505508,3,3,2025-11-07 08:31:22.950917
1492,2.5397,4.6017,1,0,2025-11-07 08:31:22.951917
1493,3.5490332,3.5634456,2,1,2025-11-07 08:31:22.951917
1494,2.546851,4.4505177,3,2,2025-11-07 08:31:22.951917
1495,2.6160443,4.4047723,0,3,2025-11-07 08:31:22.951917
1496,1.6883749,1.5124584,1,0,2025-11-07 08:31:22.951917
1497,2.5110927,2.435289,2,1,2025-11-07 08:31:22.951917
1498,3.5640852,1.3790735,3,2,2025-11-07 08:31:22.951917
1499,4.607365,4.546385,0,3,2025-11-07 08:31:22.951917
1500,1.5929224,1.5245321,1,0,2025-11-07 08:31:22.952928
1501,1.6490866,4.516631,2,1,2025-11-07 08:31:22.953932
1502,1.5961683,3.5577567,3,2,2025-11-07 08:31:22.953932
1503,1.7207621,1.6793263,0,3,2025-11-07 08:31:22.953932
1504,3.603013,1.6159664,2,0,2025-11-07 08:31:22.953932
1505,4.4256234,1.5187771,1,1,2025-11-07 08:31:22.954928
1506,1.4891088,1.4644816,3,2,2025-11-07 08:31:22.954928
1507,3.4701216,4.6327477,0,3,2025-11-07 08:31:22.954928
1508,2.5686417,3.6131167,2,0,2025-11-07 08:31:22.954928
1509,2.6539173,4.6239324,1,1,2025-11-07 08:31:22.954928
1510,1.6784282,4.4900303,3,2,2025-11-07 08:31:22.954928
1511,2.5743678,2.2788916,0,3,2025-11-07 08:31:22.955927
1512,2.4341216,2.3869808,1,0,2025-11-07 08:31:22.955927
1513,1.4621284,4.5182557,3,1,2025-11-07 08:31:22.955927
1514,4.473844,4.548931,2,2,2025-11-07 08:31:22.955927
1515,3.51873,3.5348563,0,3,2025-11-07 08:31:22.956927
1516,3.7433414,1.6132702,1,0,2025-11-07 08:31:22.956927
1517,1.6396562,1.4860706,3,1,2025-11-07 08:31:22.957926
1518,1.5762945,1.5828515,0,2,2025-11-07 08:31:22.957926
1519,1.5400957,4.5980763,1,3,2025-11-07 08:31:22.957926
1520,1.463616,3.7592583,2,0,2025-11-07 08:31:22.958931
1521,3.3994963,2.534435,0,1,2025-11-07 08:31:22.958931
1522,2.5448508,4.3280067,3,2,2025-11-07 08:31:22.959940
1523,2.4465196,2.4431176,1,3,2025-11-07 08:31:22.959940
1524,4.4515977,4.450071,0,0,2025-11-07 08:31:22.960462
1525,4.464211,1.5253713,2,1,2025-11-07 08:31:22.960462
1526,3.6433027,1.6061801,3,2,2025-11-07 08:31:22.960462
1527,4.545744,1.5492376,1,3,2025-11-07 08:31:22.960462
1528,4.6348906,1.4832919,0,0,2025-11-07 08:31:22.960462
1529,4.678665,1.5725443,3,1,2025-11-07 08:31:22.960462
1530,4.5780582,4.491612,2,2,2025-11-07 08:31:22.960462
1531,1.5141387,2.4883606,0,3,2025-11-07 08:31:22.960462
1532,2.333692,1.5994275,1,0,2025-11-07 08:31:22.961474
1533,3.3527792,3.633596,2,1,2025-11-07 08:31:22.961474
1534,4.468221,2.3711133,3,2,2025-11-07 08:31:22.961474
1535,4.484205,1.4477444,0,3,2025-11-07 08:31:22.961474
1536,1.4417124,3.4420953,2,0,2025-11-07 08:31:22.961474
1537,1.4351296,1.5823132,1,1,2025-11-07 08:31:22.961474
1538,3.2925575,1.4266346,0,2,2025-11-07 08:31:22.961474
1539,2.434892,3.5080945,3,3,2025-11-07 08:31:22.961474
1540,4.5216827,3.6619694,2,0,2025-11-07 08:31:22.962474
1541,2.5036833,3.4788282,1,1,2025-11-07 08:31:22.962474
1542,1.5996389,4.6330185,0,2,2025-11-07 08:31:22.962474
1543,4.579578,2.3406062,3,3,2025-11-07 08:31:22.962474
1544,4.608962,4.383708,2,0,2025-11-07 08:31:22.962474
1545,2.6235516,3.3815484,1,1,2025-11-07 08:31:22.962474
1546,2.6239562,2.37656,0,2,2025-11-07 08:31:22.962474
1547,2.6962833,4.4872427,3,3,2025-11-07 08:31:22.962474
1548,1.6811953,1.3763956,1,0,2025-11-07 08:31:22.962474
1549,4.5566664,3.357975,2,1,2025-11-07 08:31:22.963471
1550,2.6445742,2.4596336,0,2,2025-11-07 08:31:22.963471
1551,4.4607406,2.55096,1,3,2025-11-07 08:31:22.965473
1552,3.499436,1.5094242,3,0,2025-11-07 08:31:22.965473
1553,2.6901338,3.3398862,2,1,2025-11-07 08:31:22.966475
1554,2.7162907,4.404077,0,2,2025-11-07 08:31:22.966475
1555,4.5643797,4.5755553,3,3,2025-11-07 08:31:22.966475
1556,2.4062831,1.4821193,1,0,2025-11-07 08:31:22.966475
1557,4.6019826,1.513325,2,1,2025-11-07 08:31:22.967474
1558,4.5771837,4.5282817,0,2,2025-11-07 08:31:22.968476
1559,3.5809145,1.5276946,3,3,2025-11-07 08:31:22.972046
1560,2.431566,4.5347033,2,0,2025-11-07 08:31:22.973041
1561,3.5096893,2.6031077,0,1,2025-11-07 08:31:22.973041
1562,1.5039175,4.636006,1,2,2025-11-07 08:31:22.973041
1563,1.6914463,4.6300206,3,3,2025-11-07 08:31:22.973041
1564,1.5437176,4.798077,0,0,2025-11-07 08:31:22.974045
1565,1.4637046,1.6039023,2,1,2025-11-07 08:31:22.974045
1566,3.595226,4.3626027,1,2,2025-11-07 08:31:22.974045
1567,4.5011377,2.5308762,3,3,2025-11-07 08:31:22.976044
1568,2.5633347,1.5938706,0,0,2025-11-07 08:31:22.978042
1569,4.4790134,4.581315,2,1,2025-11-07 08:31:22.978042
1570,4.572036,2.4622788,1,2,2025-11-07 08:31:22.978042
1571,3.6358929,3.4266007,0,3,2025-11-07 08:31:22.980072
1572,1.7069802,4.489272,3,0,2025-11-07 08:31:22.980587
1573,3.5083773,4.5456395,1,1,2025-11-07 08:31:22.980587
1574,4.468463,2.5931234,2,2,2025-11-07 08:31:22.980587
1575,4.49344,2.624186,0,3,2025-11-07 08:31:22.981598
1576,2.4805672,3.5183358,3,0,2025-11-07 08:31:22.981598
1577,1.5543555,1.5508802,1,1,2025-11-07 08:31:22.981598
1578,2.5561976,1.3666524,2,2,2025-11-07 08:31:22.981598
1579,2.5791783,2.5052776,3,3,2025-11-07 08:31:22.981598
1580,1.4250082,4.5625157,0,0,2025-11-07 08:31:22.982598
1581,2.4768558,1.5065964,1,1,2025-11-07 08:31:22.982598
1582,3.6548817,3.595234,2,2,2025-11-07 08:31:22.982598
1583,2.7542157,2.456305,3,3,2025-11-07 08:31:22.983599
1584,4.7261257,3.4146836,0,0,2025-11-07 08:31:22.983599
1585,1.6970818,2.4169636,2,1,2025-11-07 08:31:22.983599
1586,3.6127825,1.4872124,1,2,2025-11-07 08:31:22.983599
1587,1.6675249,2.3842301,3,3,2025-11-07 08:31:22.983599
1588,2.5318613,3.603973,0,0,2025-11-07 08:31:22.984603
1589,1.4007463,4.607215,2,1,2025-11-07 08:31:22.984603
1590,2.4446988,4.68906,3,2,2025-11-07 08:31:22.984603
1591,4.571515,3.6111867,1,3,2025-11-07 08:31:22.984603
1592,2.7237236,3.642282,0,0,2025-11-07 08:31:22.984603
1593,3.7053735,2.6487548,2,1,2025-11-07 08:31:22.984603
1594,2.6039367,2.5135827,1,2,2025-11-07 08:31:22.985595
1595,4.60978,4.4204173,0,3,2025-11-07 08:31:22.985595
1596,3.5793853,4.5135984,3,0,2025-11-07 08:31:22.985595
1597,2.6211236,2.5057867,2,1,2025-11-07 08:31:22.986598
1598,2.5524845,4.6232,1,2,2025-11-07 08:31:22.986598
1599,1.4648256,1.4321847,3,3,2025-11-07 08:31:22.986598
1600,4.6308193,4.3531656,0,0,2025-11-07 08:31:22.986598
1601,4.506393,2.3441775,2,1,2025-11-07 08:31:22.986598
1602,4.431687,1.3685176,1,2,2025-11-07 08:31:22.986598
1603,3.4281552,4.370747,0,3,2025-11-07 08:31:22.986598
1604,3.494525,3.371763,3,0,2025-11-07 08:31:22.986598
1605,3.4411023,1.5546215,1,1,2025-11-07 08:31:22.986598
1606,1.5774974,4.639485,2,2,2025-11-07 08:31:22.987596
1607,3.6691332,3.7174418,0,3,2025-11-07 08:31:22.987596
1608,4.631039,2.734194,3,0,2025-11-07 08:31:22.987596
1609,3.5515587,4.703192,2,1,2025-11-07 08:31:22.987596
1610,1.497359,1.6674751,0,2,2025-11-07 08:31:22.987596
1611,2.414657,2.474715,1,3,2025-11-07 08:31:22.987596
1612,1.3544705,1.442044,2,0,2025-11-07 08:31:22.987596
1613,4.38105,2.4457285,0,1,2025-11-07 08:31:22.987596
1614,3.4444923,4.5661864,3,2,2025-11-07 08:31:22.988597
1615,1.5227207,3.6100807,1,3,2025-11-07 08:31:22.988597
1616,3.559306,2.6914084,0,0,2025-11-07 08:31:22.988597
1617,3.4219096,4.5500975,2,1,2025-11-07 08:31:22.988597
1618,4.420921,1.7159095,3,2,2025-11-07 08:31:22.988597
1619,2.3869984,4.691538,1,3,2025-11-07 08:31:22.988597
1620,2.4623778,2.7139294,0,0,2025-11-07 08:31:22.988597
1621,1.3777328,3.559806,2,1,2025-11-07 08:31:22.988597
1622,3.4202404,2.6522996,3,2,2025-11-07 08:31:22.990108
1623,3.4626794,2.4458375,1,3,2025-11-07 08:31:22.990108
1624,4.5644126,1.3595278,0,0,2025-11-07 08:31:22.990108
1625,4.6082325,1.499854,2,1,2025-11-07 08:31:22.990108
1626,3.5378404,2.4959676,3,2,2025-11-07 08:31:22.990108
1627,3.4933715,1.48909,1,3,2025-11-07 08:31:22.990108
1628,1.6498882,3.5107486,2,0,2025-11-07 08:31:22.990108
1629,3.6628294,1.568867,0,1,2025-11-07 08:31:22.991120
1630,2.4965591,2.6918945,3,2,2025-11-07 08:31:22.991120
1631,1.5598881,4.500119,2,3,2025-11-07 08:31:22.992133
1632,1.5771315,2.2815554,1,0,2025-11-07 08:31:22.992133
1633,4.553785,3.4802344,0,1,2025-11-07 08:31:22.995133
1634,4.5572653,3.5390012,3,2,2025-11-07 08:31:22.995133
1635,1.6329862,1.4801023,2,3,2025-11-07 08:31:22.996131
1636,4.6493945,4.4283032,1,0,2025-11-07 08:31:22.997132
1637,3.6891818,4.487066,0,1,2025-11-07 08:31:22.997132
1638,3.5038507,4.5674195,3,2,2025-11-07 08:31:22.997132
1639,1.2871859,2.5939004,1,3,2025-11-07 08:31:22.998130
1640,4.3546987,2.4840665,2,0,2025-11-07 08:31:22.999132
1641,4.4373193,1.4518942,0,1,2025-11-07 08:31:22.999132
1642,4.6270175,3.4112444,3,2,2025-11-07 08:31:23.000131
1643,3.45275,1.4162456,1,3,2025-11-07 08:31:23.000131
1644,3.4119005,4.4030657,2,0,2025-11-07 08:31:23.000131
1645,2.456227,2.4181552,3,1,2025-11-07 08:31:23.000131
1646,4.4011283,2.5782387,0,2,2025-11-07 08:31:23.000638
1647,2.5284839,1.5195692,1,3,2025-11-07 08:31:23.000638
1648,3.594543,3.6074598,3,0,2025-11-07 08:31:23.000638
1649,1.6320082,1.6559122,2,1,2025-11-07 08:31:23.000638
1650,3.534314,1.531608,1,2,2025-11-07 08:31:23.000638
1651,3.5220497,2.6852872,0,3,2025-11-07 08:31:23.000638
1652,2.552086,1.4612329,3,0,2025-11-07 08:31:23.001649
1653,2.6799004,4.541169,2,1,2025-11-07 08:31:23.001649
1654,1.502034,1.4829748,0,2,2025-11-07 08:31:23.001649
1655,1.4674301,4.487158,1,3,2025-11-07 08:31:23.001649
1656,3.648695,3.4927337,2,0,2025-11-07 08:31:23.001649
1657,3.648775,4.4181232,3,1,2025-11-07 08:31:23.001649
1658,4.5387487,4.4589024,0,2,2025-11-07 08:31:23.001649
1659,1.3609264,2.597272,1,3,2025-11-07 08:31:23.002650
1660,2.4286008,1.6271708,2,0,2025-11-07 08:31:23.002650
1661,3.3069947,3.60376,3,1,2025-11-07 08:31:23.002650
1662,4.6033735,4.4112043,0,2,2025-11-07 08:31:23.002650
1663,1.7014072,2.349085,1,3,2025-11-07 08:31:23.002650
1664,3.722454,2.4835176,2,0,2025-11-07 08:31:23.002650
1665,2.643701,3.5190763,3,1,2025-11-07 08:31:23.003650
1666,3.5792055,2.4760194,1,2,2025-11-07 08:31:23.003650
1667,1.5898715,2.4332478,0,3,2025-11-07 08:31:23.003650
1668,4.514345,4.455031,3,0,2025-11-07 08:31:23.004661
1669,2.5087473,4.5357847,2,1,2025-11-07 08:31:23.004661
1670,1.5324266,4.511515,1,2,2025-11-07 08:31:23.004661
1671,3.5666988,4.5064735,0,3,2025-11-07 08:31:23.004661
1672,4.4411106,3.6823027,3,0,2025-11-07 08:31:23.004661
1673,1.4270735,3.654538,2,1,2025-11-07 08:31:23.004661
1674,2.4230933,1.4936556,0,2,2025-11-07 08:31:23.005647
1675,3.6085222,2.3921328,1,3,2025-11-07 08:31:23.005647
1676,4.59619,2.4617863,2,0,2025-11-07 08:31:23.005647
1677,1.5074159,1.4621954,3,1,2025-11-07 08:31:23.005647
1678,1.4275436,2.627482,0,2,2025-11-07 08:31:23.005647
1679,1.455822,4.7172904,2,3,2025-11-07 08:31:23.005647
1680,1.5485473,3.789234,1,0,2025-11-07 08:31:23.006646
1681,4.5889816,1.6333365,3,1,2025-11-07 08:31:23.006646
1682,4.6468396,2.488826,0,2,2025-11-07 08:31:23.006646
1683,2.6161425,4.4881773,2,3,2025-11-07 08:31:23.006646
1684,3.6439044,4.5153265,1,0,2025-11-07 08:31:23.006646
1685,1.5972432,2.5122473,0,1,2025-11-07 08:31:23.006646
1686,1.4632654,2.6008582,3,2,2025-11-07 08:31:23.007646
1687,1.637222,1.6393602,1,3,2025-11-07 08:31:23.007646
1688,4.641705,2.4546332,2,0,2025-11-07 08:31:23.007646
1689,2.6283092,1.5129035,0,1,2025-11-07 08:31:23.007646
1690,2.573453,1.626257,1,2,2025-11-07 08:31:23.008651
1691,3.49651,4.684454,3,3,2025-11-07 08:31:23.008651
1692,1.5688357,1.6158473,0,0,2025-11-07 08:31:23.008651
1693,1.4139671,2.6792028,2,1,2025-11-07 08:31:23.010165
1694,4.443683,1.654694,3,2,2025-11-07 08:31:23.010165
1695,3.5865662,4.6757,1,3,2025-11-07 08:31:23.012225
1696,1.5410559,1.5778544,2,0,2025-11-07 08:31:23.012225
1697,4.5682178,1.6345223,0,1,2025-11-07 08:31:23.012225
1698,2.596818,2.6168942,3,2,2025-11-07 08:31:23.012225
1699,2.4674718,3.5030386,1,3,2025-11-07 08:31:23.013222
1700,3.3864625,4.698497,2,0,2025-11-07 08:31:23.013222
1701,1.496365,3.6689632,0,1,2025-11-07 08:31:23.013222
1702,3.4608054,4.534753,3,2,2025-11-07 08:31:23.013222
1703,2.74107,4.51328,1,3,2025-11-07 08:31:23.013222
1704,2.598013,2.6200879,0,0,2025-11-07 08:31:23.014217
1705,4.487936,3.6731663,2,1,2025-11-07 08:31:23.014217
1706,4.474124,4.5685854,1,2,2025-11-07 08:31:23.014217
1707,1.551286,1.5349839,3,3,2025-11-07 08:31:23.015220
1708,1.5574383,3.593301,0,0,2025-11-07 08:31:23.015220
1709,1.5374936,4.4918113,2,1,2025-11-07 08:31:23.015220
1710,4.647323,1.5217248,1,2,2025-11-07 08:31:23.015220
1711,3.5837557,2.4597168,3,3,2025-11-07 08:31:23.016224
1712,2.6128914,4.498295,0,0,2025-11-07 08:31:23.016224
1713,3.6316075,3.5441823,1,1,2025-11-07 08:31:23.017221
1714,3.6144924,3.4577832,2,2,2025-11-07 08:31:23.017221
1715,2.6105788,4.4189477,3,3,2025-11-07 08:31:23.017221
1716,1.628969,1.458924,1,0,2025-11-07 08:31:23.017221
1717,4.4592443,2.4900138,0,1,2025-11-07 08:31:23.018219
1718,1.5155084,1.4966958,2,2,2025-11-07 08:31:23.018219
1719,2.7078528,1.4833493,3,3,2025-11-07 08:31:23.018219
1720,2.6788893,2.487824,1,0,2025-11-07 08:31:23.018219
1721,2.7404861,4.60688,0,1,2025-11-07 08:31:23.018219
1722,2.623773,2.5815105,3,2,2025-11-07 08:31:23.018219
1723,4.4980674,1.516618,0,3,2025-11-07 08:31:23.018219
1724,3.5946307,1.4574912,2,0,2025-11-07 08:31:23.019730
1725,3.4981244,1.3811177,1,1,2025-11-07 08:31:23.019730
1726,3.4079165,1.4634205,3,2,2025-11-07 08:31:23.019730
1727,1.4594226,4.5768223,0,3,2025-11-07 08:31:23.019730
1728,1.4752955,1.5434653,1,0,2025-11-07 08:31:23.019730
1729,2.4473248,2.5470135,2,1,2025-11-07 08:31:23.020740
1730,4.501363,1.5463363,3,2,2025-11-07 08:31:23.020740
1731,3.5533392,4.4470572,0,3,2025-11-07 08:31:23.020740
1732,2.5323212,2.3740332,1,0,2025-11-07 08:31:23.020740
1733,3.4861743,3.3159719,2,1,2025-11-07 08:31:23.021744
1734,4.691366,3.5237188,3,2,2025-11-07 08:31:23.021744
1735,4.6414638,1.4605029,0,3,2025-11-07 08:31:23.021744
1736,3.613609,3.3586156,1,0,2025-11-07 08:31:23.021744
1737,3.633309,1.4795017,2,1,2025-11-07 08:31:23.021744
1738,2.6106892,4.356033,3,2,2025-11-07 08:31:23.021744
1739,3.4993536,1.4965155,2,3,2025-11-07 08:31:23.022741
1740,2.4803913,2.5727775,0,0,2025-11-07 08:31:23.022741
1741,1.5177646,2.6729484,1,1,2025-11-07 08:31:23.022741
1742,3.6777687,4.6146817,3,2,2025-11-07 08:31:23.022741
1743,4.694447,2.583566,2,3,2025-11-07 08:31:23.022741
1744,3.6182144,4.5540214,1,0,2025-11-07 08:31:23.023740
1745,2.60043,1.5424765,0,1,2025-11-07 08:31:23.024743
1746,3.7290025,3.582603,3,2,2025-11-07 08:31:23.024743
1747,2.7139559,3.4363286,2,3,2025-11-07 08:31:23.024743
1748,2.5580401,4.5357223,1,0,2025-11-07 08:31:23.024743
1749,1.494287,4.6682615,0,1,2025-11-07 08:31:23.025743
1750,2.518673,4.474729,3,2,2025-11-07 08:31:23.025743
1751,4.4072776,4.5047817,1,3,2025-11-07 08:31:23.025743
1752,2.5344899,1.640084,2,0,2025-11-07 08:31:23.025743
1753,2.4976988,1.5390875,3,1,2025-11-07 08:31:23.026752
1754,2.4919722,4.291757,0,2,2025-11-07 08:31:23.027749
1755,4.3912983,4.419363,2,3,2025-11-07 08:31:23.027749
1756,3.3998942,4.597017,1,0,2025-11-07 08:31:23.027749
1757,4.2846794,4.6215215,3,1,2025-11-07 08:31:23.027749
1758,2.339758,4.5127416,0,2,2025-11-07 08:31:23.027749
1759,3.3997788,4.459352,2,3,2025-11-07 08:31:23.027749
1760,1.4192837,4.531959,1,0,2025-11-07 08:31:23.027749
1761,2.5151644,1.6471353,3,1,2025-11-07 08:31:23.027749
1762,1.5523267,1.5486864,0,2,2025-11-07 08:31:23.027749
1763,3.5724418,4.528964,2,3,2025-11-07 08:31:23.027749
1764,2.482336,4.500022,1,0,2025-11-07 08:31:23.027749
1765,2.5772386,3.518388,3,1,2025-11-07 08:31:23.029259
1766,2.558796,1.4512534,2,2,2025-11-07 08:31:23.029259
1767,1.5561948,2.6386673,0,3,2025-11-07 08:31:23.029259
1768,2.6078186,4.699955,3,0,2025-11-07 08:31:23.029259
1769,3.7229466,3.711282,1,1,2025-11-07 08:31:23.029800
1770,4.6428375,3.5714917,2,2,2025-11-07 08:31:23.029800
1771,3.591444,1.5588143,0,3,2025-11-07 08:31:23.029800
1772,4.703269,4.60317,1,0,2025-11-07 08:31:23.029800
1773,4.6881914,2.608815,2,1,2025-11-07 08:31:23.029800
1774,2.6126099,4.3955665,3,2,2025-11-07 08:31:23.029800
1775,3.6170616,1.3625119,0,3,2025-11-07 08:31:23.029800
1776,4.536283,2.5154498,2,0,2025-11-07 08:31:23.029800
1777,2.4970815,1.6277776,3,1,2025-11-07 08:31:23.030813
1778,1.6370261,1.6591325,1,2,2025-11-07 08:31:23.030813
1779,1.6409351,4.4960093,0,3,2025-11-07 08:31:23.030813
1780,2.676106,3.3832612,2,0,2025-11-07 08:31:23.030813
1781,3.5605323,1.367749,3,1,2025-11-07 08:31:23.030813
1782,3.3614528,4.481082,1,2,2025-11-07 08:31:23.030813
1783,4.4812455,2.3289456,0,3,2025-11-07 08:31:23.030813
1784,2.4671705,3.5162606,2,0,2025-11-07 08:31:23.031809
1785,1.4198322,1.5433185,3,1,2025-11-07 08:31:23.031809
1786,3.5121248,2.4334807,1,2,2025-11-07 08:31:23.031809
1787,1.5745213,4.494672,0,3,2025-11-07 08:31:23.031809
1788,4.6581216,2.5241935,2,0,2025-11-07 08:31:23.032810
1789,2.4399762,3.5465398,3,1,2025-11-07 08:31:23.032810
1790,3.4677944,4.647626,1,2,2025-11-07 08:31:23.032810
1791,1.3850172,3.4706593,0,3,2025-11-07 08:31:23.032810
1792,4.429599,1.4160769,2,0,2025-11-07 08:31:23.032810
1793,4.5291066,2.4119325,3,1,2025-11-07 08:31:23.032810
1794,4.436141,2.3694715,0,2,2025-11-07 08:31:23.033809
1795,2.4537015,1.498873,1,3,2025-11-07 08:31:23.033809
1796,3.489898,1.3977013,2,0,2025-11-07 08:31:23.033809
1797,1.4176822,3.4930706,3,1,2025-11-07 08:31:23.033809
1798,2.4035668,1.4522853,0,2,2025-11-07 08:31:23.034811
1799,4.4338493,1.4502115,1,3,2025-11-07 08:31:23.034811
1800,4.490266,4.577127,2,0,2025-11-07 08:31:23.034811
1801,1.4229417,3.3354821,3,1,2025-11-07 08:31:23.034811
1802,4.48136,2.4393973,1,2,2025-11-07 08:31:23.035810
1803,3.4464898,2.6472585,0,3,2025-11-07 08:31:23.035810
1804,3.3495831,1.5577335,2,0,2025-11-07 08:31:23.035810
1805,1.493099,4.442512,3,1,2025-11-07 08:31:23.035810
1806,2.6224706,1.424516,1,2,2025-11-07 08:31:23.036812
1807,2.6339657,4.562531,0,3,2025-11-07 08:31:23.036812
1808,1.5984373,1.5155532,2,0,2025-11-07 08:31:23.036812
1809,1.548604,2.4554446,3,1,2025-11-07 08:31:23.036812
1810,2.4431615,1.458703,0,2,2025-11-07 08:31:23.036812
1811,4.4895372,3.4568064,1,3,2025-11-07 08:31:23.037817
1812,4.54074,1.579425,2,0,2025-11-07 08:31:23.037817
1813,2.5634313,1.5104489,3,1,2025-11-07 08:31:23.038811
1814,2.4172883,4.545615,0,2,2025-11-07 08:31:23.038811
1815,4.4384003,3.594805,1,3,2025-11-07 08:31:23.038811
1816,1.3799849,3.691541,2,0,2025-11-07 08:31:23.038811
1817,3.41641,4.6028357,3,1,2025-11-07 08:31:23.038811
1818,4.491314,3.5920286,0,2,2025-11-07 08:31:23.038811
1819,4.4998293,3.574184,2,3,2025-11-07 08:31:23.039814
1820,1.4861679,1.7151681,1,0,2025-11-07 08:31:23.039814
1821,4.473773,1.5812793,3,1,2025-11-07 08:31:23.039814
1822,2.3950562,1.5143391,2,2,2025-11-07 08:31:23.039814
1823,4.468053,2.415636,0,3,2025-11-07 08:31:23.039814
1824,2.4620795,2.4117937,1,0,2025-11-07 08:31:23.039814
1825,1.492774,3.5508883,3,1,2025-11-07 08:31:23.039814
1826,1.5282388,3.6602774,2,2,2025-11-07 08:31:23.039814
1827,3.4659188,3.4582052,1,3,2025-11-07 08:31:23.041253
1828,4.5882053,1.5178107,3,0,2025-11-07 08:31:23.042266
1829,4.546128,1.4759843,0,1,2025-11-07 08:31:23.042266
1830,1.4686365,1.3760252,1,2,2025-11-07 08:31:23.043264
1831,4.56247,1.3958238,2,3,2025-11-07 08:31:23.043264
1832,2.5963557,3.426093,3,0,2025-11-07 08:31:23.043264
1833,3.475343,3.6859968,0,1,2025-11-07 08:31:23.043264
1834,1.4187033,4.7960577,2,2,2025-11-07 08:31:23.043264
1835,4.6422987,4.6690755,1,3,2025-11-07 08:31:23.044264
1836,3.720356,1.4514503,3,0,2025-11-07 08:31:23.044264
1837,2.6740255,3.4749706,0,1,2025-11-07 08:31:23.044264
1838,2.5110471,3.5288875,2,2,2025-11-07 08:31:23.044264
1839,1.4799242,2.4833236,3,3,2025-11-07 08:31:23.044264
1840,4.3802366,2.5181963,1,0,2025-11-07 08:31:23.044264
1841,4.4466195,1.5018935,0,1,2025-11-07 08:31:23.045263
1842,4.4546194,4.5659976,2,2,2025-11-07 08:31:23.045263
1843,1.4542378,4.567772,3,3,2025-11-07 08:31:23.045263
1844,3.3425682,1.5611619,0,0,2025-11-07 08:31:23.045263
1845,3.3072188,4.464664,2,1,2025-11-07 08:31:23.045263
1846,4.507185,1.6387963,1,2,2025-11-07 08:31:23.046262
1847,1.523047,4.577304,3,3,2025-11-07 08:31:23.046262
1848,4.4945836,3.4821365,0,0,2025-11-07 08:31:23.046262
1849,4.4254956,1.423702,2,1,2025-11-07 08:31:23.046262
1850,1.4608964,3.4191446,1,2,2025-11-07 08:31:23.046262
1851,4.6290183,3.6359065,3,3,2025-11-07 08:31:23.046262
1852,3.6622868,1.7069772,0,0,2025-11-07 08:31:23.046262
1853,4.6360717,1.7284292,2,1,2025-11-07 08:31:23.046262
1854,2.5846531,2.6729012,3,2,2025-11-07 08:31:23.047260
1855,2.583158,4.6921353,0,3,2025-11-07 08:31:23.047260
1856,1.7596406,4.721922,1,0,2025-11-07 08:31:23.047260
1857,3.7012405,4.7394924,3,1,2025-11-07 08:31:23.047260
1858,2.6471205,3.646719,2,2,2025-11-07 08:31:23.047260
1859,1.5450928,3.4622965,0,3,2025-11-07 08:31:23.047260
1860,3.4464266,1.463737,3,0,2025-11-07 08:31:23.047260
1861,2.550835,4.356958,1,1,2025-11-07 08:31:23.047260
1862,3.5029516,2.4329104,2,2,2025-11-07 08:31:23.047260
1863,1.4827657,1.6211019,0,3,2025-11-07 08:31:23.048262
1864,2.4817526,1.6909474,3,0,2025-11-07 08:31:23.048262
1865,3.568697,2.5211957,1,1,2025-11-07 08:31:23.048262
1866,2.5265388,1.4738148,2,2,2025-11-07 08:31:23.048262
1867,2.3931797,2.5100522,0,3,2025-11-07 08:31:23.048262
1868,3.425973,2.5632858,1,0,2025-11-07 08:31:23.048262
1869,1.5106941,3.6433818,3,1,2025-11-07 08:31:23.048262
1870,2.6749682,1.4920814,2,2,2025-11-07 08:31:23.048262
1871,3.6527314,2.4590106,0,3,2025-11-07 08:31:23.048262
1872,2.5227735,4.2661905,3,0,2025-11-07 08:31:23.048262
1873,2.554308,4.5047865,1,1,2025-11-07 08:31:23.048262
1874,1.5725952,4.4333487,0,2,2025-11-07 08:31:23.048262
1875,1.5078777,4.5386977,2,3,2025-11-07 08:31:23.048262
1876,3.54438,4.5820236,3,0,2025-11-07 08:31:23.049783
1877,3.5840166,4.43977,1,1,2025-11-07 08:31:23.049783
1878,2.5494444,3.3580022,0,2,2025-11-07 08:31:23.049783
1879,4.5182095,3.5089164,2,3,2025-11-07 08:31:23.049783
1880,2.4888206,4.626533,1,0,2025-11-07 08:31:23.049783
1881,3.5438464,4.5861645,3,1,2025-11-07 08:31:23.050814
1882,2.3967965,2.5580409,0,2,2025-11-07 08:31:23.050814
1883,4.574403,3.4664989,2,3,2025-11-07 08:31:23.050814
1884,3.6176193,1.5319074,1,0,2025-11-07 08:31:23.050814
1885,1.5452995,4.6482124,3,1,2025-11-07 08:31:23.051815
1886,3.6877615,1.6091704,0,2,2025-11-07 08:31:23.051815
1887,3.5564563,3.7381773,1,3,2025-11-07 08:31:23.051815
1888,2.466289,3.6459544,2,0,2025-11-07 08:31:23.051815
1889,3.4330177,1.6470728,3,1,2025-11-07 08:31:23.051815
1890,3.5101063,1.406713,0,2,2025-11-07 08:31:23.051815
1891,3.604848,4.3382993,1,3,2025-11-07 08:31:23.051815
1892,3.5589306,2.3376312,2,0,2025-11-07 08:31:23.052825
1893,3.4208188,1.4755981,3,1,2025-11-07 08:31:23.052825
1894,1.4585227,2.4262385,0,2,2025-11-07 08:31:23.052825
1895,4.588057,1.4047167,1,3,2025-11-07 08:31:23.052825
1896,2.6734126,4.359129,2,0,2025-11-07 08:31:23.052825
1897,2.6201982,2.4163225,0,1,2025-11-07 08:31:23.052825
1898,1.5822927,3.4108636,3,2,2025-11-07 08:31:23.052825
1899,2.623022,3.3343549,1,3,2025-11-07 08:31:23.053827
1900,2.5737438,2.3302193,0,0,2025-11-07 08:31:23.053827
1901,1.5408003,1.4366758,2,1,2025-11-07 08:31:23.053827
1902,4.589201,4.5397944,3,2,2025-11-07 08:31:23.053827
1903,2.5656168,3.5193992,0,3,2025-11-07 08:31:23.053827
1904,1.7216165,4.492302,1,0,2025-11-07 08:31:23.054830
1905,4.7722626,1.4603035,2,1,2025-11-07 08:31:23.054830
1906,2.7410064,3.400681,3,2,2025-11-07 08:31:23.055828
1907,3.4601564,4.491145,2,3,2025-11-07 08:31:23.055828
1908,4.392471,3.465491,1,0,2025-11-07 08:31:23.055828
1909,2.4119275,4.347874,3,1,2025-11-07 08:31:23.055828
1910,2.3587124,3.4806192,0,2,2025-11-07 08:31:23.056826
1911,4.452994,4.5860405,2,3,2025-11-07 08:31:23.056826
1912,1.4616239,3.5243828,3,0,2025-11-07 08:31:23.056826
1913,3.511703,1.5845108,1,1,2025-11-07 08:31:23.057828
1914,3.5089257,3.544029,0,2,2025-11-07 08:31:23.057828
1915,1.5016749,1.5315573,2,3,2025-11-07 08:31:23.057828
1916,3.4525366,4.571107,3,0,2025-11-07 08:31:23.057828
1917,3.6078744,1.5184699,1,1,2025-11-07 08:31:23.057828
1918,1.5973607,1.4539086,0,2,2025-11-07 08:31:23.058825
1919,1.4892011,1.4128598,2,3,2025-11-07 08:31:23.058825
1920,4.5941863,3.534291,3,0,2025-11-07 08:31:23.058825
1921,4.54467,1.746531,0,1,2025-11-07 08:31:23.058825
1922,2.438696,2.6946013,2,2,2025-11-07 08:31:23.058825
1923,3.3774052,1.5929838,1,3,2025-11-07 08:31:23.058825
1924,2.420651,2.5112956,3,0,2025-11-07 08:31:23.058825
1925,1.4058084,4.59993,0,1,2025-11-07 08:31:23.058825
1926,4.4825544,4.6186485,2,2,2025-11-07 08:31:23.058825
1927,2.4852679,3.6364155,1,3,2025-11-07 08:31:23.058825
1928,2.3967137,4.6356297,3,0,2025-11-07 08:31:23.060335
1929,2.4622939,2.4697254,0,1,2025-11-07 08:31:23.060335
1930,4.5235963,1.439939,2,2,2025-11-07 08:31:23.060335
1931,2.4241662,4.576434,1,3,2025-11-07 08:31:23.060335
1932,3.514368,2.6642103,3,0,2025-11-07 08:31:23.060335
1933,1.5039555,4.6313953,0,1,2025-11-07 08:31:23.061343
1934,3.4829295,2.626557,2,2,2025-11-07 08:31:23.061343
1935,1.4072564,3.657351,1,3,2025-11-07 08:31:23.061343
1936,2.475864,4.579185,3,0,2025-11-07 08:31:23.061343
1937,2.548988,3.5256972,0,1,2025-11-07 08:31:23.061343
1938,1.5946052,4.384214,2,2,2025-11-07 08:31:23.061343
1939,2.4867878,4.251984,3,3,2025-11-07 08:31:23.061343
1940,2.5414333,1.4568467,1,0,2025-11-07 08:31:23.061343
1941,4.643751,1.4546812,0,1,2025-11-07 08:31:23.062351
1942,1.5772603,3.4190626,2,2,2025-11-07 08:31:23.062351
1943,2.618757,2.3193493,3,3,2025-11-07 08:31:23.062351
1944,4.526692,3.2323499,1,0,2025-11-07 08:31:23.062351
1945,3.5296159,2.3631964,2,1,2025-11-07 08:31:23.062351
1946,3.6629918,2.431698,0,2,2025-11-07 08:31:23.062351
1947,3.597119,3.5017655,3,3,2025-11-07 08:31:23.062351
1948,1.4803979,1.5252323,1,0,2025-11-07 08:31:23.062351
1949,4.5550017,4.3864503,0,1,2025-11-07 08:31:23.063352
1950,2.6650217,1.4415557,2,2,2025-11-07 08:31:23.064353
1951,3.6419706,4.5512133,1,3,2025-11-07 08:31:23.064353
1952,1.5829076,2.703009,0,0,2025-11-07 08:31:23.064353
1953,3.5640466,2.6050038,3,1,2025-11-07 08:31:23.065353
1954,4.6463413,2.5299883,2,2,2025-11-07 08:31:23.065353
1955,4.5129194,3.5903738,0,3,2025-11-07 08:31:23.065353
1956,1.5502208,4.432971,1,0,2025-11-07 08:31:23.065353
1957,3.5794086,1.417172,3,1,2025-11-07 08:31:23.066364
1958,2.7040005,1.5117252,2,2,2025-11-07 08:31:23.066364
1959,2.5084205,4.7846246,0,3,2025-11-07 08:31:23.066364
1960,3.431134,2.6383579,3,0,2025-11-07 08:31:23.066364
1961,1.4742732,3.6213152,1,1,2025-11-07 08:31:23.066364
1962,4.579305,1.5811431,2,2,2025-11-07 08:31:23.067356
1963,1.4125855,4.5199246,0,3,2025-11-07 08:31:23.067356
1964,1.5045521,1.4928955,3,0,2025-11-07 08:31:23.067356
1965,3.5518503,1.3727083,1,1,2025-11-07 08:31:23.067356
1966,3.5010016,3.5156522,2,2,2025-11-07 08:31:23.067356
1967,4.531003,1.4403287,0,3,2025-11-07 08:31:23.067356
1968,1.5106026,4.450548,1,0,2025-11-07 08:31:23.067356
1969,1.5282308,2.6017978,3,1,2025-11-07 08:31:23.067356
1970,1.5442574,4.570491,2,2,2025-11-07 08:31:23.067356
1971,1.5259727,2.518977,0,3,2025-11-07 08:31:23.068351
1972,2.5922756,3.459685,3,0,2025-11-07 08:31:23.068351
1973,2.653203,3.561307,2,1,2025-11-07 08:31:23.068351
1974,4.6137857,1.5383683,1,2,2025-11-07 08:31:23.068351
1975,3.4804485,2.5915215,0,3,2025-11-07 08:31:23.068351
1976,4.3728423,3.5952964,3,0,2025-11-07 08:31:23.068351
1977,4.3373637,3.5836353,2,1,2025-11-07 08:31:23.068351
1978,1.5052326,4.53133,1,2,2025-11-07 08:31:23.068351
1979,4.458177,3.5922825,0,3,2025-11-07 08:31:23.068351
1980,1.490224,2.5918827,3,0,2025-11-07 08:31:23.068351
1981,1.5069048,4.5165963,2,1,2025-11-07 08:31:23.068351
1982,1.4426868,1.6194689,1,2,2025-11-07 08:31:23.068351
1983,1.4839795,3.54351,0,3,2025-11-07 08:31:23.068351
1984,1.5034726,4.5892706,3,0,2025-11-07 08:31:23.069863
1985,1.3818657,3.4149854,2,1,2025-11-07 08:31:23.069863
1986,2.4882412,1.3843076,1,2,2025-11-07 08:31:23.069863
1987,2.4400167,4.484337,3,3,2025-11-07 08:31:23.069863
1988,4.5606227,1.5594183,0,0,2025-11-07 08:31:23.069863
1989,1.6347295,1.7302642,1,1,2025-11-07 08:31:23.069863
1990,1.7226932,1.649679,2,2,2025-11-07 08:31:23.070873
1991,2.7094693,4.4754987,0,3,2025-11-07 08:31:23.070873
1992,4.457065,4.4536333,3,0,2025-11-07 08:31:23.070873
1993,4.35924,3.2518086,2,1,2025-11-07 08:31:23.070873
1994,1.3217847,2.4604745,1,2,2025-11-07 08:31:23.070873
1995,4.407975,3.5382817,0,3,2025-11-07 08:31:23.071882
1996,3.5272546,2.5918818,3,0,2025-11-07 08:31:23.071882
1997,1.7219145,2.6336672,2,1,2025-11-07 08:31:23.071882
1998,2.697516,1.5853953,0,2,2025-11-07 08:31:23.071882
1999,3.7003224,3.5206358,1,3,2025-11-07 08:31:23.071882
