step,ai_reward,normal_reward,ai_action,normal_action,timestamp
0,-1.2193599,-2.1654902,3,0,2025-11-07 08:40:22.824173
1,-0.5367806,1.7160285,1,1,2025-11-07 08:40:22.824173
2,1.7219241,1.9647231,0,2,2025-11-07 08:40:22.824173
3,1.3182585,1.0992447,3,3,2025-11-07 08:40:22.825190
4,2.630535,2.3179674,2,0,2025-11-07 08:40:22.825190
5,1.1621472,2.7852683,1,1,2025-11-07 08:40:22.825190
6,1.5994841,1.8561134,0,2,2025-11-07 08:40:22.826189
7,0.90877783,1.1471288,3,3,2025-11-07 08:40:22.826189
8,4.127703,1.0317001,2,0,2025-11-07 08:40:22.826189
9,4.3306594,2.003932,0,1,2025-11-07 08:40:22.827191
10,3.5504758,3.2877717,1,2,2025-11-07 08:40:22.827191
11,4.432324,1.6410395,3,3,2025-11-07 08:40:22.827191
12,1.3911858,3.5613341,2,0,2025-11-07 08:40:22.828190
13,1.559196,2.507864,0,1,2025-11-07 08:40:22.828190
14,1.5455693,4.548656,3,2,2025-11-07 08:40:22.828190
15,3.5471277,3.400461,1,3,2025-11-07 08:40:22.828190
16,2.514594,1.4976815,0,0,2025-11-07 08:40:22.828190
17,4.6294994,3.5115523,2,1,2025-11-07 08:40:22.829706
18,4.5978365,3.4410775,3,2,2025-11-07 08:40:22.829766
19,4.495881,2.40264,1,3,2025-11-07 08:40:22.829766
20,1.3734691,3.4297748,2,0,2025-11-07 08:40:22.829766
21,1.6116968,2.4856207,0,1,2025-11-07 08:40:22.829766
22,2.6107066,1.4475596,3,2,2025-11-07 08:40:22.829766
23,3.455894,2.4891145,1,3,2025-11-07 08:40:22.829766
24,2.4494896,4.491766,2,0,2025-11-07 08:40:22.832299
25,1.3427396,4.5152144,0,1,2025-11-07 08:40:22.833309
26,2.4557495,2.3935418,3,2,2025-11-07 08:40:22.833309
27,4.4738407,3.5096588,1,3,2025-11-07 08:40:22.833737
28,4.403414,2.4629893,2,0,2025-11-07 08:40:22.833737
29,4.3782988,3.644112,0,1,2025-11-07 08:40:22.833737
30,4.385742,1.620138,3,2,2025-11-07 08:40:22.833737
31,4.3185844,2.6350553,2,3,2025-11-07 08:40:22.834778
32,4.3168607,2.6022787,1,0,2025-11-07 08:40:22.834778
33,1.5389807,3.481665,0,1,2025-11-07 08:40:22.834778
34,2.5224638,1.4693072,3,2,2025-11-07 08:40:22.834778
35,4.4527054,4.4104476,2,3,2025-11-07 08:40:22.834778
36,1.6516337,1.5715089,1,0,2025-11-07 08:40:22.835787
37,1.7285018,1.5857358,0,1,2025-11-07 08:40:22.835787
38,3.627778,4.559465,3,2,2025-11-07 08:40:22.835787
39,3.4906063,4.6263247,2,3,2025-11-07 08:40:22.835787
40,4.5059123,1.5959563,1,0,2025-11-07 08:40:22.836791
41,1.6084483,3.6080027,3,1,2025-11-07 08:40:22.836791
42,3.6564524,1.4074044,0,2,2025-11-07 08:40:22.836791
43,2.567202,3.384165,1,3,2025-11-07 08:40:22.836791
44,3.4880543,3.451303,2,0,2025-11-07 08:40:22.836791
45,3.5042922,4.4013276,3,1,2025-11-07 08:40:22.837783
46,2.4056628,4.3362255,0,2,2025-11-07 08:40:22.837783
47,4.3639283,3.5169396,1,3,2025-11-07 08:40:22.837783
48,1.2867541,2.4792151,2,0,2025-11-07 08:40:22.837783
49,2.4750047,3.6240957,3,1,2025-11-07 08:40:22.838782
50,1.4832506,2.52805,0,2,2025-11-07 08:40:22.838782
51,1.5417647,3.5244513,1,3,2025-11-07 08:40:22.838782
52,4.4192004,2.5677395,2,0,2025-11-07 08:40:22.838782
53,2.5964193,2.6957982,3,1,2025-11-07 08:40:22.838782
54,2.5846658,1.7231358,0,2,2025-11-07 08:40:22.839778
55,3.5300117,2.6099327,1,3,2025-11-07 08:40:22.839778
56,3.467696,2.6775947,2,0,2025-11-07 08:40:22.840291
57,2.6327384,2.6596348,3,1,2025-11-07 08:40:22.840291
58,4.479818,2.413496,0,2,2025-11-07 08:40:22.840291
59,3.379239,1.3656452,1,3,2025-11-07 08:40:22.840291
60,1.4898176,3.3968382,2,0,2025-11-07 08:40:22.840291
61,4.490592,4.4233913,3,1,2025-11-07 08:40:22.841308
62,4.4712353,3.573969,1,2,2025-11-07 08:40:22.842722
63,3.5396352,4.523055,0,3,2025-11-07 08:40:22.843727
64,1.4644847,1.5114684,2,0,2025-11-07 08:40:22.845232
65,4.547341,2.5095603,3,1,2025-11-07 08:40:22.846238
66,3.5792928,2.580103,1,2,2025-11-07 08:40:22.846238
67,2.5051703,2.5474293,0,3,2025-11-07 08:40:22.847066
68,2.5849774,3.4417605,3,0,2025-11-07 08:40:22.847066
69,3.5720527,1.5180244,2,1,2025-11-07 08:40:22.849926
70,2.4192948,4.414813,0,2,2025-11-07 08:40:22.849926
71,4.368793,1.4692113,1,3,2025-11-07 08:40:22.849926
72,4.5292664,1.4104004,3,0,2025-11-07 08:40:22.850889
73,1.4248407,4.345747,2,1,2025-11-07 08:40:22.850889
74,4.459164,3.4184346,0,2,2025-11-07 08:40:22.850889
75,2.4795065,2.4918864,1,3,2025-11-07 08:40:22.851889
76,1.4190981,2.51383,3,0,2025-11-07 08:40:22.851889
77,3.548316,1.5108777,2,1,2025-11-07 08:40:22.851889
78,4.607065,4.4922576,0,2,2025-11-07 08:40:22.852903
79,4.5498414,4.395649,1,3,2025-11-07 08:40:22.852903
80,3.5213206,2.4238484,2,0,2025-11-07 08:40:22.852903
81,1.6105574,1.5355003,3,1,2025-11-07 08:40:22.852903
82,1.62008,2.5407457,0,2,2025-11-07 08:40:22.853939
83,1.604101,3.4849305,1,3,2025-11-07 08:40:22.853939
84,1.5361364,3.486694,3,0,2025-11-07 08:40:22.853939
85,3.4564123,2.4981627,2,1,2025-11-07 08:40:22.853939
86,2.5460594,3.5801296,0,2,2025-11-07 08:40:22.854903
87,1.5275294,2.4365253,1,3,2025-11-07 08:40:22.854903
88,1.5298454,4.478693,3,0,2025-11-07 08:40:22.854903
89,4.600715,1.6189885,2,1,2025-11-07 08:40:22.855899
90,2.5903752,3.5713995,1,2,2025-11-07 08:40:22.855899
91,2.5851593,2.683422,0,3,2025-11-07 08:40:22.855899
92,1.4783316,2.4808705,3,0,2025-11-07 08:40:22.856905
93,2.5040665,1.5853901,2,1,2025-11-07 08:40:22.856905
94,1.6134818,1.4857261,1,2,2025-11-07 08:40:22.856905
95,2.6283572,2.4339652,3,3,2025-11-07 08:40:22.857900
96,1.5366621,4.442357,0,0,2025-11-07 08:40:22.857900
97,3.451778,4.5095572,1,1,2025-11-07 08:40:22.857900
98,2.4477386,4.5105658,3,2,2025-11-07 08:40:22.857900
99,4.5962152,1.4677824,2,3,2025-11-07 08:40:22.858899
100,1.4702318,3.4060225,1,0,2025-11-07 08:40:22.858899
101,3.4506898,3.4344616,3,1,2025-11-07 08:40:22.858899
102,4.3731318,2.4645667,0,2,2025-11-07 08:40:22.859904
103,2.477833,1.4380052,1,3,2025-11-07 08:40:22.860415
104,1.4768763,4.488236,2,0,2025-11-07 08:40:22.860415
105,2.5255795,4.449179,3,1,2025-11-07 08:40:22.861186
106,4.5643888,2.5791993,0,2,2025-11-07 08:40:22.861186
107,1.5466781,4.5412674,2,3,2025-11-07 08:40:22.861186
108,4.548164,2.697516,1,0,2025-11-07 08:40:22.861186
109,2.4923077,2.5579717,0,1,2025-11-07 08:40:22.861186
110,4.4225664,2.4853697,3,2,2025-11-07 08:40:22.861186
111,1.3981534,4.4265857,2,3,2025-11-07 08:40:22.861186
112,4.59149,3.4518962,1,0,2025-11-07 08:40:22.861186
113,3.4492428,4.4628353,0,1,2025-11-07 08:40:22.861186
114,2.595257,2.4780917,3,2,2025-11-07 08:40:22.861186
115,2.6220365,2.5545118,2,3,2025-11-07 08:40:22.861186
116,2.7618358,3.631885,1,0,2025-11-07 08:40:22.861186
117,3.6884837,1.6559286,0,1,2025-11-07 08:40:22.865763
118,1.5755112,4.5717483,3,2,2025-11-07 08:40:22.865763
119,2.5760403,3.5972855,1,3,2025-11-07 08:40:22.865763
120,1.4848137,2.438184,2,0,2025-11-07 08:40:22.866779
121,2.582889,1.4794836,0,1,2025-11-07 08:40:22.866779
122,2.4544828,4.4972982,3,2,2025-11-07 08:40:22.866779
123,2.53362,2.5663598,1,3,2025-11-07 08:40:22.867778
124,1.4394208,4.530228,2,0,2025-11-07 08:40:22.868829
125,3.3347611,4.641002,0,1,2025-11-07 08:40:22.869882
126,4.447464,2.5948582,3,2,2025-11-07 08:40:22.869882
127,4.4675193,3.4445295,1,3,2025-11-07 08:40:22.869882
128,4.618145,2.4616897,2,0,2025-11-07 08:40:22.869882
129,3.5561757,1.4283726,0,1,2025-11-07 08:40:22.869882
130,1.4886699,4.461178,3,2,2025-11-07 08:40:22.869882
131,3.4474385,4.4932704,1,3,2025-11-07 08:40:22.869882
132,2.443945,4.603385,2,0,2025-11-07 08:40:22.869882
133,2.4487586,4.537767,0,1,2025-11-07 08:40:22.869882
134,3.5348287,2.4544868,3,2,2025-11-07 08:40:22.869882
135,1.515531,1.5727372,1,3,2025-11-07 08:40:22.869882
136,4.491177,2.549677,2,0,2025-11-07 08:40:22.874922
137,4.5558205,3.663076,0,1,2025-11-07 08:40:22.874922
138,2.592489,2.4647918,3,2,2025-11-07 08:40:22.874922
139,3.679769,4.355921,1,3,2025-11-07 08:40:22.874922
140,4.5120707,2.364168,2,0,2025-11-07 08:40:22.874922
141,2.4207544,1.4340353,0,1,2025-11-07 08:40:22.874922
142,2.433517,4.4257774,1,2,2025-11-07 08:40:22.874922
143,1.5214826,2.4587374,3,3,2025-11-07 08:40:22.874922
144,2.6297343,2.6437285,2,0,2025-11-07 08:40:22.874922
145,4.613066,1.6026155,0,1,2025-11-07 08:40:22.874922
146,2.5777874,2.6252954,1,2,2025-11-07 08:40:22.874922
147,2.4811635,3.7178822,2,3,2025-11-07 08:40:22.874922
148,4.4374294,2.629745,3,0,2025-11-07 08:40:22.874922
149,1.5037856,2.551322,0,1,2025-11-07 08:40:22.874922
150,3.5938213,3.5294611,1,2,2025-11-07 08:40:22.874922
151,2.549304,4.4969387,3,3,2025-11-07 08:40:22.874922
152,4.4087715,1.5293752,2,0,2025-11-07 08:40:22.874922
153,4.5463886,1.3879769,0,1,2025-11-07 08:40:22.878939
154,1.5948279,2.4369464,1,2,2025-11-07 08:40:22.878939
155,4.6378984,1.5882146,3,3,2025-11-07 08:40:22.879951
156,1.612404,1.5762954,2,0,2025-11-07 08:40:22.879951
157,4.6203156,3.560825,1,1,2025-11-07 08:40:22.879951
158,2.5511513,3.399828,0,2,2025-11-07 08:40:22.879951
159,4.4669356,1.4865034,2,3,2025-11-07 08:40:22.880987
160,4.4939404,3.4657736,3,0,2025-11-07 08:40:22.880987
161,1.4386058,4.4206533,0,1,2025-11-07 08:40:22.880987
162,2.548922,3.431907,1,2,2025-11-07 08:40:22.880987
163,3.5986426,4.5153255,2,3,2025-11-07 08:40:22.883000
164,3.587034,2.654604,3,0,2025-11-07 08:40:22.883000
165,4.4713397,3.573358,0,1,2025-11-07 08:40:22.883000
166,4.394852,4.5593643,1,2,2025-11-07 08:40:22.883000
167,2.6191783,4.5543966,2,3,2025-11-07 08:40:22.883000
168,3.5736825,2.575253,3,0,2025-11-07 08:40:22.883000
169,4.669516,4.302494,0,1,2025-11-07 08:40:22.883000
170,2.6449437,3.292964,2,2,2025-11-07 08:40:22.883000
171,2.548975,2.4299319,1,3,2025-11-07 08:40:22.883000
172,4.5205517,3.500628,3,0,2025-11-07 08:40:22.883000
173,2.6242998,3.4859927,0,1,2025-11-07 08:40:22.883000
174,2.6755607,3.419958,2,2,2025-11-07 08:40:22.883000
175,2.5968142,3.5131075,1,3,2025-11-07 08:40:22.883000
176,2.5932686,2.670636,0,0,2025-11-07 08:40:22.883000
177,4.435031,3.4327307,2,1,2025-11-07 08:40:22.883000
178,1.4997389,4.379985,1,2,2025-11-07 08:40:22.883000
179,3.4957757,2.5378387,0,3,2025-11-07 08:40:22.883000
180,4.430261,1.598921,3,0,2025-11-07 08:40:22.883000
181,3.4834456,1.6744152,2,1,2025-11-07 08:40:22.883000
182,4.630884,2.6195326,1,2,2025-11-07 08:40:22.883000
183,4.457065,4.332708,0,3,2025-11-07 08:40:22.883000
184,3.4271696,2.3757753,3,0,2025-11-07 08:40:22.883000
185,4.4185038,3.5075216,1,1,2025-11-07 08:40:22.883000
186,1.5676861,4.630579,2,2,2025-11-07 08:40:22.883000
187,1.6209084,2.6931777,0,3,2025-11-07 08:40:22.883000
188,1.5505637,2.4939897,1,0,2025-11-07 08:40:22.883000
189,2.5876822,2.4160879,2,1,2025-11-07 08:40:22.883000
190,1.4857808,1.4555161,3,2,2025-11-07 08:40:22.890015
191,1.3692365,2.6409738,1,3,2025-11-07 08:40:22.890015
192,3.3966572,4.5117917,0,0,2025-11-07 08:40:22.890015
193,2.533255,1.5833355,2,1,2025-11-07 08:40:22.890015
194,4.5849676,4.4765115,3,2,2025-11-07 08:40:22.890015
195,4.671862,1.405372,0,3,2025-11-07 08:40:22.890015
196,4.6077824,3.5279975,1,0,2025-11-07 08:40:22.890015
197,2.5927792,4.483865,3,1,2025-11-07 08:40:22.890015
198,3.6742043,3.3595543,2,2,2025-11-07 08:40:22.892584
199,4.5468802,2.4675708,1,3,2025-11-07 08:40:22.892584
200,2.512701,1.3834438,3,0,2025-11-07 08:40:22.892584
201,3.4806514,3.5173013,0,1,2025-11-07 08:40:22.892584
202,4.4863744,3.641601,2,2,2025-11-07 08:40:22.892584
203,2.4731026,3.5198894,3,3,2025-11-07 08:40:22.892584
204,1.3925333,3.5212116,1,0,2025-11-07 08:40:22.892584
205,3.4594326,4.5637345,2,1,2025-11-07 08:40:22.892584
206,4.5487075,4.5306,0,2,2025-11-07 08:40:22.892584
207,4.5411797,3.5437226,3,3,2025-11-07 08:40:22.892584
208,2.6224725,4.457347,1,0,2025-11-07 08:40:22.892584
209,4.6777406,4.422313,0,1,2025-11-07 08:40:22.892584
210,3.6914709,4.517842,2,2,2025-11-07 08:40:22.892584
211,4.6487823,2.5411844,3,3,2025-11-07 08:40:22.892584
212,4.605653,1.6631137,1,0,2025-11-07 08:40:22.892584
213,1.6340133,2.5287418,2,1,2025-11-07 08:40:22.892584
214,4.6889696,1.489099,0,2,2025-11-07 08:40:22.892584
215,3.6110084,4.4343123,1,3,2025-11-07 08:40:22.892584
216,1.746135,1.6526537,3,0,2025-11-07 08:40:22.899839
217,1.7932273,4.756104,2,1,2025-11-07 08:40:22.903352
218,1.7692579,3.7307491,3,2,2025-11-07 08:40:22.903352
219,3.4814527,4.545213,0,3,2025-11-07 08:40:22.903352
220,2.5234523,4.6027384,1,0,2025-11-07 08:40:22.903352
221,3.6203609,4.6082,2,1,2025-11-07 08:40:22.904190
222,4.5625424,3.5276198,3,2,2025-11-07 08:40:22.904190
223,4.594812,2.4474697,0,3,2025-11-07 08:40:22.904190
224,4.644286,4.527814,2,0,2025-11-07 08:40:22.904190
225,4.743315,4.5379686,1,1,2025-11-07 08:40:22.904190
226,3.505771,3.4299805,0,2,2025-11-07 08:40:22.904190
227,2.4699159,3.4129825,3,3,2025-11-07 08:40:22.904190
228,3.4730158,2.4493146,1,0,2025-11-07 08:40:22.904190
229,1.5848311,2.511024,2,1,2025-11-07 08:40:22.904190
230,4.6016245,2.52918,0,2,2025-11-07 08:40:22.904190
231,2.5421057,4.592876,3,3,2025-11-07 08:40:22.904190
232,4.6172853,1.621498,2,0,2025-11-07 08:40:22.904190
233,2.5765634,2.701872,1,1,2025-11-07 08:40:22.904190
234,3.426438,1.5638323,3,2,2025-11-07 08:40:22.904190
235,1.4380784,4.548494,0,3,2025-11-07 08:40:22.904190
236,4.42458,3.5832906,2,0,2025-11-07 08:40:22.904190
237,2.3972912,1.4816937,1,1,2025-11-07 08:40:22.904190
238,4.4618816,3.3964431,3,2,2025-11-07 08:40:22.904190
239,4.436298,1.4606338,0,3,2025-11-07 08:40:22.904190
240,2.5237386,4.5565786,2,0,2025-11-07 08:40:22.904190
241,3.5770154,2.5906346,1,1,2025-11-07 08:40:22.904190
242,4.524392,1.4714243,3,2,2025-11-07 08:40:22.904190
243,4.5081186,2.5101056,0,3,2025-11-07 08:40:22.904190
244,1.584273,4.499629,2,0,2025-11-07 08:40:22.904190
245,3.5992439,1.6131045,1,1,2025-11-07 08:40:22.904190
246,2.448578,3.595347,3,2,2025-11-07 08:40:22.904190
247,1.5352945,4.6940846,2,3,2025-11-07 08:40:22.904190
248,2.5517955,1.4862053,0,0,2025-11-07 08:40:22.904190
249,3.4064462,3.4259977,1,1,2025-11-07 08:40:22.904190
250,4.41554,3.4128647,2,2,2025-11-07 08:40:22.909707
251,1.4173553,1.5128524,3,3,2025-11-07 08:40:22.909707
252,1.6784573,1.5917155,0,0,2025-11-07 08:40:22.909707
253,3.7123582,2.5464537,2,1,2025-11-07 08:40:22.909707
254,4.5858574,1.4969511,1,2,2025-11-07 08:40:22.909707
255,1.710531,4.540761,3,3,2025-11-07 08:40:22.909707
256,4.5449514,2.5131645,0,0,2025-11-07 08:40:22.909707
257,4.455769,1.5500393,2,1,2025-11-07 08:40:22.909707
258,4.502203,2.5456953,1,2,2025-11-07 08:40:22.909707
259,4.518808,2.5148745,0,3,2025-11-07 08:40:22.909707
260,2.6388872,3.5767179,3,0,2025-11-07 08:40:22.909707
261,4.4572783,4.444076,2,1,2025-11-07 08:40:22.909707
262,2.5140464,2.4486303,1,2,2025-11-07 08:40:22.909707
263,2.5411804,3.443596,0,3,2025-11-07 08:40:22.909707
264,1.5418552,1.2796671,3,0,2025-11-07 08:40:22.909707
265,4.627374,4.4031916,2,1,2025-11-07 08:40:22.909707
266,3.443695,4.439691,1,2,2025-11-07 08:40:22.913749
267,1.4399378,4.6928935,0,3,2025-11-07 08:40:22.913749
268,1.373404,1.61325,2,0,2025-11-07 08:40:22.913749
269,4.39754,3.5165465,3,1,2025-11-07 08:40:22.913749
270,2.5284317,3.5188105,1,2,2025-11-07 08:40:22.913749
271,4.548648,4.4914317,0,3,2025-11-07 08:40:22.913749
272,3.6364331,2.5784233,2,0,2025-11-07 08:40:22.913749
273,1.5554272,3.5336487,1,1,2025-11-07 08:40:22.913749
274,1.5425352,3.6151686,3,2,2025-11-07 08:40:22.913749
275,3.4931593,3.55211,0,3,2025-11-07 08:40:22.916926
276,3.4368677,1.5433389,1,0,2025-11-07 08:40:22.916926
277,3.630948,1.6481355,2,1,2025-11-07 08:40:22.916926
278,2.6510425,3.5077074,3,2,2025-11-07 08:40:22.916926
279,3.5487125,3.3282235,0,3,2025-11-07 08:40:22.916926
280,1.5277296,2.4889748,2,0,2025-11-07 08:40:22.916926
281,1.5225625,1.4664342,3,1,2025-11-07 08:40:22.916926
282,3.4901729,2.3367403,0,2,2025-11-07 08:40:22.919942
283,3.3855247,3.3644161,1,3,2025-11-07 08:40:22.919942
284,1.4365604,1.390363,2,0,2025-11-07 08:40:22.919942
285,2.5445044,1.548377,3,1,2025-11-07 08:40:22.919942
286,3.5619972,1.479759,1,2,2025-11-07 08:40:22.919942
287,4.567825,2.522241,0,3,2025-11-07 08:40:22.919942
288,2.5710618,1.4520283,3,0,2025-11-07 08:40:22.919942
289,3.626093,4.6373773,2,1,2025-11-07 08:40:22.919942
290,1.6363513,2.5197814,1,2,2025-11-07 08:40:22.919942
291,1.702939,2.4617443,0,3,2025-11-07 08:40:22.919942
292,3.6165895,3.4128532,2,0,2025-11-07 08:40:22.919942
293,2.7012348,1.354769,3,1,2025-11-07 08:40:22.919942
294,3.633035,2.4623039,1,2,2025-11-07 08:40:22.919942
295,1.6387625,4.5638404,0,3,2025-11-07 08:40:22.919942
296,4.654836,1.7044553,2,0,2025-11-07 08:40:22.919942
297,4.3916464,4.597451,1,1,2025-11-07 08:40:22.919942
298,2.49729,2.593691,0,2,2025-11-07 08:40:22.919942
299,3.653797,1.4260695,3,3,2025-11-07 08:40:22.919942
300,3.653243,3.5263572,2,0,2025-11-07 08:40:22.919942
301,1.5316873,2.4577944,1,1,2025-11-07 08:40:22.919942
302,4.5642104,3.562512,0,2,2025-11-07 08:40:22.919942
303,4.637489,3.5969863,3,3,2025-11-07 08:40:22.919942
304,3.5715694,4.4326873,2,0,2025-11-07 08:40:22.919942
305,3.5618024,4.444445,0,1,2025-11-07 08:40:22.919942
306,1.6342254,1.3485706,3,2,2025-11-07 08:40:22.919942
307,3.6295469,2.5794146,2,3,2025-11-07 08:40:22.919942
308,1.670522,4.658659,1,0,2025-11-07 08:40:22.925003
309,3.505522,4.691448,0,1,2025-11-07 08:40:22.925003
310,4.4480624,2.3820586,3,2,2025-11-07 08:40:22.925003
311,4.450837,2.4310787,2,3,2025-11-07 08:40:22.925003
312,4.5483804,2.5145237,1,0,2025-11-07 08:40:22.925003
313,3.630057,4.6298413,0,1,2025-11-07 08:40:22.925003
314,3.5719428,1.6055548,3,2,2025-11-07 08:40:22.925003
315,2.4255278,4.480373,1,3,2025-11-07 08:40:22.925003
316,4.3754797,4.4598074,2,0,2025-11-07 08:40:22.925003
317,2.3970563,2.3944306,0,1,2025-11-07 08:40:22.925003
318,3.3799703,2.6938467,3,2,2025-11-07 08:40:22.925003
319,1.5103029,2.6202855,1,3,2025-11-07 08:40:22.925003
320,2.642295,2.7609968,2,0,2025-11-07 08:40:22.927021
321,3.5045736,1.569538,0,1,2025-11-07 08:40:22.927021
322,3.614683,4.5565395,3,2,2025-11-07 08:40:22.927021
323,3.5377314,4.6592636,1,3,2025-11-07 08:40:22.927021
324,3.371922,3.6726701,2,0,2025-11-07 08:40:22.927021
325,1.4212056,4.6950793,3,1,2025-11-07 08:40:22.927021
326,3.4728286,1.5241318,1,2,2025-11-07 08:40:22.927021
327,3.6582422,1.5717591,0,3,2025-11-07 08:40:22.927021
328,3.5250256,3.4015784,2,0,2025-11-07 08:40:22.927021
329,3.4763184,2.4000957,3,1,2025-11-07 08:40:22.927021
330,4.591868,3.5523915,0,2,2025-11-07 08:40:22.930049
331,2.47467,1.4096224,1,3,2025-11-07 08:40:22.930169
332,4.4887323,4.381911,2,0,2025-11-07 08:40:22.930169
333,3.4671867,3.2948823,3,1,2025-11-07 08:40:22.930169
334,2.3606474,1.311233,1,2,2025-11-07 08:40:22.930169
335,1.4225268,2.4304416,0,3,2025-11-07 08:40:22.930169
336,4.4818397,1.5065719,2,0,2025-11-07 08:40:22.935265
337,3.4483573,4.422985,3,1,2025-11-07 08:40:22.935265
338,1.4813387,4.512343,1,2,2025-11-07 08:40:22.935265
339,3.6234694,4.674692,0,3,2025-11-07 08:40:22.935265
340,4.6476407,1.5300155,2,0,2025-11-07 08:40:22.936265
341,4.6228657,1.5032932,3,1,2025-11-07 08:40:22.936265
342,3.5349822,4.4238534,1,2,2025-11-07 08:40:22.936265
343,3.669628,2.4257798,0,3,2025-11-07 08:40:22.937261
344,4.6251383,3.4908512,3,0,2025-11-07 08:40:22.937261
345,3.376851,3.452301,2,1,2025-11-07 08:40:22.937261
346,4.3420343,4.434247,0,2,2025-11-07 08:40:22.938276
347,2.4558024,3.5619628,1,3,2025-11-07 08:40:22.938276
348,4.4986873,2.4859667,3,0,2025-11-07 08:40:22.938276
349,3.5591528,2.3123028,2,1,2025-11-07 08:40:22.938276
350,3.706655,4.542429,0,2,2025-11-07 08:40:22.938276
351,3.56745,4.5717516,1,3,2025-11-07 08:40:22.939858
352,4.502307,1.5298991,3,0,2025-11-07 08:40:22.939858
353,1.4942787,1.7052342,0,1,2025-11-07 08:40:22.940812
354,3.6746705,3.5270827,2,2,2025-11-07 08:40:22.940812
355,2.4874852,2.5050943,3,3,2025-11-07 08:40:22.940812
356,1.4528522,3.5692086,1,0,2025-11-07 08:40:22.940812
357,4.454996,2.6377711,2,1,2025-11-07 08:40:22.940812
358,1.4958522,2.6085303,3,2,2025-11-07 08:40:22.940812
359,1.5122977,1.5615118,0,3,2025-11-07 08:40:22.940812
360,1.5061965,2.4487944,1,0,2025-11-07 08:40:22.940812
361,4.5204835,3.48469,2,1,2025-11-07 08:40:22.940812
362,2.483118,2.5377614,3,2,2025-11-07 08:40:22.944841
363,4.552812,3.5736053,0,3,2025-11-07 08:40:22.944841
364,1.5140022,1.6352996,1,0,2025-11-07 08:40:22.944841
365,2.6363435,2.670781,2,1,2025-11-07 08:40:22.944841
366,2.6468236,1.542927,3,2,2025-11-07 08:40:22.944841
367,2.53807,3.5620768,0,3,2025-11-07 08:40:22.944841
368,1.6028042,4.6124086,1,0,2025-11-07 08:40:22.944841
369,3.3733041,2.6982148,2,1,2025-11-07 08:40:22.944841
370,4.347434,4.7069097,3,2,2025-11-07 08:40:22.944841
371,1.3184742,4.562303,0,3,2025-11-07 08:40:22.944841
372,3.4747765,3.4925852,2,0,2025-11-07 08:40:22.944841
373,2.6207254,2.6193576,1,1,2025-11-07 08:40:22.944841
374,1.637348,4.617222,3,2,2025-11-07 08:40:22.944841
375,4.5985703,3.3721218,2,3,2025-11-07 08:40:22.944841
376,2.4786,4.4796333,0,0,2025-11-07 08:40:22.948862
377,1.5725609,3.3766723,1,1,2025-11-07 08:40:22.948862
378,4.6646743,3.6086314,3,2,2025-11-07 08:40:22.948862
379,3.5338614,3.6475291,2,3,2025-11-07 08:40:22.949874
380,3.4442267,3.6670969,1,0,2025-11-07 08:40:22.949874
381,3.4555638,2.614327,3,1,2025-11-07 08:40:22.949874
382,1.4586197,2.6743586,2,2,2025-11-07 08:40:22.949874
383,3.3887622,1.445087,0,3,2025-11-07 08:40:22.950889
384,3.6022446,1.4286135,1,0,2025-11-07 08:40:22.950889
385,1.5888412,3.5077617,3,1,2025-11-07 08:40:22.950889
386,1.4807348,4.6334677,2,2,2025-11-07 08:40:22.951894
387,4.3958206,3.6204627,1,3,2025-11-07 08:40:22.952911
388,3.423168,1.6293051,0,0,2025-11-07 08:40:22.952911
389,3.6281335,1.5664738,3,1,2025-11-07 08:40:22.953916
390,1.5526854,3.5762174,1,2,2025-11-07 08:40:22.953916
391,3.6363568,3.6034331,2,3,2025-11-07 08:40:22.953916
392,3.5540912,1.6432552,0,0,2025-11-07 08:40:22.954916
393,4.576165,3.6953707,3,1,2025-11-07 08:40:22.954916
394,1.6600631,4.6862583,1,2,2025-11-07 08:40:22.954916
395,3.4397676,4.641206,0,3,2025-11-07 08:40:22.954916
396,1.4266531,3.5393643,3,0,2025-11-07 08:40:22.955910
397,4.554256,2.450861,2,1,2025-11-07 08:40:22.955910
398,3.5981538,2.4002259,1,2,2025-11-07 08:40:22.955910
399,3.5714505,1.3818417,3,3,2025-11-07 08:40:22.955910
400,3.5980012,2.4260037,0,0,2025-11-07 08:40:22.956906
401,3.4719403,1.4645412,2,1,2025-11-07 08:40:22.956906
402,2.4867804,2.3148568,1,2,2025-11-07 08:40:22.956906
403,3.5557492,4.3477592,3,3,2025-11-07 08:40:22.956906
404,2.5714054,3.5421991,2,0,2025-11-07 08:40:22.957911
405,1.4359858,1.555285,1,1,2025-11-07 08:40:22.957911
406,3.4787903,4.3963943,0,2,2025-11-07 08:40:22.957911
407,3.3334222,2.4103436,2,3,2025-11-07 08:40:22.957911
408,1.3639988,3.6066515,3,0,2025-11-07 08:40:22.958912
409,4.446598,3.54041,1,1,2025-11-07 08:40:22.958912
410,3.3243883,4.5111294,0,2,2025-11-07 08:40:22.958912
411,4.5370655,3.504706,2,3,2025-11-07 08:40:22.958912
412,4.505627,4.4892235,3,0,2025-11-07 08:40:22.959915
413,3.4679084,3.5356364,1,1,2025-11-07 08:40:22.960430
414,2.4040003,4.378201,0,2,2025-11-07 08:40:22.960430
415,4.4765406,2.3531792,2,3,2025-11-07 08:40:22.960430
416,4.538574,4.4127293,3,0,2025-11-07 08:40:22.960430
417,2.675244,3.3797252,1,1,2025-11-07 08:40:22.961454
418,3.6478949,4.4259744,0,2,2025-11-07 08:40:22.961454
419,2.434657,4.3857813,3,3,2025-11-07 08:40:22.961454
420,1.3759131,2.362321,2,0,2025-11-07 08:40:22.961454
421,4.3419366,1.5200247,0,1,2025-11-07 08:40:22.962473
422,4.4247446,3.6273956,1,2,2025-11-07 08:40:22.962473
423,3.4083786,3.5985844,3,3,2025-11-07 08:40:22.962473
424,4.4571958,3.6442316,0,0,2025-11-07 08:40:22.962473
425,3.6275532,4.5403867,2,1,2025-11-07 08:40:22.963475
426,4.5462613,1.716537,1,2,2025-11-07 08:40:22.963475
427,2.5180695,4.4544773,3,3,2025-11-07 08:40:22.963475
428,2.3910844,4.4628134,0,0,2025-11-07 08:40:22.963475
429,3.4860783,4.4350567,1,1,2025-11-07 08:40:22.964474
430,3.5221643,4.4342113,2,2,2025-11-07 08:40:22.964474
431,3.5349958,4.4249625,3,3,2025-11-07 08:40:22.964474
432,2.4727159,4.5492167,0,0,2025-11-07 08:40:22.964474
433,2.557031,3.4658062,1,1,2025-11-07 08:40:22.965471
434,2.525503,3.469568,2,2,2025-11-07 08:40:22.966478
435,1.5120345,1.4822506,3,3,2025-11-07 08:40:22.966478
436,1.4883783,1.5796394,0,0,2025-11-07 08:40:22.966478
437,2.3965268,3.4712186,1,1,2025-11-07 08:40:22.966478
438,2.360169,1.5510148,3,2,2025-11-07 08:40:22.966478
439,3.3812003,3.4865475,2,3,2025-11-07 08:40:22.967471
440,1.3558359,4.4239163,1,0,2025-11-07 08:40:22.967471
441,2.5789022,1.4566381,0,1,2025-11-07 08:40:22.967471
442,2.6807692,4.486746,3,2,2025-11-07 08:40:22.967471
443,3.822638,3.3273664,2,3,2025-11-07 08:40:22.967471
444,3.7082388,2.4919665,1,0,2025-11-07 08:40:22.967471
445,1.6532396,3.5245852,0,1,2025-11-07 08:40:22.968469
446,2.4955263,2.4018595,1,2,2025-11-07 08:40:22.968469
447,1.446434,3.4503758,3,3,2025-11-07 08:40:22.968469
448,4.5285287,3.5299773,2,0,2025-11-07 08:40:22.968469
449,3.6328945,2.6177053,0,1,2025-11-07 08:40:22.968469
450,1.6629884,4.671143,1,2,2025-11-07 08:40:22.968469
451,2.6180742,4.4949493,3,3,2025-11-07 08:40:22.968469
452,1.5241444,2.5692523,2,0,2025-11-07 08:40:22.968469
453,2.488089,4.50715,0,1,2025-11-07 08:40:22.968469
454,3.4681656,1.5574799,1,2,2025-11-07 08:40:22.969982
455,4.6694317,3.516791,3,3,2025-11-07 08:40:22.969982
456,4.543258,3.589403,2,0,2025-11-07 08:40:22.969982
457,2.5507958,2.5600731,0,1,2025-11-07 08:40:22.969982
458,2.426077,1.5762012,3,2,2025-11-07 08:40:22.970996
459,3.3617988,4.5346975,2,3,2025-11-07 08:40:22.970996
460,2.3359773,4.4767933,1,0,2025-11-07 08:40:22.970996
461,3.3603737,3.5789979,0,1,2025-11-07 08:40:22.970996
462,1.4297637,1.6021392,3,2,2025-11-07 08:40:22.972020
463,3.3779454,2.6467464,2,3,2025-11-07 08:40:22.972020
464,2.5803924,3.6698458,1,0,2025-11-07 08:40:22.972020
465,2.6908717,3.5416758,0,1,2025-11-07 08:40:22.972020
466,1.7198188,2.4751682,3,2,2025-11-07 08:40:22.972020
467,1.7531261,4.407654,2,3,2025-11-07 08:40:22.972020
468,3.7114878,3.5201511,1,0,2025-11-07 08:40:22.973011
469,2.6465359,3.417157,3,1,2025-11-07 08:40:22.973011
470,3.4983826,2.5022259,2,2,2025-11-07 08:40:22.973011
471,4.465708,4.3931503,0,3,2025-11-07 08:40:22.973011
472,4.5548086,3.3556564,1,0,2025-11-07 08:40:22.974012
473,2.5222516,3.4157796,3,1,2025-11-07 08:40:22.974012
474,2.6264231,3.5877147,2,2,2025-11-07 08:40:22.974012
475,1.7242397,1.6599317,1,3,2025-11-07 08:40:22.974012
476,3.6933138,3.5687788,0,0,2025-11-07 08:40:22.975010
477,2.749062,4.461525,2,1,2025-11-07 08:40:22.975010
478,4.676647,4.6188173,3,2,2025-11-07 08:40:22.975010
479,2.526525,2.5004356,1,3,2025-11-07 08:40:22.975010
480,3.468991,3.5481308,2,0,2025-11-07 08:40:22.976015
481,4.5060906,4.565705,0,1,2025-11-07 08:40:22.976015
482,2.5425773,4.560772,3,2,2025-11-07 08:40:22.976015
483,4.7420387,3.504947,1,3,2025-11-07 08:40:22.980016
484,3.6842833,4.382922,2,0,2025-11-07 08:40:22.980016
485,4.6123633,4.3795257,0,1,2025-11-07 08:40:22.980533
486,1.4890535,3.4353588,3,2,2025-11-07 08:40:22.981043
487,2.591604,2.4179556,1,3,2025-11-07 08:40:22.981043
488,4.533319,3.426894,2,0,2025-11-07 08:40:22.981043
489,4.5616,1.516744,0,1,2025-11-07 08:40:22.982058
490,1.6017532,4.5716953,1,2,2025-11-07 08:40:22.982058
491,1.5836667,1.5819561,3,3,2025-11-07 08:40:22.982058
492,1.5445274,3.5279534,2,0,2025-11-07 08:40:22.982058
493,3.5698407,2.508284,0,1,2025-11-07 08:40:22.983067
494,2.5811558,2.509578,1,2,2025-11-07 08:40:22.983067
495,4.539056,2.547862,2,3,2025-11-07 08:40:22.983067
496,2.4235039,3.4747038,3,0,2025-11-07 08:40:22.984061
497,1.4492763,3.3690052,1,1,2025-11-07 08:40:22.984061
498,4.531627,1.3386309,0,2,2025-11-07 08:40:22.984061
499,4.596061,1.4391656,2,3,2025-11-07 08:40:22.984061
500,4.573489,3.696529,3,0,2025-11-07 08:40:22.987059
501,2.5618541,4.594507,1,1,2025-11-07 08:40:22.987059
502,4.5032086,3.6815171,0,2,2025-11-07 08:40:22.988065
503,2.5315213,2.4742463,2,3,2025-11-07 08:40:22.988065
504,4.581971,2.529681,1,0,2025-11-07 08:40:22.989064
505,3.558598,4.47172,3,1,2025-11-07 08:40:22.989064
506,2.4528284,2.55838,0,2,2025-11-07 08:40:22.989064
507,4.4429855,2.5049996,2,3,2025-11-07 08:40:22.990059
508,1.5580077,4.5509653,1,0,2025-11-07 08:40:22.990059
509,2.5180116,3.5409915,3,1,2025-11-07 08:40:22.990578
510,2.4050903,1.490233,0,2,2025-11-07 08:40:22.990578
511,4.480462,4.4431562,2,3,2025-11-07 08:40:22.990578
512,4.6250005,1.5174851,1,0,2025-11-07 08:40:22.990578
513,1.5895355,3.4874673,3,1,2025-11-07 08:40:22.991605
514,1.4729413,2.5407145,2,2,2025-11-07 08:40:22.991605
515,1.4079919,4.47481,0,3,2025-11-07 08:40:22.991605
516,1.5281441,4.514696,1,0,2025-11-07 08:40:22.992628
517,2.4500048,4.386382,3,1,2025-11-07 08:40:22.992628
518,4.5025434,2.5598078,2,2,2025-11-07 08:40:22.992628
519,3.5319424,1.6154089,1,3,2025-11-07 08:40:22.992628
520,4.6641707,2.6979263,0,0,2025-11-07 08:40:22.993630
521,2.5125647,4.5676866,3,1,2025-11-07 08:40:22.993630
522,3.4685626,4.4239497,2,2,2025-11-07 08:40:22.993630
523,2.530693,3.5275228,1,3,2025-11-07 08:40:22.994632
524,4.4911113,4.4674397,0,0,2025-11-07 08:40:22.994632
525,3.3896832,2.5913296,3,1,2025-11-07 08:40:22.995629
526,1.4952967,1.5297377,2,2,2025-11-07 08:40:22.995629
527,4.430337,4.6652474,1,3,2025-11-07 08:40:22.995629
528,3.5066025,2.6148365,0,0,2025-11-07 08:40:22.996623
529,4.5873585,4.5644746,3,1,2025-11-07 08:40:22.996623
530,2.517885,3.5780878,1,2,2025-11-07 08:40:22.996623
531,1.3860648,2.6158578,2,3,2025-11-07 08:40:22.996623
532,3.3939612,2.5483818,0,0,2025-11-07 08:40:22.997622
533,1.4202476,2.470459,3,1,2025-11-07 08:40:22.997622
534,2.4814625,2.39912,1,2,2025-11-07 08:40:22.997622
535,1.4674444,4.535481,2,3,2025-11-07 08:40:23.001150
536,3.621092,4.490078,0,0,2025-11-07 08:40:23.001150
537,3.5115292,1.4989177,3,1,2025-11-07 08:40:23.001150
538,4.492223,2.4469984,1,2,2025-11-07 08:40:23.001150
539,1.5375832,3.5745244,0,3,2025-11-07 08:40:23.002197
540,1.3910542,2.6661289,2,0,2025-11-07 08:40:23.002197
541,2.5007157,3.6743715,1,1,2025-11-07 08:40:23.002197
542,4.5331006,4.6545386,3,2,2025-11-07 08:40:23.002197
543,1.614995,2.6549306,0,3,2025-11-07 08:40:23.002197
544,4.4849887,4.589954,2,0,2025-11-07 08:40:23.003162
545,4.5918684,3.6228018,1,1,2025-11-07 08:40:23.003162
546,3.6105933,1.505189,3,2,2025-11-07 08:40:23.003162
547,4.4301996,3.5161936,0,3,2025-11-07 08:40:23.003162
548,3.5327556,2.558785,1,0,2025-11-07 08:40:23.003162
549,4.484315,2.6413052,2,1,2025-11-07 08:40:23.003162
550,4.59321,4.498371,3,2,2025-11-07 08:40:23.003162
551,4.6989813,2.5989892,0,3,2025-11-07 08:40:23.004161
552,3.4947937,4.599496,3,0,2025-11-07 08:40:23.004161
553,3.510089,3.3497746,1,1,2025-11-07 08:40:23.004161
554,1.5603377,4.3507442,2,2,2025-11-07 08:40:23.006173
555,2.5093837,3.4894793,0,3,2025-11-07 08:40:23.007176
556,2.568992,3.4934096,1,0,2025-11-07 08:40:23.008164
557,4.584493,3.533781,3,1,2025-11-07 08:40:23.008164
558,2.5957084,4.673349,2,2,2025-11-07 08:40:23.008164
559,2.473835,4.5844975,0,3,2025-11-07 08:40:23.008164
560,2.6304307,2.714411,3,0,2025-11-07 08:40:23.008164
561,2.7116292,3.540929,2,1,2025-11-07 08:40:23.008164
562,2.5694997,2.4571202,1,2,2025-11-07 08:40:23.008164
563,2.4898086,4.6065965,3,3,2025-11-07 08:40:23.008164
564,3.616704,4.6193953,0,0,2025-11-07 08:40:23.009677
565,1.5303812,2.624553,2,1,2025-11-07 08:40:23.009677
566,1.6070595,1.5046263,1,2,2025-11-07 08:40:23.009677
567,2.4858994,2.6270218,3,3,2025-11-07 08:40:23.009677
568,3.3747354,4.704306,0,0,2025-11-07 08:40:23.009677
569,2.5176044,4.5153313,2,1,2025-11-07 08:40:23.009677
570,2.5113935,2.536998,1,2,2025-11-07 08:40:23.010692
571,2.4986734,2.420465,3,3,2025-11-07 08:40:23.010692
572,4.5205255,1.4973109,2,0,2025-11-07 08:40:23.010692
573,4.542899,2.4461784,0,1,2025-11-07 08:40:23.010692
574,2.5964713,3.5487995,3,2,2025-11-07 08:40:23.010692
575,4.6368175,3.534124,1,3,2025-11-07 08:40:23.010692
576,3.632675,4.49763,2,0,2025-11-07 08:40:23.011695
577,2.4242551,1.3856957,3,1,2025-11-07 08:40:23.011695
578,1.5007231,2.3447747,0,2,2025-11-07 08:40:23.011695
579,1.480061,1.3326004,2,3,2025-11-07 08:40:23.011695
580,4.456605,3.4638264,1,0,2025-11-07 08:40:23.011695
581,3.4327843,1.4683146,3,1,2025-11-07 08:40:23.011695
582,3.3792179,1.6042889,2,2,2025-11-07 08:40:23.012707
583,4.5324564,1.4239333,0,3,2025-11-07 08:40:23.012707
584,1.5828661,4.530359,1,0,2025-11-07 08:40:23.012707
585,1.4832251,3.5045033,3,1,2025-11-07 08:40:23.012707
586,3.4848285,2.60762,2,2,2025-11-07 08:40:23.013716
587,3.5596957,1.6039808,0,3,2025-11-07 08:40:23.013716
588,4.521159,2.5050814,1,0,2025-11-07 08:40:23.013716
589,4.441286,3.549089,3,1,2025-11-07 08:40:23.014718
590,2.3718169,3.3186998,0,2,2025-11-07 08:40:23.014718
591,3.5499897,1.3357188,2,3,2025-11-07 08:40:23.015718
592,2.4877782,1.4508603,1,0,2025-11-07 08:40:23.015718
593,2.5196278,3.5951402,0,1,2025-11-07 08:40:23.015718
594,3.4848223,1.4216144,3,2,2025-11-07 08:40:23.015718
595,4.5469623,4.3925066,2,3,2025-11-07 08:40:23.016717
596,3.6323347,2.5061135,0,0,2025-11-07 08:40:23.016717
597,1.6127726,1.6663723,1,1,2025-11-07 08:40:23.016717
598,4.6380835,3.6923206,3,2,2025-11-07 08:40:23.017710
599,3.495697,1.5123851,0,3,2025-11-07 08:40:23.017710
600,4.502415,2.436955,1,0,2025-11-07 08:40:23.017710
601,2.486909,3.474272,2,1,2025-11-07 08:40:23.017710
602,1.5839512,4.5708055,0,2,2025-11-07 08:40:23.017710
603,2.5402155,2.5872953,3,3,2025-11-07 08:40:23.018711
604,4.455878,3.6653366,1,0,2025-11-07 08:40:23.018711
605,2.54912,4.5800877,2,1,2025-11-07 08:40:23.018711
606,4.586248,1.6778731,0,2,2025-11-07 08:40:23.018711
607,3.7713766,3.49607,3,3,2025-11-07 08:40:23.019714
608,4.6748757,3.441424,2,0,2025-11-07 08:40:23.019714
609,2.4541101,3.4853528,1,1,2025-11-07 08:40:23.020230
610,4.3287444,1.5519722,0,2,2025-11-07 08:40:23.020230
611,3.5086756,3.528105,2,3,2025-11-07 08:40:23.020230
612,4.546994,4.600642,3,0,2025-11-07 08:40:23.021243
613,2.520485,2.528307,1,1,2025-11-07 08:40:23.021243
614,1.5365936,4.593135,2,2,2025-11-07 08:40:23.022260
615,4.363967,1.4579049,0,3,2025-11-07 08:40:23.022260
616,4.3369894,2.3700495,1,0,2025-11-07 08:40:23.022260
617,4.430114,2.4701529,3,1,2025-11-07 08:40:23.022260
618,1.4579923,3.4609828,2,2,2025-11-07 08:40:23.022260
619,1.4292536,2.4967499,0,3,2025-11-07 08:40:23.022260
620,3.4667242,2.5465207,1,0,2025-11-07 08:40:23.023254
621,4.7463436,3.6474478,3,1,2025-11-07 08:40:23.023254
622,3.6550279,4.6333666,2,2,2025-11-07 08:40:23.023254
623,3.6587076,3.4594753,1,3,2025-11-07 08:40:23.024260
624,1.5669088,2.4720547,0,0,2025-11-07 08:40:23.024260
625,1.5211037,3.5521696,3,1,2025-11-07 08:40:23.024260
626,1.6087761,4.592319,1,2,2025-11-07 08:40:23.024971
627,4.4612956,1.500446,2,3,2025-11-07 08:40:23.024971
628,4.4891844,3.4812765,0,0,2025-11-07 08:40:23.025560
629,4.566678,1.4558911,1,1,2025-11-07 08:40:23.025560
630,2.587012,3.4143586,3,2,2025-11-07 08:40:23.027399
631,4.474901,3.5196404,0,3,2025-11-07 08:40:23.027399
632,3.4147646,3.4808931,2,0,2025-11-07 08:40:23.027399
633,1.5800698,2.6151633,1,1,2025-11-07 08:40:23.028480
634,3.5449488,3.5720775,3,2,2025-11-07 08:40:23.028480
635,3.5378885,1.5786089,2,3,2025-11-07 08:40:23.028480
636,3.4845579,3.6052525,1,0,2025-11-07 08:40:23.028480
637,3.567699,3.6411083,0,1,2025-11-07 08:40:23.028480
638,1.5856831,3.6175654,2,2,2025-11-07 08:40:23.030051
639,3.6678565,3.4984121,3,3,2025-11-07 08:40:23.030051
640,2.6095383,1.527566,1,0,2025-11-07 08:40:23.030051
641,4.5628386,1.4393525,2,1,2025-11-07 08:40:23.030051
642,1.557524,3.4244168,3,2,2025-11-07 08:40:23.031068
643,2.6192007,3.5500693,1,3,2025-11-07 08:40:23.031068
644,2.606845,2.5264735,0,0,2025-11-07 08:40:23.031068
645,3.3895838,4.6032224,2,1,2025-11-07 08:40:23.032064
646,2.332237,2.565784,3,2,2025-11-07 08:40:23.032064
647,4.446198,3.664552,1,3,2025-11-07 08:40:23.032064
648,3.5471625,4.5647383,0,0,2025-11-07 08:40:23.033081
649,4.461544,3.580221,2,1,2025-11-07 08:40:23.033081
650,3.5081968,4.6128416,1,2,2025-11-07 08:40:23.033081
651,2.4686518,2.533855,3,3,2025-11-07 08:40:23.033081
652,1.4142923,1.3818884,0,0,2025-11-07 08:40:23.034084
653,2.5285425,4.391996,2,1,2025-11-07 08:40:23.034084
654,3.4045246,4.5594964,1,2,2025-11-07 08:40:23.034084
655,3.5227706,4.630312,3,3,2025-11-07 08:40:23.034084
656,3.437365,1.7032423,0,0,2025-11-07 08:40:23.035080
657,3.6155405,1.6640625,2,1,2025-11-07 08:40:23.035080
658,2.5718362,1.681215,1,2,2025-11-07 08:40:23.036078
659,1.7860339,2.6530857,3,3,2025-11-07 08:40:23.036078
660,3.5907228,4.468889,0,0,2025-11-07 08:40:23.036078
661,1.6368147,3.6592963,2,1,2025-11-07 08:40:23.036078
662,4.501093,1.5810255,3,2,2025-11-07 08:40:23.036078
663,2.5498278,2.493648,1,3,2025-11-07 08:40:23.036078
664,1.5930173,3.574273,0,0,2025-11-07 08:40:23.036078
665,2.5607626,4.477973,2,1,2025-11-07 08:40:23.036078
666,1.5415295,1.483882,1,2,2025-11-07 08:40:23.036078
667,2.5563853,3.448434,3,3,2025-11-07 08:40:23.036078
668,3.6307197,3.679437,0,0,2025-11-07 08:40:23.036078
669,1.6539637,1.6411439,2,1,2025-11-07 08:40:23.036078
670,3.5474348,1.6250849,3,2,2025-11-07 08:40:23.036078
671,4.5412126,2.5597103,1,3,2025-11-07 08:40:23.040090
672,1.5343401,3.5583882,2,0,2025-11-07 08:40:23.040090
673,1.4320362,2.441207,0,1,2025-11-07 08:40:23.040090
674,4.4463778,3.5204124,3,2,2025-11-07 08:40:23.040090
675,1.3502197,3.5786831,1,3,2025-11-07 08:40:23.040090
676,1.4479978,2.5559115,2,0,2025-11-07 08:40:23.040090
677,4.5823874,1.6158458,3,1,2025-11-07 08:40:23.040090
678,1.6305542,1.5733098,0,2,2025-11-07 08:40:23.040090
679,4.5466385,2.5359237,2,3,2025-11-07 08:40:23.040090
680,4.445408,4.4500113,1,0,2025-11-07 08:40:23.040090
681,1.5324063,1.3972282,0,1,2025-11-07 08:40:23.040090
682,1.6368198,4.4517083,3,2,2025-11-07 08:40:23.040090
683,1.7342958,2.5907114,2,3,2025-11-07 08:40:23.040090
684,4.7025747,2.629423,1,0,2025-11-07 08:40:23.040090
685,2.583014,2.71888,0,1,2025-11-07 08:40:23.040090
686,2.5175693,1.5528523,2,2,2025-11-07 08:40:23.040090
687,2.5643535,4.521003,1,3,2025-11-07 08:40:23.040090
688,3.7138019,4.4449654,3,0,2025-11-07 08:40:23.040090
689,4.597687,4.4878383,0,1,2025-11-07 08:40:23.040090
690,2.5717635,3.4349527,1,2,2025-11-07 08:40:23.040090
691,1.5410502,2.5409184,3,3,2025-11-07 08:40:23.040090
692,2.5224833,3.6601558,2,0,2025-11-07 08:40:23.040090
693,2.462651,3.804665,0,1,2025-11-07 08:40:23.040090
694,3.4583197,2.5395207,1,2,2025-11-07 08:40:23.040090
695,1.4763355,3.3073354,3,3,2025-11-07 08:40:23.040090
696,3.582785,4.2597833,2,0,2025-11-07 08:40:23.045127
697,3.6777508,3.4887347,0,1,2025-11-07 08:40:23.045127
698,2.6389651,3.5709918,3,2,2025-11-07 08:40:23.045127
699,4.576065,2.590233,1,3,2025-11-07 08:40:23.045127
700,1.3445256,4.672892,0,0,2025-11-07 08:40:23.045127
701,2.2809062,4.637929,3,1,2025-11-07 08:40:23.045127
702,3.3270304,1.5029204,2,2,2025-11-07 08:40:23.045127
703,3.437521,4.3938336,1,3,2025-11-07 08:40:23.045127
704,4.5771084,1.5345114,0,0,2025-11-07 08:40:23.045127
705,4.73508,2.4772825,3,1,2025-11-07 08:40:23.045127
706,4.686614,4.3867583,2,2,2025-11-07 08:40:23.045127
707,3.6579163,4.544809,3,3,2025-11-07 08:40:23.045127
708,2.7496245,1.5077507,0,0,2025-11-07 08:40:23.045127
709,1.7128868,1.3891486,1,1,2025-11-07 08:40:23.045127
710,2.5813897,4.4833956,3,2,2025-11-07 08:40:23.045127
711,2.5566716,2.5028656,2,3,2025-11-07 08:40:23.048694
712,3.480273,2.6657717,1,0,2025-11-07 08:40:23.048694
713,4.479358,2.4815586,0,1,2025-11-07 08:40:23.048694
714,4.576205,4.4561214,3,2,2025-11-07 08:40:23.049711
715,2.4953206,3.6958609,2,3,2025-11-07 08:40:23.051074
716,3.4659557,2.5532877,1,0,2025-11-07 08:40:23.051074
717,3.631048,1.5789081,0,1,2025-11-07 08:40:23.051074
718,1.5658696,2.6525059,3,2,2025-11-07 08:40:23.051074
719,2.443912,2.8204563,1,3,2025-11-07 08:40:23.051074
720,2.5437894,3.6314573,2,0,2025-11-07 08:40:23.051074
721,1.4667628,4.626344,3,1,2025-11-07 08:40:23.051074
722,3.5011644,3.5967717,0,2,2025-11-07 08:40:23.051074
723,2.5491905,3.6977134,1,3,2025-11-07 08:40:23.051074
724,3.6102495,3.7630157,2,0,2025-11-07 08:40:23.051074
725,4.5759172,1.7412577,0,1,2025-11-07 08:40:23.051074
726,4.549869,4.6183906,3,2,2025-11-07 08:40:23.051074
727,2.4670954,1.5859497,1,3,2025-11-07 08:40:23.051074
728,2.405269,4.435531,2,0,2025-11-07 08:40:23.051074
729,2.3958793,3.4851751,3,1,2025-11-07 08:40:23.051074
730,4.467842,4.450132,0,2,2025-11-07 08:40:23.051074
731,2.5365148,3.4777844,1,3,2025-11-07 08:40:23.051074
732,1.5932963,3.472705,2,0,2025-11-07 08:40:23.051074
733,2.6376727,2.5304627,3,1,2025-11-07 08:40:23.051074
734,2.640929,4.433707,0,2,2025-11-07 08:40:23.051074
735,2.4743166,4.587372,1,3,2025-11-07 08:40:23.051074
736,1.5495708,4.4889565,3,0,2025-11-07 08:40:23.051074
737,3.6200655,3.4343665,2,1,2025-11-07 08:40:23.060091
738,1.5445416,3.5500536,0,2,2025-11-07 08:40:23.060198
739,3.5788672,4.688329,1,3,2025-11-07 08:40:23.060198
740,3.4579554,2.5366998,3,0,2025-11-07 08:40:23.061209
741,3.4847295,1.5665979,0,1,2025-11-07 08:40:23.061209
742,4.496834,4.6812596,2,2,2025-11-07 08:40:23.061209
743,3.6539395,1.7223276,1,3,2025-11-07 08:40:23.061209
744,3.7503297,1.550967,3,0,2025-11-07 08:40:23.061209
745,4.6170855,2.5725305,0,1,2025-11-07 08:40:23.061209
746,2.6031194,3.5216432,1,2,2025-11-07 08:40:23.061209
747,3.487722,1.5676057,3,3,2025-11-07 08:40:23.061209
748,2.459415,2.4093828,0,0,2025-11-07 08:40:23.061209
749,4.5110445,1.308449,1,1,2025-11-07 08:40:23.061209
750,2.612579,4.3599668,2,2,2025-11-07 08:40:23.061209
751,1.4941592,4.3241973,3,3,2025-11-07 08:40:23.061209
752,4.4526567,1.5209005,0,0,2025-11-07 08:40:23.061209
753,2.5303977,1.6178709,1,1,2025-11-07 08:40:23.061209
754,2.6188474,4.586504,2,2,2025-11-07 08:40:23.061209
755,1.5673603,1.5748823,3,3,2025-11-07 08:40:23.061209
756,3.4934235,1.6778847,0,0,2025-11-07 08:40:23.065337
757,4.40028,2.4675674,2,1,2025-11-07 08:40:23.065337
758,3.4919753,1.3359513,1,2,2025-11-07 08:40:23.065337
759,3.4824886,1.4831642,3,3,2025-11-07 08:40:23.065337
760,2.3657782,4.596502,0,0,2025-11-07 08:40:23.065337
761,2.3568804,3.629803,2,1,2025-11-07 08:40:23.066352
762,3.306209,2.6152,1,2,2025-11-07 08:40:23.066352
763,2.395074,3.707141,3,3,2025-11-07 08:40:23.066352
764,2.5338686,2.755272,2,0,2025-11-07 08:40:23.066352
765,2.635217,2.5031188,0,1,2025-11-07 08:40:23.066352
766,3.5340078,2.654353,1,2,2025-11-07 08:40:23.067353
767,4.5337477,3.5216346,3,3,2025-11-07 08:40:23.067353
768,2.5800862,3.610587,0,0,2025-11-07 08:40:23.067353
769,2.6440952,4.4921503,2,1,2025-11-07 08:40:23.067353
770,1.6398212,3.6141858,1,2,2025-11-07 08:40:23.067353
771,2.6025112,4.43266,0,3,2025-11-07 08:40:23.068352
772,2.5559437,4.4608226,3,0,2025-11-07 08:40:23.068352
773,4.542909,4.47984,2,1,2025-11-07 08:40:23.068352
774,1.3610685,4.4607034,1,2,2025-11-07 08:40:23.068352
775,2.3758614,2.6145349,3,3,2025-11-07 08:40:23.068352
776,4.5165873,4.5641875,0,0,2025-11-07 08:40:23.068352
777,1.575186,2.6377666,2,1,2025-11-07 08:40:23.068352
778,4.6189637,2.4553802,1,2,2025-11-07 08:40:23.069871
779,2.6576705,4.4090667,3,3,2025-11-07 08:40:23.069871
780,3.5532432,4.414971,0,0,2025-11-07 08:40:23.069871
781,2.548797,3.2910237,2,1,2025-11-07 08:40:23.069871
782,4.4594836,2.2641313,1,2,2025-11-07 08:40:23.069871
783,1.5496788,2.3724585,0,3,2025-11-07 08:40:23.069871
784,3.5617414,4.396751,3,0,2025-11-07 08:40:23.070885
785,4.537417,1.3428619,2,1,2025-11-07 08:40:23.070885
786,2.5373511,4.496201,1,2,2025-11-07 08:40:23.070885
787,4.6288576,3.5552926,0,3,2025-11-07 08:40:23.070885
788,2.6031485,1.6219336,3,0,2025-11-07 08:40:23.071885
789,1.6185427,3.5326877,2,1,2025-11-07 08:40:23.071885
790,4.488402,3.5902908,0,2,2025-11-07 08:40:23.071885
791,4.412666,1.5583868,1,3,2025-11-07 08:40:23.071885
792,1.4213841,3.42521,2,0,2025-11-07 08:40:23.071885
793,2.488259,4.46618,3,1,2025-11-07 08:40:23.071885
794,4.601802,4.4829545,0,2,2025-11-07 08:40:23.072895
795,1.5910616,3.4279099,2,3,2025-11-07 08:40:23.072895
796,1.683886,1.3857477,1,0,2025-11-07 08:40:23.072895
797,3.6923916,3.6283777,0,1,2025-11-07 08:40:23.072895
798,1.5801611,1.5267481,2,2,2025-11-07 08:40:23.072895
799,1.6057074,1.5023261,1,3,2025-11-07 08:40:23.072895
800,2.5532188,3.7061806,3,0,2025-11-07 08:40:23.073895
801,2.6258411,2.5206676,0,1,2025-11-07 08:40:23.073895
802,3.611395,1.4437687,2,2,2025-11-07 08:40:23.073895
803,1.647232,3.4558477,1,3,2025-11-07 08:40:23.073895
804,1.6434046,4.49837,0,0,2025-11-07 08:40:23.073895
805,2.6841278,1.5319116,3,1,2025-11-07 08:40:23.073895
806,3.6439846,2.4914787,2,2,2025-11-07 08:40:23.074894
807,1.6689893,4.472881,1,3,2025-11-07 08:40:23.074894
808,2.546081,1.549125,3,0,2025-11-07 08:40:23.074894
809,4.695993,4.4055095,0,1,2025-11-07 08:40:23.074894
810,3.555176,3.4025316,2,2,2025-11-07 08:40:23.074894
811,3.435629,2.5888681,1,3,2025-11-07 08:40:23.074894
812,1.4683375,4.6044474,3,0,2025-11-07 08:40:23.075896
813,3.4724555,2.5296252,0,1,2025-11-07 08:40:23.075896
814,4.4383574,2.5947304,2,2,2025-11-07 08:40:23.076906
815,3.372726,1.4335979,1,3,2025-11-07 08:40:23.076906
816,4.324339,4.4290304,3,0,2025-11-07 08:40:23.076906
817,4.24261,2.5497057,0,1,2025-11-07 08:40:23.076906
818,1.377086,4.5110517,2,2,2025-11-07 08:40:23.076906
819,1.2660706,4.4708443,1,3,2025-11-07 08:40:23.077903
820,2.256443,1.617048,3,0,2025-11-07 08:40:23.077903
821,4.3763742,1.5474321,0,1,2025-11-07 08:40:23.077903
822,1.5431495,1.5713199,2,2,2025-11-07 08:40:23.077903
823,2.5758712,2.442764,1,3,2025-11-07 08:40:23.078896
824,3.6677225,4.514436,3,0,2025-11-07 08:40:23.078896
825,4.660484,2.6469789,0,1,2025-11-07 08:40:23.078896
826,3.671277,2.499997,2,2,2025-11-07 08:40:23.078896
827,2.6607077,1.4105077,1,3,2025-11-07 08:40:23.079902
828,3.5057917,1.5163941,0,0,2025-11-07 08:40:23.080417
829,3.5992236,1.5087062,3,1,2025-11-07 08:40:23.080417
830,2.5028534,1.4359655,1,2,2025-11-07 08:40:23.080930
831,3.6277268,3.488656,2,3,2025-11-07 08:40:23.080989
832,2.6145787,2.4730344,3,0,2025-11-07 08:40:23.080989
833,2.6317782,2.5242493,1,1,2025-11-07 08:40:23.080989
834,1.6321193,4.6226864,0,2,2025-11-07 08:40:23.083416
835,1.5542781,1.577315,3,3,2025-11-07 08:40:23.084416
836,2.5073671,4.5470824,2,0,2025-11-07 08:40:23.084416
837,4.6388454,3.5982714,1,1,2025-11-07 08:40:23.085439
838,2.6739566,2.5863388,0,2,2025-11-07 08:40:23.085439
839,3.5662022,2.6682715,1,3,2025-11-07 08:40:23.086416
840,3.6147451,4.6454268,3,0,2025-11-07 08:40:23.086416
841,3.570976,1.6520555,2,1,2025-11-07 08:40:23.087415
842,3.6899698,1.5097085,0,2,2025-11-07 08:40:23.087415
843,3.5288308,2.558943,3,3,2025-11-07 08:40:23.087415
844,3.4332128,1.5366061,2,0,2025-11-07 08:40:23.087415
845,3.4989803,3.4500363,0,1,2025-11-07 08:40:23.088414
846,1.4707885,4.4608707,1,2,2025-11-07 08:40:23.088414
847,3.393531,4.559758,3,3,2025-11-07 08:40:23.088414
848,1.4479461,3.3508208,2,0,2025-11-07 08:40:23.088414
849,2.3932252,2.3996549,0,1,2025-11-07 08:40:23.088414
850,1.4089584,3.3600686,1,2,2025-11-07 08:40:23.088414
851,2.5707283,1.5666956,2,3,2025-11-07 08:40:23.089925
852,2.730465,2.6749697,3,0,2025-11-07 08:40:23.089925
853,2.6110973,2.564336,0,1,2025-11-07 08:40:23.089925
854,4.594171,3.5034316,2,2,2025-11-07 08:40:23.089925
855,2.6186655,2.6703138,1,3,2025-11-07 08:40:23.090945
856,3.720012,4.5284824,3,0,2025-11-07 08:40:23.090945
857,4.6997943,4.4832764,0,1,2025-11-07 08:40:23.090945
858,2.6553524,1.5047274,2,2,2025-11-07 08:40:23.091945
859,4.43191,2.5147066,3,3,2025-11-07 08:40:23.091945
860,3.5312042,1.5071398,1,0,2025-11-07 08:40:23.091945
861,1.5904324,4.440415,0,1,2025-11-07 08:40:23.091945
862,3.5293179,4.4330926,2,2,2025-11-07 08:40:23.092959
863,3.5000663,3.3996878,3,3,2025-11-07 08:40:23.092959
864,3.607461,2.4452868,1,0,2025-11-07 08:40:23.092959
865,1.5445521,1.6109047,0,1,2025-11-07 08:40:23.092959
866,1.4380944,2.631995,2,2,2025-11-07 08:40:23.093959
867,4.589467,3.4636502,3,3,2025-11-07 08:40:23.093959
868,1.5356934,4.5634217,1,0,2025-11-07 08:40:23.093959
869,3.5667982,3.507784,0,1,2025-11-07 08:40:23.093959
870,1.4901476,1.6361482,2,2,2025-11-07 08:40:23.094956
871,2.5299835,2.467778,3,3,2025-11-07 08:40:23.094956
872,4.622368,1.5238583,1,0,2025-11-07 08:40:23.094956
873,4.5601163,1.4489272,0,1,2025-11-07 08:40:23.094956
874,3.5852454,1.6059835,3,2,2025-11-07 08:40:23.094956
875,1.659029,4.6294103,2,3,2025-11-07 08:40:23.095956
876,2.5700982,4.65996,1,0,2025-11-07 08:40:23.095956
877,1.5918059,4.5081677,0,1,2025-11-07 08:40:23.095956
878,2.7127275,1.4704231,3,2,2025-11-07 08:40:23.095956
879,2.614288,2.510568,0,3,2025-11-07 08:40:23.096957
880,3.5600076,4.6426888,1,0,2025-11-07 08:40:23.096957
881,2.6462185,3.4608855,2,1,2025-11-07 08:40:23.096957
882,2.7711973,2.4470441,3,2,2025-11-07 08:40:23.096957
883,4.796319,2.513911,2,3,2025-11-07 08:40:23.097957
884,4.6921253,3.7251382,0,0,2025-11-07 08:40:23.097957
885,3.6924934,4.4359894,1,1,2025-11-07 08:40:23.097957
886,3.68738,2.4447315,3,2,2025-11-07 08:40:23.098967
887,4.6628795,3.5462186,1,3,2025-11-07 08:40:23.098967
888,3.5980992,2.5680714,2,0,2025-11-07 08:40:23.100027
889,2.553848,4.5389752,3,1,2025-11-07 08:40:23.100027
890,2.630016,2.531362,1,2,2025-11-07 08:40:23.100027
891,2.7564917,3.677062,0,3,2025-11-07 08:40:23.100027
892,1.6048986,1.4424882,3,0,2025-11-07 08:40:23.100027
893,1.5696554,3.3784041,1,1,2025-11-07 08:40:23.100027
894,3.4802012,4.4282923,0,2,2025-11-07 08:40:23.100027
895,2.4936757,3.5272038,3,3,2025-11-07 08:40:23.100027
896,3.5710285,2.6058633,1,0,2025-11-07 08:40:23.100027
897,4.5241914,3.4797788,2,1,2025-11-07 08:40:23.100027
898,1.5651623,4.5544143,0,2,2025-11-07 08:40:23.100027
899,2.6018784,1.4769636,3,3,2025-11-07 08:40:23.100027
900,1.7338561,1.6389554,1,0,2025-11-07 08:40:23.100027
901,3.5816925,2.6402535,2,1,2025-11-07 08:40:23.100027
902,2.5770757,2.5809698,0,2,2025-11-07 08:40:23.100027
903,2.5139523,4.617667,3,3,2025-11-07 08:40:23.100027
904,4.5648227,3.7155538,1,0,2025-11-07 08:40:23.100027
905,1.5918096,1.5898787,2,1,2025-11-07 08:40:23.100027
906,1.4854996,3.5188525,0,2,2025-11-07 08:40:23.100027
907,4.4738483,4.311439,3,3,2025-11-07 08:40:23.100027
908,3.294509,1.3095732,1,0,2025-11-07 08:40:23.100027
909,3.3643227,3.4192598,2,1,2025-11-07 08:40:23.100027
910,3.5777464,4.4758058,0,2,2025-11-07 08:40:23.100027
911,2.5954301,3.542169,3,3,2025-11-07 08:40:23.100027
912,4.5405693,4.6576366,1,0,2025-11-07 08:40:23.100027
913,4.4743853,2.658946,0,1,2025-11-07 08:40:23.100027
914,4.575967,3.3955996,2,2,2025-11-07 08:40:23.105037
915,2.5860064,1.4160212,3,3,2025-11-07 08:40:23.105037
916,2.4694686,1.2330408,0,0,2025-11-07 08:40:23.105037
917,4.504548,1.5293528,1,1,2025-11-07 08:40:23.105037
918,3.4659972,2.4924338,2,2,2025-11-07 08:40:23.105037
919,1.3961315,3.3725402,3,3,2025-11-07 08:40:23.105037
920,1.4163835,4.357408,1,0,2025-11-07 08:40:23.105037
921,1.416307,1.5926411,0,1,2025-11-07 08:40:23.105037
922,2.4969532,3.6662931,2,2,2025-11-07 08:40:23.105037
923,2.5417151,4.7445908,3,3,2025-11-07 08:40:23.105037
924,4.661978,3.7228873,1,0,2025-11-07 08:40:23.105037
925,4.6890206,3.5593581,0,1,2025-11-07 08:40:23.105037
926,3.6626205,2.6041584,2,2,2025-11-07 08:40:23.105037
927,2.6339388,3.6473582,1,3,2025-11-07 08:40:23.105037
928,1.7644484,2.7675018,3,0,2025-11-07 08:40:23.105037
929,1.6211782,1.6419594,0,1,2025-11-07 08:40:23.105037
930,3.5722964,4.556185,2,2,2025-11-07 08:40:23.105037
931,1.6998231,1.6389778,3,3,2025-11-07 08:40:23.105037
932,2.6342907,3.6582172,1,0,2025-11-07 08:40:23.105037
933,3.625871,4.739028,0,1,2025-11-07 08:40:23.105037
934,1.538783,3.5440907,2,2,2025-11-07 08:40:23.105037
935,2.547879,2.570227,1,3,2025-11-07 08:40:23.105037
936,3.523223,1.5040209,3,0,2025-11-07 08:40:23.110049
937,1.5198479,2.5897923,0,1,2025-11-07 08:40:23.110149
938,1.3931177,1.5252903,2,2,2025-11-07 08:40:23.110149
939,2.3776793,2.645119,1,3,2025-11-07 08:40:23.110149
940,1.5463836,1.463862,3,0,2025-11-07 08:40:23.110149
941,3.6087756,4.483789,0,1,2025-11-07 08:40:23.110149
942,3.6001985,3.6547587,2,2,2025-11-07 08:40:23.110149
943,3.4871576,3.6376796,1,3,2025-11-07 08:40:23.110149
944,1.3491166,3.340076,0,0,2025-11-07 08:40:23.110149
945,4.443762,4.316123,3,1,2025-11-07 08:40:23.110149
946,4.432149,4.476383,2,2,2025-11-07 08:40:23.110149
947,3.4560277,1.565216,1,3,2025-11-07 08:40:23.110149
948,2.4049318,1.6080726,0,0,2025-11-07 08:40:23.110149
949,3.3622026,2.3922327,3,1,2025-11-07 08:40:23.110149
950,1.3993253,2.4506545,1,2,2025-11-07 08:40:23.110149
951,3.4252124,3.5395334,2,3,2025-11-07 08:40:23.110149
952,3.517221,4.5281024,0,0,2025-11-07 08:40:23.110149
953,1.6532625,3.4528944,3,1,2025-11-07 08:40:23.110149
954,2.6449523,2.539827,1,2,2025-11-07 08:40:23.110149
955,4.464277,4.5496564,2,3,2025-11-07 08:40:23.110149
956,3.5234613,4.548833,0,0,2025-11-07 08:40:23.110149
957,3.450896,3.4405541,3,1,2025-11-07 08:40:23.110149
958,2.604014,2.337184,1,2,2025-11-07 08:40:23.115160
959,1.5605189,4.324669,2,3,2025-11-07 08:40:23.115160
960,1.4918756,3.487657,0,0,2025-11-07 08:40:23.115160
961,2.3806272,4.6696615,3,1,2025-11-07 08:40:23.115160
962,1.4156746,4.673789,1,2,2025-11-07 08:40:23.115160
963,4.4925647,2.6135564,2,3,2025-11-07 08:40:23.115160
964,4.488204,4.517353,3,0,2025-11-07 08:40:23.115160
965,2.599798,1.4284657,0,1,2025-11-07 08:40:23.115160
966,3.5365458,1.4370103,2,2,2025-11-07 08:40:23.115160
967,3.3964317,1.5331147,1,3,2025-11-07 08:40:23.115160
968,1.5032009,4.448329,3,0,2025-11-07 08:40:23.115160
969,2.4797366,4.494899,0,1,2025-11-07 08:40:23.115160
970,4.524393,3.4696465,2,2,2025-11-07 08:40:23.115160
971,4.504782,1.6518806,1,3,2025-11-07 08:40:23.115160
972,3.5220828,1.5658597,3,0,2025-11-07 08:40:23.115160
973,4.5073,1.3526566,2,1,2025-11-07 08:40:23.115160
974,3.5378454,4.58675,0,2,2025-11-07 08:40:23.115160
975,2.454877,1.5889224,1,3,2025-11-07 08:40:23.115160
976,3.5117962,4.5784116,2,0,2025-11-07 08:40:23.119735
977,4.4906607,4.7490983,3,1,2025-11-07 08:40:23.119735
978,4.5544543,3.5616922,0,2,2025-11-07 08:40:23.119735
979,4.4324455,2.4798436,1,3,2025-11-07 08:40:23.119735
980,4.534941,4.4583926,3,0,2025-11-07 08:40:23.119735
981,4.5712924,2.476245,2,1,2025-11-07 08:40:23.119735
982,4.4933496,4.4962096,0,2,2025-11-07 08:40:23.119735
983,3.4286094,2.4800577,1,3,2025-11-07 08:40:23.119735
984,1.4609783,1.5759706,3,0,2025-11-07 08:40:23.119735
985,2.5420141,3.5301511,2,1,2025-11-07 08:40:23.119735
986,2.4463878,4.581497,0,2,2025-11-07 08:40:23.119735
987,4.3512607,2.4727035,1,3,2025-11-07 08:40:23.119735
988,2.5356677,3.477511,3,0,2025-11-07 08:40:23.119735
989,4.565963,2.5305433,2,1,2025-11-07 08:40:23.119735
990,1.5234814,2.5611844,0,2,2025-11-07 08:40:23.119735
991,1.5362208,3.627145,1,3,2025-11-07 08:40:23.119735
992,2.5705547,1.6792163,3,0,2025-11-07 08:40:23.119735
993,4.431714,4.569315,2,1,2025-11-07 08:40:23.119735
994,1.4242132,1.6228448,0,2,2025-11-07 08:40:23.119735
995,1.6219591,4.599207,1,3,2025-11-07 08:40:23.119735
996,4.6034336,1.4294958,3,0,2025-11-07 08:40:23.119735
997,1.5227273,3.5288131,2,1,2025-11-07 08:40:23.119735
998,1.4235325,2.513848,0,2,2025-11-07 08:40:23.119735
999,2.3664072,3.4705436,1,3,2025-11-07 08:40:23.124748
1000,4.4207883,4.395278,3,0,2025-11-07 08:40:23.124748
1001,4.5030556,2.2013614,2,1,2025-11-07 08:40:23.124748
1002,4.632845,4.41846,0,2,2025-11-07 08:40:23.124748
1003,4.643523,1.4409065,1,3,2025-11-07 08:40:23.124748
1004,2.6855292,1.6513813,3,0,2025-11-07 08:40:23.124748
1005,2.7829144,4.655941,2,1,2025-11-07 08:40:23.124748
1006,1.5445646,3.7256255,1,2,2025-11-07 08:40:23.124748
1007,4.6431623,4.478485,0,3,2025-11-07 08:40:23.124748
1008,2.590479,1.4452236,3,0,2025-11-07 08:40:23.124748
1009,3.4713302,3.5748389,2,1,2025-11-07 08:40:23.124748
1010,4.620973,1.5731986,1,2,2025-11-07 08:40:23.124748
1011,2.4034455,2.471013,3,3,2025-11-07 08:40:23.124748
1012,1.5087132,1.4440284,0,0,2025-11-07 08:40:23.124748
1013,2.4371943,1.5092173,2,1,2025-11-07 08:40:23.129820
1014,4.395572,3.4998498,1,2,2025-11-07 08:40:23.129820
1015,1.4141462,1.4564724,3,3,2025-11-07 08:40:23.129820
1016,2.368222,4.428063,0,0,2025-11-07 08:40:23.129820
1017,2.3812041,2.3707647,2,1,2025-11-07 08:40:23.129820
1018,4.364979,1.3929228,3,2,2025-11-07 08:40:23.129820
1019,2.436247,4.4115505,0,3,2025-11-07 08:40:23.129820
1020,4.4492917,3.5515857,1,0,2025-11-07 08:40:23.129820
1021,4.493551,4.666787,2,1,2025-11-07 08:40:23.129820
1022,3.4978013,1.507327,3,2,2025-11-07 08:40:23.129820
1023,4.609644,1.4278698,0,3,2025-11-07 08:40:23.129820
1024,2.5964885,1.5063682,1,0,2025-11-07 08:40:23.129820
1025,2.5826159,3.5304613,2,1,2025-11-07 08:40:23.129820
1026,2.4724703,3.5543327,1,2,2025-11-07 08:40:23.129820
1027,2.3999734,3.589547,0,3,2025-11-07 08:40:23.129820
1028,2.5087352,4.6238685,3,0,2025-11-07 08:40:23.129820
1029,3.500605,3.589551,2,1,2025-11-07 08:40:23.129820
1030,2.5199974,4.7605243,1,2,2025-11-07 08:40:23.129820
1031,2.4623244,1.6293166,0,3,2025-11-07 08:40:23.134833
1032,1.3211994,1.5263239,2,0,2025-11-07 08:40:23.134833
1033,4.362626,1.3879626,3,1,2025-11-07 08:40:23.134833
1034,2.4238293,4.4149146,1,2,2025-11-07 08:40:23.134833
1035,4.6380467,3.597433,0,3,2025-11-07 08:40:23.134833
1036,3.535349,1.6343006,2,0,2025-11-07 08:40:23.134833
1037,2.530989,4.573641,3,1,2025-11-07 08:40:23.134833
1038,4.4187727,3.5806613,0,2,2025-11-07 08:40:23.134833
1039,3.433515,3.5532176,1,3,2025-11-07 08:40:23.134833
1040,2.4364204,3.529884,2,0,2025-11-07 08:40:23.134833
1041,2.575847,2.561083,3,1,2025-11-07 08:40:23.134833
1042,1.7554761,1.5137522,0,2,2025-11-07 08:40:23.134833
1043,3.6689136,1.5381354,1,3,2025-11-07 08:40:23.134833
1044,4.606226,1.634669,2,0,2025-11-07 08:40:23.134833
1045,2.5914283,3.5770462,0,1,2025-11-07 08:40:23.134833
1046,2.6187222,2.614837,3,2,2025-11-07 08:40:23.134833
1047,3.5631187,3.7909722,1,3,2025-11-07 08:40:23.134833
1048,3.4190106,2.737728,0,0,2025-11-07 08:40:23.134833
1049,2.4153361,3.4967291,2,1,2025-11-07 08:40:23.134833
1050,1.519186,2.3472097,3,2,2025-11-07 08:40:23.134833
1051,1.4645263,3.3655005,1,3,2025-11-07 08:40:23.134833
1052,4.6755276,2.5440943,0,0,2025-11-07 08:40:23.134833
1053,2.5108335,1.60871,2,1,2025-11-07 08:40:23.141184
1054,2.3835661,2.557145,3,2,2025-11-07 08:40:23.141184
1055,1.3078655,2.5963178,1,3,2025-11-07 08:40:23.141184
1056,3.4210653,2.5744915,0,0,2025-11-07 08:40:23.141184
1057,1.5141642,2.531325,2,1,2025-11-07 08:40:23.142201
1058,4.5301085,2.3452513,3,2,2025-11-07 08:40:23.142201
1059,3.5846977,1.3798046,1,3,2025-11-07 08:40:23.142201
1060,1.5510348,2.46135,2,0,2025-11-07 08:40:23.142778
1061,4.6314764,4.581214,0,1,2025-11-07 08:40:23.142778
1062,4.397807,3.6351428,1,2,2025-11-07 08:40:23.143423
1063,3.4880507,3.6306539,3,3,2025-11-07 08:40:23.143423
1064,4.3619328,4.391992,2,0,2025-11-07 08:40:23.144168
1065,1.5254172,1.2151741,0,1,2025-11-07 08:40:23.144168
1066,1.6017042,1.4508531,3,2,2025-11-07 08:40:23.144768
1067,2.6915631,3.4459732,1,3,2025-11-07 08:40:23.145823
1068,3.7210555,2.5290084,0,0,2025-11-07 08:40:23.146844
1069,4.7801175,2.4099774,2,1,2025-11-07 08:40:23.148590
1070,4.59392,3.392529,1,2,2025-11-07 08:40:23.148590
1071,4.6233435,1.3397044,3,3,2025-11-07 08:40:23.148590
1072,2.6940577,3.3912425,0,0,2025-11-07 08:40:23.150521
1073,4.5573473,2.4618154,2,1,2025-11-07 08:40:23.150521
1074,2.4557571,2.510155,1,2,2025-11-07 08:40:23.150521
1075,3.3487267,2.5237944,0,3,2025-11-07 08:40:23.150521
1076,3.4580789,4.55938,3,0,2025-11-07 08:40:23.150521
1077,3.5846868,4.610449,2,1,2025-11-07 08:40:23.150521
1078,4.553395,4.437861,0,2,2025-11-07 08:40:23.150521
1079,4.4577727,1.3503795,1,3,2025-11-07 08:40:23.150521
1080,4.3459682,3.5358114,3,0,2025-11-07 08:40:23.150521
1081,2.4468455,2.5636432,2,1,2025-11-07 08:40:23.150521
1082,3.4862292,3.7063117,0,2,2025-11-07 08:40:23.150521
1083,2.6523502,2.6135085,1,3,2025-11-07 08:40:23.150521
1084,3.565621,3.504912,3,0,2025-11-07 08:40:23.150521
1085,1.5623742,4.4200826,0,1,2025-11-07 08:40:23.155033
1086,4.479517,4.6506944,2,2,2025-11-07 08:40:23.155033
1087,4.6762114,1.690628,1,3,2025-11-07 08:40:23.155033
1088,3.5455916,1.5600538,3,0,2025-11-07 08:40:23.155033
1089,1.3955302,2.5131662,0,1,2025-11-07 08:40:23.156677
1090,4.3526106,4.517294,1,2,2025-11-07 08:40:23.156677
1091,1.4446065,1.5820899,2,3,2025-11-07 08:40:23.156677
1092,1.570498,4.593626,3,0,2025-11-07 08:40:23.156677
1093,3.6010616,2.4153352,1,1,2025-11-07 08:40:23.157694
1094,4.7279663,3.5293045,0,2,2025-11-07 08:40:23.157694
1095,3.5251026,2.510135,2,3,2025-11-07 08:40:23.157694
1096,1.4887868,1.4756553,1,0,2025-11-07 08:40:23.157694
1097,2.4316072,2.423395,0,1,2025-11-07 08:40:23.158690
1098,4.413627,4.3877134,2,2,2025-11-07 08:40:23.158690
1099,4.6612988,4.4492702,3,3,2025-11-07 08:40:23.158690
1100,2.6637592,2.419704,1,0,2025-11-07 08:40:23.158690
1101,4.5821824,4.486729,0,1,2025-11-07 08:40:23.159689
1102,2.5711098,3.5217056,2,2,2025-11-07 08:40:23.159689
1103,4.400899,3.4213786,3,3,2025-11-07 08:40:23.160198
1104,2.4477613,4.4095116,1,0,2025-11-07 08:40:23.160198
1105,2.4931002,4.5345387,0,1,2025-11-07 08:40:23.160198
1106,1.5099823,1.5441072,2,2,2025-11-07 08:40:23.160198
1107,4.5470138,4.576773,1,3,2025-11-07 08:40:23.161207
1108,1.6447344,4.647993,3,0,2025-11-07 08:40:23.161207
1109,3.5226955,1.6015928,2,1,2025-11-07 08:40:23.161207
1110,4.5873895,2.4436862,0,2,2025-11-07 08:40:23.161207
1111,3.6281586,3.4614232,3,3,2025-11-07 08:40:23.162217
1112,3.429355,1.4614488,1,0,2025-11-07 08:40:23.162217
1113,2.4085722,3.5357711,2,1,2025-11-07 08:40:23.162217
1114,3.5257916,3.6874936,0,2,2025-11-07 08:40:23.162217
1115,3.483435,4.6795616,1,3,2025-11-07 08:40:23.162217
1116,2.4955683,2.5856736,3,0,2025-11-07 08:40:23.162217
1117,4.4960656,3.5457227,2,1,2025-11-07 08:40:23.162217
1118,4.4494104,3.4926462,0,2,2025-11-07 08:40:23.162217
1119,2.514129,2.335372,1,3,2025-11-07 08:40:23.162217
1120,2.5678046,3.559326,3,0,2025-11-07 08:40:23.162217
1121,4.537579,4.47486,2,1,2025-11-07 08:40:23.165289
1122,2.5110185,4.496509,1,2,2025-11-07 08:40:23.165289
1123,2.5674539,2.5790598,0,3,2025-11-07 08:40:23.166308
1124,3.594871,1.3880324,3,0,2025-11-07 08:40:23.166308
1125,4.404896,3.3556986,2,1,2025-11-07 08:40:23.166308
1126,1.4833267,4.5161757,1,2,2025-11-07 08:40:23.166308
1127,3.3829372,1.577889,0,3,2025-11-07 08:40:23.166308
1128,4.6465645,2.5608537,3,0,2025-11-07 08:40:23.167304
1129,2.5996675,3.494271,1,1,2025-11-07 08:40:23.168300
1130,1.5652652,4.3787317,2,2,2025-11-07 08:40:23.168300
1131,4.6075544,4.486927,0,3,2025-11-07 08:40:23.169888
1132,3.6241097,1.5513095,1,0,2025-11-07 08:40:23.169888
1133,1.6916066,4.6629505,3,1,2025-11-07 08:40:23.169888
1134,4.7391205,4.5344825,2,2,2025-11-07 08:40:23.169888
1135,2.615609,3.5998626,1,3,2025-11-07 08:40:23.169888
1136,2.6803155,4.521796,0,0,2025-11-07 08:40:23.169888
1137,1.5630934,1.5262164,2,1,2025-11-07 08:40:23.169888
1138,2.4823236,4.595223,1,2,2025-11-07 08:40:23.169888
1139,1.4556155,4.513111,3,3,2025-11-07 08:40:23.169888
1140,3.4790995,2.3687985,0,0,2025-11-07 08:40:23.169888
1141,3.575275,4.366675,2,1,2025-11-07 08:40:23.169888
1142,1.6148452,4.6245456,3,2,2025-11-07 08:40:23.169888
1143,3.5598736,4.5249505,1,3,2025-11-07 08:40:23.169888
1144,1.4700508,3.4827905,0,0,2025-11-07 08:40:23.169888
1145,2.602617,1.6478081,2,1,2025-11-07 08:40:23.169888
1146,3.7131753,3.4678538,3,2,2025-11-07 08:40:23.169888
1147,4.6405196,4.560825,0,3,2025-11-07 08:40:23.169888
1148,3.6550584,1.4895327,1,0,2025-11-07 08:40:23.174905
1149,1.5772945,1.56393,2,1,2025-11-07 08:40:23.174905
1150,1.5027307,1.4251908,3,2,2025-11-07 08:40:23.174905
1151,2.575565,2.61441,1,3,2025-11-07 08:40:23.174905
1152,3.582357,3.5949788,0,0,2025-11-07 08:40:23.174905
1153,2.4908648,4.471698,3,1,2025-11-07 08:40:23.174905
1154,1.6002039,4.5512114,2,2,2025-11-07 08:40:23.174905
1155,1.6297525,3.471777,1,3,2025-11-07 08:40:23.174905
1156,2.4295375,4.628013,0,0,2025-11-07 08:40:23.174905
1157,1.3700571,3.483815,2,1,2025-11-07 08:40:23.174905
1158,2.377052,1.3148394,1,2,2025-11-07 08:40:23.174905
1159,4.570404,4.486672,3,3,2025-11-07 08:40:23.174905
1160,1.553604,3.4131002,0,0,2025-11-07 08:40:23.174905
1161,3.6239967,3.4458869,2,1,2025-11-07 08:40:23.174905
1162,4.5701556,4.573457,1,2,2025-11-07 08:40:23.178418
1163,2.5660813,2.4999802,3,3,2025-11-07 08:40:23.178418
1164,2.5584748,3.6042402,0,0,2025-11-07 08:40:23.178418
1165,2.6104643,3.6458464,2,1,2025-11-07 08:40:23.178418
1166,1.5670698,4.4893603,1,2,2025-11-07 08:40:23.178418
1167,2.515854,4.4370503,3,3,2025-11-07 08:40:23.178418
1168,4.5233817,3.4062974,0,0,2025-11-07 08:40:23.178418
1169,4.4912243,1.5252774,2,1,2025-11-07 08:40:23.179932
1170,1.3060138,3.686435,3,2,2025-11-07 08:40:23.179932
1171,1.2799542,4.624503,1,3,2025-11-07 08:40:23.179932
1172,4.4041767,2.5646062,0,0,2025-11-07 08:40:23.179932
1173,3.5003061,1.5512848,2,1,2025-11-07 08:40:23.179932
1174,2.4488554,2.5140965,1,2,2025-11-07 08:40:23.179932
1175,1.5352973,2.6178167,3,3,2025-11-07 08:40:23.180969
1176,2.4843507,2.5650735,2,0,2025-11-07 08:40:23.180969
1177,1.4903247,3.5726573,0,1,2025-11-07 08:40:23.180969
1178,1.5766106,3.550757,1,2,2025-11-07 08:40:23.180969
1179,3.4944067,4.663653,2,3,2025-11-07 08:40:23.181990
1180,2.4984977,3.6140437,3,0,2025-11-07 08:40:23.184301
1181,1.4789383,4.656982,0,1,2025-11-07 08:40:23.184301
1182,3.57549,3.5837612,1,2,2025-11-07 08:40:23.184301
1183,1.7509085,2.6805193,2,3,2025-11-07 08:40:23.184301
1184,4.6962495,1.6385736,3,0,2025-11-07 08:40:23.184301
1185,2.5648909,1.6840571,1,1,2025-11-07 08:40:23.184301
1186,4.620168,4.6737638,2,2,2025-11-07 08:40:23.184301
1187,4.512723,4.5685005,0,3,2025-11-07 08:40:23.184301
1188,2.5869596,4.4784155,3,0,2025-11-07 08:40:23.184301
1189,3.6327507,4.4202332,1,1,2025-11-07 08:40:23.184301
1190,2.4518275,4.4828553,2,2,2025-11-07 08:40:23.184301
1191,3.5427735,3.4465098,0,3,2025-11-07 08:40:23.184301
1192,1.538351,2.4732661,3,0,2025-11-07 08:40:23.184301
1193,3.4645636,1.4306643,1,1,2025-11-07 08:40:23.184301
1194,4.5566487,2.4347584,2,2,2025-11-07 08:40:23.184301
1195,1.6291449,2.6292222,0,3,2025-11-07 08:40:23.184301
1196,3.5395198,4.508255,3,0,2025-11-07 08:40:23.184301
1197,1.4057305,3.5443575,2,1,2025-11-07 08:40:23.184301
1198,4.422898,4.510928,0,2,2025-11-07 08:40:23.184301
1199,3.5797575,1.6539025,1,3,2025-11-07 08:40:23.189865
1200,1.5605277,3.573823,3,0,2025-11-07 08:40:23.189865
1201,3.7144291,1.5191689,2,1,2025-11-07 08:40:23.189865
1202,1.5705266,4.4968233,0,2,2025-11-07 08:40:23.189865
1203,1.5013661,2.6085894,1,3,2025-11-07 08:40:23.189865
1204,3.4979582,1.5573366,3,0,2025-11-07 08:40:23.189865
1205,1.6085029,3.5305288,2,1,2025-11-07 08:40:23.189865
1206,3.4832733,1.4364512,1,2,2025-11-07 08:40:23.189865
1207,2.5696654,4.483777,0,3,2025-11-07 08:40:23.189865
1208,4.5276747,1.4761485,3,0,2025-11-07 08:40:23.189865
1209,4.504064,3.4955878,2,1,2025-11-07 08:40:23.189865
1210,2.478708,2.4884963,0,2,2025-11-07 08:40:23.189865
1211,1.5528287,1.6258655,1,3,2025-11-07 08:40:23.189865
1212,2.6152475,3.5506017,3,0,2025-11-07 08:40:23.189865
1213,4.653751,1.6222975,2,1,2025-11-07 08:40:23.189865
1214,1.6536639,1.5308769,0,2,2025-11-07 08:40:23.189865
1215,3.5461907,2.5258908,1,3,2025-11-07 08:40:23.189865
1216,1.6267012,4.4113717,3,0,2025-11-07 08:40:23.189865
1217,1.532336,2.4512715,2,1,2025-11-07 08:40:23.189865
1218,4.6058707,1.5229943,0,2,2025-11-07 08:40:23.194381
1219,3.6064892,1.4870312,1,3,2025-11-07 08:40:23.194381
1220,1.4388263,1.5542958,3,0,2025-11-07 08:40:23.194381
1221,2.5548613,4.5807085,2,1,2025-11-07 08:40:23.194381
1222,2.4534464,4.5058937,0,2,2025-11-07 08:40:23.194381
1223,1.5337896,4.53821,3,3,2025-11-07 08:40:23.194381
1224,4.512909,3.6176689,1,0,2025-11-07 08:40:23.194381
1225,3.6542628,3.5165138,2,1,2025-11-07 08:40:23.194381
1226,2.542486,4.2968607,3,2,2025-11-07 08:40:23.194381
1227,3.5690978,3.3127573,0,3,2025-11-07 08:40:23.194381
1228,4.473532,3.2786624,1,0,2025-11-07 08:40:23.194381
1229,4.531936,3.4359436,3,1,2025-11-07 08:40:23.194381
1230,4.537546,3.4219577,2,2,2025-11-07 08:40:23.194381
1231,1.5010546,2.4706187,0,3,2025-11-07 08:40:23.194381
1232,1.3968465,2.5860448,3,0,2025-11-07 08:40:23.194381
1233,3.308391,2.543881,1,1,2025-11-07 08:40:23.194381
1234,1.4634554,4.60899,2,2,2025-11-07 08:40:23.194381
1235,4.5966353,3.5051813,0,3,2025-11-07 08:40:23.194381
1236,4.597136,3.4738982,3,0,2025-11-07 08:40:23.194381
1237,1.4672132,1.4589694,1,1,2025-11-07 08:40:23.194381
1238,1.4544413,4.626898,2,2,2025-11-07 08:40:23.194381
1239,2.4501777,3.7256975,3,3,2025-11-07 08:40:23.194381
1240,2.5243566,3.5503578,0,0,2025-11-07 08:40:23.198658
1241,4.5600696,3.6615112,1,1,2025-11-07 08:40:23.198658
1242,3.6164641,2.556066,2,2,2025-11-07 08:40:23.199776
1243,2.7368884,2.6236434,3,3,2025-11-07 08:40:23.199776
1244,4.6703258,2.6466422,0,0,2025-11-07 08:40:23.199776
1245,1.5773098,2.6485267,1,1,2025-11-07 08:40:23.200692
1246,3.5741565,2.6031096,2,2,2025-11-07 08:40:23.200692
1247,3.5516338,2.79628,0,3,2025-11-07 08:40:23.200692
1248,2.5406022,1.7372876,3,0,2025-11-07 08:40:23.200692
1249,4.563175,2.5827887,2,1,2025-11-07 08:40:23.200692
1250,3.4412625,2.3368015,1,2,2025-11-07 08:40:23.201691
1251,3.5248985,1.379972,0,3,2025-11-07 08:40:23.201691
1252,3.6957743,3.5512638,3,0,2025-11-07 08:40:23.201691
1253,4.6678348,3.4507647,2,1,2025-11-07 08:40:23.202706
1254,3.480665,3.6339488,1,2,2025-11-07 08:40:23.202706
1255,1.5653682,1.7280229,3,3,2025-11-07 08:40:23.202706
1256,1.5448133,1.6436985,0,0,2025-11-07 08:40:23.202706
1257,3.6146476,4.4321404,2,1,2025-11-07 08:40:23.203705
1258,1.5876849,2.328169,3,2,2025-11-07 08:40:23.203705
1259,3.762786,1.4907501,1,3,2025-11-07 08:40:23.203705
1260,1.5409757,4.551024,0,0,2025-11-07 08:40:23.203705
1261,4.5280504,3.6121645,2,1,2025-11-07 08:40:23.203705
1262,4.397532,2.5486398,3,2,2025-11-07 08:40:23.204702
1263,1.458789,2.440487,1,3,2025-11-07 08:40:23.204702
1264,2.3276258,1.4186301,2,0,2025-11-07 08:40:23.204702
1265,2.4840195,1.5280894,0,1,2025-11-07 08:40:23.204702
1266,2.5635657,4.5055084,3,2,2025-11-07 08:40:23.205706
1267,3.5340137,3.496295,1,3,2025-11-07 08:40:23.205706
1268,3.513029,4.5961266,2,0,2025-11-07 08:40:23.205706
1269,3.5175183,2.5723398,0,1,2025-11-07 08:40:23.205706
1270,3.551296,1.4797277,3,2,2025-11-07 08:40:23.206702
1271,4.6289873,2.4518285,1,3,2025-11-07 08:40:23.206702
1272,4.6818786,1.5279812,2,0,2025-11-07 08:40:23.206702
1273,4.495519,2.7146637,0,1,2025-11-07 08:40:23.206702
1274,4.5732217,4.501108,3,2,2025-11-07 08:40:23.206702
1275,4.5779915,2.4001906,1,3,2025-11-07 08:40:23.206702
1276,4.547133,2.3545938,2,0,2025-11-07 08:40:23.207701
1277,3.5723348,1.6468483,0,1,2025-11-07 08:40:23.207701
1278,3.5604134,2.663718,1,2,2025-11-07 08:40:23.207701
1279,4.7094593,3.4160275,3,3,2025-11-07 08:40:23.207701
1280,4.7221823,3.5056467,2,0,2025-11-07 08:40:23.208708
1281,1.6230536,2.4966252,0,1,2025-11-07 08:40:23.208708
1282,1.5124241,1.6211922,3,2,2025-11-07 08:40:23.208708
1283,2.5940008,3.6174874,1,3,2025-11-07 08:40:23.208708
1284,3.552436,1.6010381,2,0,2025-11-07 08:40:23.209706
1285,1.6885003,2.5312092,0,1,2025-11-07 08:40:23.209706
1286,2.5860493,3.5638518,3,2,2025-11-07 08:40:23.210223
1287,2.556547,3.4812016,1,3,2025-11-07 08:40:23.210223
1288,3.618186,2.629943,2,0,2025-11-07 08:40:23.211238
1289,3.4700778,4.524818,0,1,2025-11-07 08:40:23.212254
1290,1.4872358,1.442325,3,2,2025-11-07 08:40:23.212254
1291,3.3542418,2.5020936,1,3,2025-11-07 08:40:23.212254
1292,1.4656465,4.481216,2,0,2025-11-07 08:40:23.213257
1293,2.5801198,4.5294204,0,1,2025-11-07 08:40:23.213257
1294,4.6418667,1.4828095,3,2,2025-11-07 08:40:23.213257
1295,4.6581087,4.5883255,2,3,2025-11-07 08:40:23.213257
1296,4.4890976,3.4238632,1,0,2025-11-07 08:40:23.213257
1297,4.564555,4.4153104,3,1,2025-11-07 08:40:23.214252
1298,2.5746396,4.409203,0,2,2025-11-07 08:40:23.214252
1299,2.4697053,3.4908676,2,3,2025-11-07 08:40:23.214252
1300,4.445034,2.4491255,3,0,2025-11-07 08:40:23.216254
1301,2.2785213,3.621798,0,1,2025-11-07 08:40:23.216254
1302,1.4558562,1.7026275,1,2,2025-11-07 08:40:23.216254
1303,1.589695,1.6420004,2,3,2025-11-07 08:40:23.216254
1304,2.4612637,4.616572,3,0,2025-11-07 08:40:23.217253
1305,3.4632213,4.4874763,0,1,2025-11-07 08:40:23.217253
1306,3.4002151,2.483243,2,2,2025-11-07 08:40:23.217253
1307,4.4195642,2.4741375,1,3,2025-11-07 08:40:23.217253
1308,2.5719454,3.5849783,3,0,2025-11-07 08:40:23.218252
1309,1.4865179,1.636032,0,1,2025-11-07 08:40:23.218252
1310,1.5727036,4.570688,2,2,2025-11-07 08:40:23.218252
1311,1.5222558,2.466411,3,3,2025-11-07 08:40:23.218252
1312,3.4888418,4.512178,1,0,2025-11-07 08:40:23.218252
1313,3.3416355,3.4313226,0,1,2025-11-07 08:40:23.218252
1314,4.3219004,2.5334194,3,2,2025-11-07 08:40:23.219765
1315,2.4773622,1.6415591,2,3,2025-11-07 08:40:23.219765
1316,4.603569,3.5668378,1,0,2025-11-07 08:40:23.219765
1317,1.5095842,3.5705411,0,1,2025-11-07 08:40:23.219765
1318,1.4318248,3.574001,3,2,2025-11-07 08:40:23.220774
1319,4.39727,1.4310944,1,3,2025-11-07 08:40:23.220774
1320,4.412639,2.4930744,2,0,2025-11-07 08:40:23.220774
1321,1.3669233,4.518317,0,1,2025-11-07 08:40:23.221780
1322,4.533188,3.5990782,3,2,2025-11-07 08:40:23.222797
1323,3.3741703,3.61822,2,3,2025-11-07 08:40:23.222797
1324,1.4150343,1.5395736,1,0,2025-11-07 08:40:23.222797
1325,3.3703132,1.520292,0,1,2025-11-07 08:40:23.222797
1326,1.36555,2.396353,3,2,2025-11-07 08:40:23.223801
1327,2.5431447,3.3313174,2,3,2025-11-07 08:40:23.223801
1328,1.6425316,1.4084945,1,0,2025-11-07 08:40:23.223801
1329,1.5538746,2.4890528,0,1,2025-11-07 08:40:23.224805
1330,1.4821976,2.6854725,2,2,2025-11-07 08:40:23.224805
1331,3.5641837,2.706256,3,3,2025-11-07 08:40:23.224805
1332,1.5878049,3.5946019,0,0,2025-11-07 08:40:23.224805
1333,3.5152187,4.499009,1,1,2025-11-07 08:40:23.224805
1334,1.5097439,4.439784,2,2,2025-11-07 08:40:23.225800
1335,4.4466786,1.4638745,3,3,2025-11-07 08:40:23.225800
1336,2.3317642,1.6387981,0,0,2025-11-07 08:40:23.225800
1337,2.3939762,3.5661848,1,1,2025-11-07 08:40:23.226797
1338,4.4569244,4.5048156,2,2,2025-11-07 08:40:23.226797
1339,2.4895673,3.3568647,3,3,2025-11-07 08:40:23.226797
1340,4.453766,2.47748,0,0,2025-11-07 08:40:23.226797
1341,1.5200182,3.5726202,1,1,2025-11-07 08:40:23.227811
1342,2.6255953,2.548349,2,2,2025-11-07 08:40:23.227811
1343,2.6363761,3.2692065,3,3,2025-11-07 08:40:23.227811
1344,3.613003,1.4328643,1,0,2025-11-07 08:40:23.227811
1345,3.5417616,4.411349,0,1,2025-11-07 08:40:23.228811
1346,3.5226436,4.377406,2,2,2025-11-07 08:40:23.228811
1347,3.5497425,4.5799932,1,3,2025-11-07 08:40:23.228811
1348,1.4428986,3.5017724,3,0,2025-11-07 08:40:23.229798
1349,2.4638226,2.5949733,0,1,2025-11-07 08:40:23.229798
1350,4.577205,4.559157,2,2,2025-11-07 08:40:23.230312
1351,1.5898473,3.6537962,1,3,2025-11-07 08:40:23.230312
1352,2.632812,3.6380582,3,0,2025-11-07 08:40:23.230312
1353,2.5727806,4.680914,2,1,2025-11-07 08:40:23.230312
1354,3.5042682,4.5504537,0,2,2025-11-07 08:40:23.231324
1355,4.528418,1.4727192,1,3,2025-11-07 08:40:23.231324
1356,3.4830375,3.5863383,3,0,2025-11-07 08:40:23.231324
1357,1.5777217,2.50016,0,1,2025-11-07 08:40:23.231324
1358,4.5196342,4.387319,2,2,2025-11-07 08:40:23.232334
1359,3.6014893,1.5170954,1,3,2025-11-07 08:40:23.232334
1360,3.585491,2.541179,3,0,2025-11-07 08:40:23.232334
1361,1.5600384,3.5864706,2,1,2025-11-07 08:40:23.232334
1362,1.5667573,3.4897172,0,2,2025-11-07 08:40:23.232334
1363,4.5146875,3.5651155,1,3,2025-11-07 08:40:23.232334
1364,1.5988216,4.400185,2,0,2025-11-07 08:40:23.232334
1365,1.5713272,2.4156175,3,1,2025-11-07 08:40:23.232334
1366,4.566762,1.4394104,0,2,2025-11-07 08:40:23.232334
1367,4.418985,3.5460405,2,3,2025-11-07 08:40:23.232334
1368,2.3564458,4.5441885,1,0,2025-11-07 08:40:23.232334
1369,4.499499,2.6369755,3,1,2025-11-07 08:40:23.232334
1370,1.4900299,1.4853958,0,2,2025-11-07 08:40:23.232334
1371,1.5763412,4.458591,2,3,2025-11-07 08:40:23.232334
1372,3.6345825,3.39612,1,0,2025-11-07 08:40:23.232334
1373,3.4695454,4.5754504,3,1,2025-11-07 08:40:23.232334
1374,1.3777177,1.4380579,2,2,2025-11-07 08:40:23.232334
1375,4.406578,1.4899163,0,3,2025-11-07 08:40:23.232334
1376,2.3296466,3.515085,1,0,2025-11-07 08:40:23.232334
1377,2.5831501,4.449797,3,1,2025-11-07 08:40:23.232334
1378,3.5551531,4.522212,0,2,2025-11-07 08:40:23.232334
1379,1.5554173,3.6460896,2,3,2025-11-07 08:40:23.232334
1380,2.3745482,3.733281,3,0,2025-11-07 08:40:23.232334
1381,2.3795896,4.679466,1,1,2025-11-07 08:40:23.232334
1382,2.5191193,4.5025873,0,2,2025-11-07 08:40:23.232334
1383,2.5461,3.390599,2,3,2025-11-07 08:40:23.232334
1384,1.5221337,4.5495033,3,0,2025-11-07 08:40:23.232334
1385,2.6145666,4.6139784,0,1,2025-11-07 08:40:23.232334
1386,3.543521,1.6609869,1,2,2025-11-07 08:40:23.232334
1387,4.521379,3.7304876,2,3,2025-11-07 08:40:23.232334
1388,3.429808,4.7347913,3,0,2025-11-07 08:40:23.232334
1389,4.4476523,3.6098812,0,1,2025-11-07 08:40:23.239993
1390,1.3987296,3.6658108,1,2,2025-11-07 08:40:23.239993
1391,3.382243,1.6016283,2,3,2025-11-07 08:40:23.239993
1392,2.5302136,4.6717486,3,0,2025-11-07 08:40:23.239993
1393,1.583602,4.5690804,0,1,2025-11-07 08:40:23.239993
1394,3.5682898,1.554702,1,2,2025-11-07 08:40:23.239993
1395,1.5361712,2.5836563,2,3,2025-11-07 08:40:23.239993
1396,3.5807486,1.580822,3,0,2025-11-07 08:40:23.239993
1397,3.421742,4.345333,0,1,2025-11-07 08:40:23.239993
1398,3.4053912,2.533962,1,2,2025-11-07 08:40:23.242513
1399,3.4412994,2.3727658,2,3,2025-11-07 08:40:23.242513
1400,1.5531462,3.5105765,3,0,2025-11-07 08:40:23.242513
1401,2.5910237,2.418975,0,1,2025-11-07 08:40:23.242513
1402,4.4432077,1.6030848,2,2,2025-11-07 08:40:23.242513
1403,3.4712045,4.657983,3,3,2025-11-07 08:40:23.242513
1404,2.5047748,1.5562445,1,0,2025-11-07 08:40:23.242513
1405,1.5795062,4.601216,0,1,2025-11-07 08:40:23.242513
1406,3.591019,2.5837324,2,2,2025-11-07 08:40:23.242513
1407,1.6637225,4.6413717,3,3,2025-11-07 08:40:23.242513
1408,4.6926,3.6399636,1,0,2025-11-07 08:40:23.242513
1409,4.6086946,3.4333625,2,1,2025-11-07 08:40:23.242513
1410,2.5746849,4.3889017,3,2,2025-11-07 08:40:23.242513
1411,4.5922008,1.626117,0,3,2025-11-07 08:40:23.242513
1412,1.5212306,4.6473713,1,0,2025-11-07 08:40:23.242513
1413,4.486554,4.671422,2,1,2025-11-07 08:40:23.242513
1414,1.6690146,3.4368718,3,2,2025-11-07 08:40:23.242513
1415,1.5437925,4.520855,1,3,2025-11-07 08:40:23.242513
1416,3.3947215,2.3932922,0,0,2025-11-07 08:40:23.242513
1417,3.5262718,3.3834233,2,1,2025-11-07 08:40:23.242513
1418,3.4852834,2.525851,1,2,2025-11-07 08:40:23.242513
1419,2.449139,1.5776379,3,3,2025-11-07 08:40:23.242513
1420,3.4768243,1.4762648,2,0,2025-11-07 08:40:23.242513
1421,1.5930307,4.436041,0,1,2025-11-07 08:40:23.242513
1422,1.4908023,2.2766285,1,2,2025-11-07 08:40:23.242513
1423,1.4963005,4.3601494,3,3,2025-11-07 08:40:23.242513
1424,4.524874,4.4291973,2,0,2025-11-07 08:40:23.242513
1425,1.4686298,2.5809946,0,1,2025-11-07 08:40:23.242513
1426,4.491797,4.506294,1,2,2025-11-07 08:40:23.242513
1427,3.4452393,4.368763,3,3,2025-11-07 08:40:23.242513
1428,3.428228,2.4065292,0,0,2025-11-07 08:40:23.242513
1429,4.4636607,3.4657936,2,1,2025-11-07 08:40:23.242513
1430,4.4494524,4.5445404,1,2,2025-11-07 08:40:23.242513
1431,2.50341,2.487244,3,3,2025-11-07 08:40:23.242513
1432,2.4594235,4.6629934,0,0,2025-11-07 08:40:23.250111
1433,2.370812,4.758411,2,1,2025-11-07 08:40:23.250111
1434,1.4246016,2.6440196,1,2,2025-11-07 08:40:23.250111
1435,3.4566696,4.5121126,3,3,2025-11-07 08:40:23.250111
1436,3.455185,4.54751,0,0,2025-11-07 08:40:23.250111
1437,4.4896355,4.5142756,2,1,2025-11-07 08:40:23.250111
1438,4.658537,2.581839,1,2,2025-11-07 08:40:23.250111
1439,4.668333,1.4602658,3,3,2025-11-07 08:40:23.250111
1440,1.5686003,3.5724924,0,0,2025-11-07 08:40:23.252640
1441,3.4299088,2.4665089,2,1,2025-11-07 08:40:23.252640
1442,2.4438813,2.630009,1,2,2025-11-07 08:40:23.252640
1443,1.4940532,1.5662023,3,3,2025-11-07 08:40:23.252640
1444,3.6499906,1.5294545,0,0,2025-11-07 08:40:23.252640
1445,3.6459475,4.5407724,2,1,2025-11-07 08:40:23.252640
1446,1.5629239,4.6323953,1,2,2025-11-07 08:40:23.252640
1447,2.5771623,2.5716448,0,3,2025-11-07 08:40:23.252640
1448,2.4897423,4.542371,3,0,2025-11-07 08:40:23.252640
1449,3.3054214,3.565906,2,1,2025-11-07 08:40:23.252640
1450,2.331302,2.5977032,1,2,2025-11-07 08:40:23.252640
1451,1.4591424,4.6346817,0,3,2025-11-07 08:40:23.252640
1452,2.5399084,4.540306,3,0,2025-11-07 08:40:23.252640
1453,4.486822,1.7217561,2,1,2025-11-07 08:40:23.252640
1454,2.3917313,3.6832864,1,2,2025-11-07 08:40:23.252640
1455,2.3514419,3.6010275,0,3,2025-11-07 08:40:23.252640
1456,3.4474869,1.56125,3,0,2025-11-07 08:40:23.252640
1457,2.5726063,2.4105823,1,1,2025-11-07 08:40:23.252640
1458,1.6620071,1.5005461,2,2,2025-11-07 08:40:23.252640
1459,3.5780358,1.5282221,0,3,2025-11-07 08:40:23.252640
1460,4.4827533,4.6139154,3,0,2025-11-07 08:40:23.252640
1461,4.418646,2.648232,2,1,2025-11-07 08:40:23.252640
1462,1.4054674,2.5870152,1,2,2025-11-07 08:40:23.252640
1463,2.4670396,2.6041627,0,3,2025-11-07 08:40:23.259741
1464,3.5880237,2.4944968,2,0,2025-11-07 08:40:23.259741
1465,1.5287868,3.6097622,3,1,2025-11-07 08:40:23.259741
1466,3.4987092,4.4766955,1,2,2025-11-07 08:40:23.259741
1467,4.405128,3.454304,0,3,2025-11-07 08:40:23.259741
1468,3.4747877,3.5319207,2,0,2025-11-07 08:40:23.261448
1469,4.6620297,2.4078648,3,1,2025-11-07 08:40:23.261448
1470,1.7530482,3.3786461,1,2,2025-11-07 08:40:23.261448
1471,1.5510101,2.3717022,2,3,2025-11-07 08:40:23.261448
1472,3.51526,4.435706,0,0,2025-11-07 08:40:23.262474
1473,2.3341098,1.4732866,3,1,2025-11-07 08:40:23.262474
1474,1.2333469,4.7221117,2,2,2025-11-07 08:40:23.262474
1475,2.369311,4.614611,1,3,2025-11-07 08:40:23.262474
1476,3.5887136,3.6637714,0,0,2025-11-07 08:40:23.263477
1477,1.4558828,2.631096,3,1,2025-11-07 08:40:23.263477
1478,2.4911716,2.4637442,2,2,2025-11-07 08:40:23.263477
1479,1.5846536,4.5202694,0,3,2025-11-07 08:40:23.263477
1480,4.6144714,2.5786169,1,0,2025-11-07 08:40:23.263477
1481,2.4900434,1.575937,3,1,2025-11-07 08:40:23.264465
1482,3.569776,4.6456504,2,2,2025-11-07 08:40:23.264465
1483,1.5469078,3.5324771,1,3,2025-11-07 08:40:23.264465
1484,3.4980087,1.4988291,3,0,2025-11-07 08:40:23.264465
1485,3.5769467,3.5652862,0,1,2025-11-07 08:40:23.265464
1486,2.6325583,1.4979651,1,2,2025-11-07 08:40:23.265464
1487,3.5126848,4.4731483,2,3,2025-11-07 08:40:23.265464
1488,2.48965,3.5492394,3,0,2025-11-07 08:40:23.265464
1489,4.4354258,1.5036353,1,1,2025-11-07 08:40:23.266475
1490,4.5408554,1.3749511,0,2,2025-11-07 08:40:23.266475
1491,2.6793237,1.3730865,2,3,2025-11-07 08:40:23.266475
1492,3.6706142,4.454763,3,0,2025-11-07 08:40:23.266475
1493,2.7031405,3.5861053,1,1,2025-11-07 08:40:23.267474
1494,2.579504,3.5266092,2,2,2025-11-07 08:40:23.267474
1495,2.547787,1.4937997,3,3,2025-11-07 08:40:23.267474
1496,2.4084907,3.523218,0,0,2025-11-07 08:40:23.267474
1497,4.3987064,3.6250403,2,1,2025-11-07 08:40:23.268466
1498,2.5806494,2.601955,1,2,2025-11-07 08:40:23.268466
1499,2.6424937,1.6681502,3,3,2025-11-07 08:40:23.268466
1500,3.5540926,1.514252,0,0,2025-11-07 08:40:23.270992
1501,3.4529274,1.4569149,1,1,2025-11-07 08:40:23.270992
1502,2.5513883,2.55609,2,2,2025-11-07 08:40:23.272016
1503,3.5162969,3.5140855,3,3,2025-11-07 08:40:23.272016
1504,4.625164,1.4165324,0,0,2025-11-07 08:40:23.272016
1505,3.6358137,4.543358,1,1,2025-11-07 08:40:23.272016
1506,4.6112857,2.3861535,2,2,2025-11-07 08:40:23.273012
1507,1.6161611,1.432763,3,3,2025-11-07 08:40:23.273012
1508,4.562744,4.5635605,1,0,2025-11-07 08:40:23.273012
1509,1.5960374,4.5914974,0,1,2025-11-07 08:40:23.273012
1510,2.52808,4.4103436,2,2,2025-11-07 08:40:23.274005
1511,4.6885986,2.6366227,3,3,2025-11-07 08:40:23.274005
1512,3.5088077,4.620887,0,0,2025-11-07 08:40:23.274005
1513,2.3973145,1.4982227,1,1,2025-11-07 08:40:23.274005
1514,4.486181,2.329046,2,2,2025-11-07 08:40:23.274005
1515,4.4838066,3.6268973,3,3,2025-11-07 08:40:23.275002
1516,1.4958174,3.6266215,0,0,2025-11-07 08:40:23.276004
1517,3.5784833,4.5891366,2,1,2025-11-07 08:40:23.276004
1518,3.4351048,2.609149,3,2,2025-11-07 08:40:23.276004
1519,4.3844414,1.5268521,1,3,2025-11-07 08:40:23.276004
1520,3.5440693,3.6269398,0,0,2025-11-07 08:40:23.277009
1521,3.5216537,2.5449703,2,1,2025-11-07 08:40:23.277009
1522,3.4771676,2.494904,3,2,2025-11-07 08:40:23.277009
1523,2.5341103,3.4942832,1,3,2025-11-07 08:40:23.278010
1524,4.481606,2.6401837,0,0,2025-11-07 08:40:23.280015
1525,4.3972726,2.6352944,2,1,2025-11-07 08:40:23.280532
1526,3.504743,1.5676556,3,2,2025-11-07 08:40:23.284065
1527,3.6677523,3.510759,1,3,2025-11-07 08:40:23.285068
1528,3.6161423,3.3689966,0,0,2025-11-07 08:40:23.285068
1529,1.5413032,2.298222,2,1,2025-11-07 08:40:23.286063
1530,4.540969,3.5976408,3,2,2025-11-07 08:40:23.286063
1531,3.6167996,4.5994234,1,3,2025-11-07 08:40:23.287080
1532,1.7332144,3.5781684,0,0,2025-11-07 08:40:23.287080
1533,2.5673742,2.5463755,3,1,2025-11-07 08:40:23.287080
1534,3.7052908,3.4773479,1,2,2025-11-07 08:40:23.288060
1535,1.5713744,2.469208,2,3,2025-11-07 08:40:23.288060
1536,3.6570878,1.6549983,0,0,2025-11-07 08:40:23.288060
1537,3.621879,4.59351,3,1,2025-11-07 08:40:23.288060
1538,4.5491424,3.5376015,1,2,2025-11-07 08:40:23.288060
1539,1.4531953,2.5369833,2,3,2025-11-07 08:40:23.289058
1540,1.4583625,4.4904733,0,0,2025-11-07 08:40:23.289058
1541,1.6372781,1.3924861,3,1,2025-11-07 08:40:23.289058
1542,4.656296,1.5013137,1,2,2025-11-07 08:40:23.289058
1543,2.583262,1.3159144,0,3,2025-11-07 08:40:23.289058
1544,1.6418701,1.395571,3,0,2025-11-07 08:40:23.290061
1545,4.7330523,3.4109578,2,1,2025-11-07 08:40:23.291650
1546,2.6623292,3.5259628,1,2,2025-11-07 08:40:23.291650
1547,4.55052,1.4294426,0,3,2025-11-07 08:40:23.291650
1548,3.4166088,2.5504365,3,0,2025-11-07 08:40:23.292685
1549,1.5257925,3.5396986,2,1,2025-11-07 08:40:23.292685
1550,3.6229894,4.452382,1,2,2025-11-07 08:40:23.292685
1551,3.5732229,1.4044497,0,3,2025-11-07 08:40:23.292685
1552,4.401151,2.504622,3,0,2025-11-07 08:40:23.293679
1553,4.372139,2.5241842,2,1,2025-11-07 08:40:23.293679
1554,2.4229722,2.5787284,1,2,2025-11-07 08:40:23.293679
1555,3.4625087,1.631442,3,3,2025-11-07 08:40:23.294689
1556,2.6814175,3.6027071,0,0,2025-11-07 08:40:23.294689
1557,2.7098455,1.4697603,2,1,2025-11-07 08:40:23.294689
1558,3.4979064,3.4120038,1,2,2025-11-07 08:40:23.295688
1559,4.404652,1.4813578,3,3,2025-11-07 08:40:23.295688
1560,2.3692322,3.3212004,2,0,2025-11-07 08:40:23.295688
1561,2.432425,4.287017,0,1,2025-11-07 08:40:23.295688
1562,2.5179763,2.3314283,1,2,2025-11-07 08:40:23.296674
1563,1.5775311,1.443434,2,3,2025-11-07 08:40:23.296674
1564,3.7261531,1.4949136,3,0,2025-11-07 08:40:23.296674
1565,2.5748982,4.497322,0,1,2025-11-07 08:40:23.296674
1566,4.603628,1.3505864,1,2,2025-11-07 08:40:23.297678
1567,3.567873,1.3406174,3,3,2025-11-07 08:40:23.297678
1568,3.6314213,2.3163483,2,0,2025-11-07 08:40:23.298671
1569,3.5660808,3.5034523,0,1,2025-11-07 08:40:23.298671
1570,2.6029642,3.6693902,1,2,2025-11-07 08:40:23.298671
1571,3.468227,3.5925324,3,3,2025-11-07 08:40:23.299688
1572,2.416997,2.637319,0,0,2025-11-07 08:40:23.300209
1573,1.4916672,1.4915247,2,1,2025-11-07 08:40:23.308285
1574,1.6822227,2.4444044,1,2,2025-11-07 08:40:23.311830
1575,4.6304193,2.240942,0,3,2025-11-07 08:40:23.311830
1576,2.6068382,3.407239,2,0,2025-11-07 08:40:23.312860
1577,4.608646,3.4863827,3,1,2025-11-07 08:40:23.312860
1578,4.6475945,3.579216,1,2,2025-11-07 08:40:23.313843
1579,3.6240764,2.525427,2,3,2025-11-07 08:40:23.313843
1580,4.582275,2.4864295,0,0,2025-11-07 08:40:23.313843
1581,3.5361595,1.595385,3,1,2025-11-07 08:40:23.316937
1582,2.549749,3.5612547,1,2,2025-11-07 08:40:23.316937
1583,1.4402845,4.5791645,0,3,2025-11-07 08:40:23.317850
1584,4.6022773,2.4210925,2,0,2025-11-07 08:40:23.318857
1585,4.425493,1.5673785,3,1,2025-11-07 08:40:23.318857
1586,3.2951589,1.409493,1,2,2025-11-07 08:40:23.319844
1587,3.3929703,3.5637758,0,3,2025-11-07 08:40:23.319844
1588,2.3612661,1.6718347,2,0,2025-11-07 08:40:23.320365
1589,3.6092296,3.6956027,3,1,2025-11-07 08:40:23.320365
1590,4.5392942,2.4504745,0,2,2025-11-07 08:40:23.320862
1591,2.6482227,1.6107936,1,3,2025-11-07 08:40:23.320862
1592,3.6647422,4.634488,2,0,2025-11-07 08:40:23.320862
1593,1.6620138,3.5250137,3,1,2025-11-07 08:40:23.320862
1594,2.6523626,3.4347696,0,2,2025-11-07 08:40:23.320862
1595,3.6725461,3.555916,1,3,2025-11-07 08:40:23.320862
1596,1.6889911,2.5377178,3,0,2025-11-07 08:40:23.320862
1597,4.5069513,2.5168045,0,1,2025-11-07 08:40:23.320862
1598,4.567037,3.6804175,2,2,2025-11-07 08:40:23.320862
1599,2.5357704,2.5967693,1,3,2025-11-07 08:40:23.320862
1600,3.5167902,1.5050641,0,0,2025-11-07 08:40:23.320862
1601,3.5167642,4.5289593,3,1,2025-11-07 08:40:23.324881
1602,3.6628547,3.3568869,2,2,2025-11-07 08:40:23.324881
1603,4.7326665,4.358949,1,3,2025-11-07 08:40:23.324881
1604,3.760996,2.4331505,0,0,2025-11-07 08:40:23.324881
1605,4.5664964,3.4673097,2,1,2025-11-07 08:40:23.324881
1606,4.4807296,3.5131862,1,2,2025-11-07 08:40:23.324881
1607,2.533845,4.475215,3,3,2025-11-07 08:40:23.324881
1608,4.7097793,1.4582247,0,0,2025-11-07 08:40:23.324881
1609,4.598844,2.5593812,2,1,2025-11-07 08:40:23.324881
1610,4.501461,3.4951859,1,2,2025-11-07 08:40:23.324881
1611,3.6255708,3.4153051,3,3,2025-11-07 08:40:23.324881
1612,1.58514,4.3599377,0,0,2025-11-07 08:40:23.324881
1613,3.3844247,3.4194684,2,1,2025-11-07 08:40:23.324881
1614,1.3722792,2.5704474,3,2,2025-11-07 08:40:23.324881
1615,4.600627,4.4954257,1,3,2025-11-07 08:40:23.324881
1616,1.7040327,2.3643672,0,0,2025-11-07 08:40:23.324881
1617,3.5741959,1.3525233,2,1,2025-11-07 08:40:23.324881
1618,2.5786521,3.2848878,3,2,2025-11-07 08:40:23.324881
1619,1.5088391,4.3982506,1,3,2025-11-07 08:40:23.324881
1620,4.441998,4.3662343,0,0,2025-11-07 08:40:23.329897
1621,1.3449118,1.5031793,3,1,2025-11-07 08:40:23.329897
1622,3.3767128,1.5197934,2,2,2025-11-07 08:40:23.329897
1623,4.513121,1.4608305,1,3,2025-11-07 08:40:23.329897
1624,2.5409298,3.4707103,0,0,2025-11-07 08:40:23.329897
1625,3.4993873,2.4804485,3,1,2025-11-07 08:40:23.331732
1626,3.4928045,3.4836533,2,2,2025-11-07 08:40:23.331732
1627,3.451795,2.5383394,1,3,2025-11-07 08:40:23.332821
1628,3.4539714,4.538768,0,0,2025-11-07 08:40:23.333834
1629,1.5969288,3.5191736,3,1,2025-11-07 08:40:23.333834
1630,4.742211,3.6179867,2,2,2025-11-07 08:40:23.333834
1631,4.6814613,1.543623,1,3,2025-11-07 08:40:23.333834
1632,3.660178,3.489602,0,0,2025-11-07 08:40:23.334837
1633,1.6458538,1.5766318,2,1,2025-11-07 08:40:23.334837
1634,2.5936325,2.581534,3,2,2025-11-07 08:40:23.334837
1635,1.4572654,4.4359097,1,3,2025-11-07 08:40:23.334837
1636,3.4673758,3.487311,0,0,2025-11-07 08:40:23.335837
1637,4.5243597,2.5027387,2,1,2025-11-07 08:40:23.335837
1638,2.4287758,3.4484742,1,2,2025-11-07 08:40:23.335837
1639,2.4788022,2.5943832,0,3,2025-11-07 08:40:23.335837
1640,4.5961566,3.4467926,3,0,2025-11-07 08:40:23.336832
1641,2.5298486,3.6774924,2,1,2025-11-07 08:40:23.336832
1642,1.5130634,1.4140105,1,2,2025-11-07 08:40:23.336832
1643,4.504338,4.354663,0,3,2025-11-07 08:40:23.336832
1644,3.5892167,4.451235,3,0,2025-11-07 08:40:23.336832
1645,2.6642485,4.4070683,2,1,2025-11-07 08:40:23.337832
1646,3.5611467,1.2518779,1,2,2025-11-07 08:40:23.337832
1647,1.5101564,3.3705761,3,3,2025-11-07 08:40:23.337832
1648,2.3347836,3.2468767,0,0,2025-11-07 08:40:23.337832
1649,3.4836104,2.350274,2,1,2025-11-07 08:40:23.337832
1650,1.5222961,1.4870331,1,2,2025-11-07 08:40:23.337832
1651,2.4551373,4.5991154,3,3,2025-11-07 08:40:23.338831
1652,2.468107,4.6659856,0,0,2025-11-07 08:40:23.338831
1653,4.478872,3.660392,2,1,2025-11-07 08:40:23.338831
1654,1.3676246,1.6662297,3,2,2025-11-07 08:40:23.338831
1655,3.4023652,2.5637028,1,3,2025-11-07 08:40:23.338831
1656,1.4795204,4.639114,2,0,2025-11-07 08:40:23.338831
1657,4.4675097,2.5750852,0,1,2025-11-07 08:40:23.339831
1658,4.4164815,3.5197427,3,2,2025-11-07 08:40:23.339831
1659,3.4545047,1.3833027,1,3,2025-11-07 08:40:23.339831
1660,3.594192,3.4661663,0,0,2025-11-07 08:40:23.340341
1661,3.4826343,4.62815,2,1,2025-11-07 08:40:23.340341
1662,1.5451508,4.575141,3,2,2025-11-07 08:40:23.340341
1663,3.5667586,3.5353427,0,3,2025-11-07 08:40:23.340341
1664,3.6741362,1.3544536,1,0,2025-11-07 08:40:23.340341
1665,2.649434,2.4281769,3,1,2025-11-07 08:40:23.341361
1666,3.5305953,1.5518491,2,2,2025-11-07 08:40:23.341361
1667,4.5710692,2.6491094,1,3,2025-11-07 08:40:23.341361
1668,4.5084486,3.4899583,0,0,2025-11-07 08:40:23.341361
1669,4.4769278,1.5614574,3,1,2025-11-07 08:40:23.342380
1670,2.531619,1.489764,2,2,2025-11-07 08:40:23.342380
1671,2.5611794,1.5034798,1,3,2025-11-07 08:40:23.342380
1672,1.4769008,1.5708319,3,0,2025-11-07 08:40:23.342380
1673,2.5238192,4.534165,2,1,2025-11-07 08:40:23.342380
1674,2.6203783,4.4913173,0,2,2025-11-07 08:40:23.342380
1675,1.6059164,4.5051155,1,3,2025-11-07 08:40:23.343377
1676,2.5353315,3.5025327,2,0,2025-11-07 08:40:23.343377
1677,4.517452,2.5730364,0,1,2025-11-07 08:40:23.343377
1678,3.4563286,1.5352871,1,2,2025-11-07 08:40:23.343377
1679,1.4813645,2.749436,3,3,2025-11-07 08:40:23.343377
1680,3.410696,3.596168,2,0,2025-11-07 08:40:23.344374
1681,4.367952,1.5586869,0,1,2025-11-07 08:40:23.344374
1682,3.4115834,4.511964,1,2,2025-11-07 08:40:23.344374
1683,1.4171294,4.5690203,3,3,2025-11-07 08:40:23.344374
1684,3.482154,1.5735228,2,0,2025-11-07 08:40:23.345374
1685,3.4592812,3.5790656,0,1,2025-11-07 08:40:23.345374
1686,4.4910803,2.4925542,1,2,2025-11-07 08:40:23.345374
1687,1.5130554,4.3802214,3,3,2025-11-07 08:40:23.345374
1688,3.5360315,3.5473745,2,0,2025-11-07 08:40:23.346404
1689,2.5748708,1.3928523,1,1,2025-11-07 08:40:23.346404
1690,3.5907407,1.4648716,0,2,2025-11-07 08:40:23.346404
1691,4.4548535,2.4681451,3,3,2025-11-07 08:40:23.347385
1692,3.5088692,2.454752,2,0,2025-11-07 08:40:23.347385
1693,1.4311366,4.3062515,0,1,2025-11-07 08:40:23.347385
1694,4.526001,2.515129,3,2,2025-11-07 08:40:23.347385
1695,4.565299,3.4685411,1,3,2025-11-07 08:40:23.347385
1696,1.6334063,1.4662993,2,0,2025-11-07 08:40:23.348540
1697,3.5478888,1.4861856,0,1,2025-11-07 08:40:23.348540
1698,2.5479121,1.5355948,3,2,2025-11-07 08:40:23.348540
1699,4.4537954,1.5938188,2,3,2025-11-07 08:40:23.348540
1700,3.606105,1.4716382,1,0,2025-11-07 08:40:23.350059
1701,4.4851413,1.5724063,3,1,2025-11-07 08:40:23.350059
1702,1.5225421,1.4519479,0,2,2025-11-07 08:40:23.351075
1703,1.4805057,1.5249884,2,3,2025-11-07 08:40:23.351075
1704,1.3186711,2.307415,1,0,2025-11-07 08:40:23.352090
1705,2.3809066,2.3878407,3,1,2025-11-07 08:40:23.352090
1706,2.4836385,4.523946,0,2,2025-11-07 08:40:23.352090
1707,1.6695106,4.51296,2,3,2025-11-07 08:40:23.353091
1708,4.614008,1.7167041,1,0,2025-11-07 08:40:23.353091
1709,1.6406102,3.7038033,3,1,2025-11-07 08:40:23.353091
1710,2.6559575,2.5784335,2,2,2025-11-07 08:40:23.354094
1711,3.5967891,2.4391549,1,3,2025-11-07 08:40:23.354094
1712,1.5844806,1.3526096,0,0,2025-11-07 08:40:23.354094
1713,4.56979,2.4237556,3,1,2025-11-07 08:40:23.354094
1714,4.788557,4.5338297,2,2,2025-11-07 08:40:23.354094
1715,4.610881,1.5853665,0,3,2025-11-07 08:40:23.355087
1716,2.549679,1.6190714,1,0,2025-11-07 08:40:23.355087
1717,4.4308395,2.592388,2,1,2025-11-07 08:40:23.355087
1718,3.6094172,1.5215784,3,2,2025-11-07 08:40:23.355087
1719,4.5384755,3.508428,1,3,2025-11-07 08:40:23.355087
1720,3.5605354,4.4699426,0,0,2025-11-07 08:40:23.355087
1721,1.5402963,2.5178275,2,1,2025-11-07 08:40:23.356085
1722,3.5056067,4.59049,3,2,2025-11-07 08:40:23.356085
1723,1.5746355,1.5166057,1,3,2025-11-07 08:40:23.356085
1724,3.6031992,2.4039617,0,0,2025-11-07 08:40:23.356085
1725,3.488543,3.3848233,3,1,2025-11-07 08:40:23.356085
1726,4.5415115,1.6158962,2,2,2025-11-07 08:40:23.357086
1727,1.5708139,2.6340718,0,3,2025-11-07 08:40:23.357086
1728,2.6242282,3.3942456,1,0,2025-11-07 08:40:23.357086
1729,3.559925,2.3270733,0,1,2025-11-07 08:40:23.357086
1730,3.576953,3.456296,3,2,2025-11-07 08:40:23.357086
1731,3.5506935,1.6612757,2,3,2025-11-07 08:40:23.358084
1732,4.611233,3.59614,0,0,2025-11-07 08:40:23.358084
1733,2.7848449,2.460795,1,1,2025-11-07 08:40:23.358084
1734,4.6134677,2.6070817,3,2,2025-11-07 08:40:23.358084
1735,2.5324864,4.5972095,0,3,2025-11-07 08:40:23.358084
1736,1.4875557,4.630858,2,0,2025-11-07 08:40:23.358084
1737,4.5735683,1.6653599,3,1,2025-11-07 08:40:23.359084
1738,1.5762203,3.6256428,1,2,2025-11-07 08:40:23.359084
1739,2.5635054,1.4367498,2,3,2025-11-07 08:40:23.359084
1740,1.4567127,3.4186668,0,0,2025-11-07 08:40:23.359084
1741,3.4641004,2.5068781,3,1,2025-11-07 08:40:23.359084
1742,2.5053074,2.4521372,1,2,2025-11-07 08:40:23.359084
1743,2.5751057,4.5140924,2,3,2025-11-07 08:40:23.360085
1744,4.5550113,3.4591827,0,0,2025-11-07 08:40:23.360085
1745,2.4977658,2.559607,1,1,2025-11-07 08:40:23.360594
1746,3.3568778,2.5093958,3,2,2025-11-07 08:40:23.360594
1747,1.3831708,2.490591,2,3,2025-11-07 08:40:23.360594
1748,1.3147144,3.6518705,1,0,2025-11-07 08:40:23.361604
1749,1.4205871,3.4870162,0,1,2025-11-07 08:40:23.361604
1750,1.458319,4.583387,3,2,2025-11-07 08:40:23.361604
1751,4.4705367,3.506676,1,3,2025-11-07 08:40:23.361604
1752,3.6525536,1.5634185,2,0,2025-11-07 08:40:23.361604
1753,4.503708,1.5831344,0,1,2025-11-07 08:40:23.361604
1754,4.3463864,4.5141926,3,2,2025-11-07 08:40:23.362611
1755,2.3338294,4.4970026,1,3,2025-11-07 08:40:23.362611
1756,1.284075,1.3572091,2,0,2025-11-07 08:40:23.362611
1757,2.3765192,1.4670534,0,1,2025-11-07 08:40:23.362611
1758,4.4170065,2.504351,3,2,2025-11-07 08:40:23.362611
1759,1.579618,3.561478,1,3,2025-11-07 08:40:23.362611
1760,1.4835676,3.7443547,2,0,2025-11-07 08:40:23.365126
1761,3.4621518,4.692142,0,1,2025-11-07 08:40:23.365126
1762,3.5030863,3.608325,3,2,2025-11-07 08:40:23.365126
1763,3.4748526,2.7077947,1,3,2025-11-07 08:40:23.365126
1764,1.4633958,4.569596,2,0,2025-11-07 08:40:23.365126
1765,3.523679,3.480157,0,1,2025-11-07 08:40:23.365126
1766,1.481103,4.3985915,3,2,2025-11-07 08:40:23.365126
1767,4.4946065,4.47435,1,3,2025-11-07 08:40:23.365126
1768,2.6189442,2.421018,2,0,2025-11-07 08:40:23.365126
1769,1.5908867,4.489379,0,1,2025-11-07 08:40:23.365126
1770,4.6615214,2.5554495,3,2,2025-11-07 08:40:23.365126
1771,4.523736,1.4580555,1,3,2025-11-07 08:40:23.365126
1772,4.5064006,1.555244,0,0,2025-11-07 08:40:23.365126
1773,3.4611557,3.4476597,2,1,2025-11-07 08:40:23.365126
1774,2.4515996,2.6280787,3,2,2025-11-07 08:40:23.365126
1775,4.4524155,4.460492,1,3,2025-11-07 08:40:23.365126
1776,3.504147,2.6355221,0,0,2025-11-07 08:40:23.365126
1777,2.7129145,4.537862,2,1,2025-11-07 08:40:23.365126
1778,2.7187426,3.5443017,3,2,2025-11-07 08:40:23.365126
1779,2.7193754,1.4634136,1,3,2025-11-07 08:40:23.365126
1780,4.7489696,1.7062975,2,0,2025-11-07 08:40:23.365126
1781,4.579697,1.473296,0,1,2025-11-07 08:40:23.365126
1782,1.5906999,2.4689445,3,2,2025-11-07 08:40:23.369643
1783,2.3656244,4.5548425,2,3,2025-11-07 08:40:23.369643
1784,1.3612036,2.4634717,1,0,2025-11-07 08:40:23.369643
1785,2.4974806,3.512691,0,1,2025-11-07 08:40:23.369643
1786,2.6228397,3.5106704,3,2,2025-11-07 08:40:23.369643
1787,4.695252,2.5083191,2,3,2025-11-07 08:40:23.369643
1788,3.6535585,3.6155076,1,0,2025-11-07 08:40:23.369643
1789,4.660249,3.5927846,3,1,2025-11-07 08:40:23.369643
1790,2.5441203,1.4832098,0,2,2025-11-07 08:40:23.369643
1791,3.5379357,4.506745,2,3,2025-11-07 08:40:23.369643
1792,4.400601,3.4878414,1,0,2025-11-07 08:40:23.369643
1793,3.27401,4.4324064,3,1,2025-11-07 08:40:23.369643
1794,2.4762685,1.402488,0,2,2025-11-07 08:40:23.369643
1795,3.58773,1.4901273,2,3,2025-11-07 08:40:23.369643
1796,4.4106545,4.562335,1,0,2025-11-07 08:40:23.369643
1797,4.5923243,1.6367501,3,1,2025-11-07 08:40:23.369643
1798,1.5354658,4.7356405,0,2,2025-11-07 08:40:23.369643
1799,3.6010587,1.6628653,2,3,2025-11-07 08:40:23.369643
1800,2.6679158,2.534658,1,0,2025-11-07 08:40:23.369643
1801,4.581437,3.5058308,3,1,2025-11-07 08:40:23.369643
1802,2.4383006,4.683663,0,2,2025-11-07 08:40:23.369643
1803,2.3527045,1.7703372,1,3,2025-11-07 08:40:23.369643
1804,3.3619552,2.64751,2,0,2025-11-07 08:40:23.374710
1805,2.4307647,1.6083515,3,1,2025-11-07 08:40:23.374710
1806,2.5143673,2.6937184,0,2,2025-11-07 08:40:23.374710
1807,1.5180166,3.661759,1,3,2025-11-07 08:40:23.374710
1808,4.5563607,3.6134164,2,0,2025-11-07 08:40:23.374710
1809,1.6064478,1.544197,3,1,2025-11-07 08:40:23.374710
1810,4.478993,3.5516503,0,2,2025-11-07 08:40:23.374710
1811,1.3942058,1.489382,1,3,2025-11-07 08:40:23.374710
1812,3.3820257,1.415645,3,0,2025-11-07 08:40:23.374710
1813,4.4921546,3.4571571,2,1,2025-11-07 08:40:23.374710
1814,1.5258971,4.550426,0,2,2025-11-07 08:40:23.374710
1815,3.6044915,2.6466172,1,3,2025-11-07 08:40:23.374710
1816,4.507414,4.4241567,3,0,2025-11-07 08:40:23.374710
1817,2.505564,3.368635,2,1,2025-11-07 08:40:23.374710
1818,3.5303762,2.3439753,1,2,2025-11-07 08:40:23.374710
1819,4.501256,2.3631518,0,3,2025-11-07 08:40:23.374710
1820,2.453466,4.5684795,3,0,2025-11-07 08:40:23.374710
1821,1.4910426,2.7304358,2,1,2025-11-07 08:40:23.374710
1822,1.5473636,1.6182544,1,2,2025-11-07 08:40:23.379725
1823,4.536377,3.6727715,0,3,2025-11-07 08:40:23.379725
1824,2.4059057,1.5313442,2,0,2025-11-07 08:40:23.379725
1825,4.4443445,2.4241664,3,1,2025-11-07 08:40:23.379725
1826,3.4220176,3.3204694,1,2,2025-11-07 08:40:23.379725
1827,4.458818,2.417756,0,3,2025-11-07 08:40:23.379725
1828,1.5980264,3.4786508,2,0,2025-11-07 08:40:23.381279
1829,1.5186012,1.4376085,1,1,2025-11-07 08:40:23.381279
1830,1.4667891,1.4129114,3,2,2025-11-07 08:40:23.381279
1831,2.5664797,3.5731108,0,3,2025-11-07 08:40:23.381279
1832,1.5793984,4.609476,2,0,2025-11-07 08:40:23.381279
1833,1.4770143,2.5244114,1,1,2025-11-07 08:40:23.381279
1834,3.5294583,1.6235346,3,2,2025-11-07 08:40:23.381279
1835,3.5063932,2.6300569,2,3,2025-11-07 08:40:23.381279
1836,3.4696648,2.5450633,0,0,2025-11-07 08:40:23.381279
1837,4.5462956,4.5019217,1,1,2025-11-07 08:40:23.381279
1838,1.6452298,2.5223746,3,2,2025-11-07 08:40:23.384818
1839,1.6429174,4.4532437,2,3,2025-11-07 08:40:23.384818
1840,3.4814858,3.5937896,0,0,2025-11-07 08:40:23.389838
1841,3.3840523,1.5426661,1,1,2025-11-07 08:40:23.389838
1842,2.5009086,4.4097548,3,2,2025-11-07 08:40:23.389838
1843,2.5262551,2.3369076,2,3,2025-11-07 08:40:23.389838
1844,3.5873196,2.3268492,0,0,2025-11-07 08:40:23.389838
1845,1.5283761,3.5004897,1,1,2025-11-07 08:40:23.389838
1846,4.5161724,2.64566,3,2,2025-11-07 08:40:23.389838
1847,2.452302,1.6188811,2,3,2025-11-07 08:40:23.389838
1848,1.4052746,4.537209,0,0,2025-11-07 08:40:23.389838
1849,1.3695924,1.4048779,3,1,2025-11-07 08:40:23.389838
1850,4.4337797,1.5861998,2,2,2025-11-07 08:40:23.389838
1851,1.4642191,3.6149278,1,3,2025-11-07 08:40:23.389838
1852,4.5853653,1.7497137,0,0,2025-11-07 08:40:23.389838
1853,2.502467,4.548509,3,1,2025-11-07 08:40:23.389838
1854,4.543171,1.648632,1,2,2025-11-07 08:40:23.389838
1855,4.488388,2.6316724,0,3,2025-11-07 08:40:23.389838
1856,2.4819672,4.464681,2,0,2025-11-07 08:40:23.389838
1857,1.4014136,1.4717437,3,1,2025-11-07 08:40:23.389838
1858,3.3356571,3.5232508,1,2,2025-11-07 08:40:23.389838
1859,4.323189,2.5862002,0,3,2025-11-07 08:40:23.389838
1860,4.448415,4.726467,2,0,2025-11-07 08:40:23.389838
1861,3.3788671,2.7263072,3,1,2025-11-07 08:40:23.389838
1862,4.2814407,3.641438,0,2,2025-11-07 08:40:23.389838
1863,2.3190427,1.4673762,1,3,2025-11-07 08:40:23.389838
1864,4.377342,1.4730846,3,0,2025-11-07 08:40:23.394895
1865,4.6829576,4.5408015,2,1,2025-11-07 08:40:23.394895
1866,2.7392783,2.5822701,0,2,2025-11-07 08:40:23.394895
1867,3.66437,4.491076,1,3,2025-11-07 08:40:23.394895
1868,2.7309244,4.4999943,3,0,2025-11-07 08:40:23.394895
1869,4.670428,2.378464,2,1,2025-11-07 08:40:23.394895
1870,2.560724,2.3845236,0,2,2025-11-07 08:40:23.394895
1871,1.6160648,3.2811615,1,3,2025-11-07 08:40:23.394895
1872,1.7429078,3.3304665,3,0,2025-11-07 08:40:23.394895
1873,3.6692405,2.3334458,2,1,2025-11-07 08:40:23.394895
1874,3.6123104,4.39347,0,2,2025-11-07 08:40:23.394895
1875,4.4615593,2.5086007,3,3,2025-11-07 08:40:23.394895
1876,4.39948,3.5140035,1,0,2025-11-07 08:40:23.394895
1877,4.4449153,4.569662,2,1,2025-11-07 08:40:23.394895
1878,3.3280203,3.5701365,0,2,2025-11-07 08:40:23.394895
1879,3.428706,4.466237,3,3,2025-11-07 08:40:23.394895
1880,2.5142288,3.5490286,1,0,2025-11-07 08:40:23.394895
1881,4.606979,2.4603872,2,1,2025-11-07 08:40:23.399920
1882,3.6052625,1.5599334,0,2,2025-11-07 08:40:23.399920
1883,4.631696,3.4295058,3,3,2025-11-07 08:40:23.399920
1884,3.6760886,3.515766,1,0,2025-11-07 08:40:23.399920
1885,2.6467574,2.4383464,2,1,2025-11-07 08:40:23.399920
1886,2.5279615,3.500407,0,2,2025-11-07 08:40:23.399920
1887,1.6393137,3.5229776,3,3,2025-11-07 08:40:23.399920
1888,4.4778504,2.4417484,2,0,2025-11-07 08:40:23.399920
1889,2.528741,4.5125074,1,1,2025-11-07 08:40:23.399920
1890,3.6396713,1.5587664,0,2,2025-11-07 08:40:23.399920
1891,2.6500328,2.5656884,3,3,2025-11-07 08:40:23.399920
1892,4.618709,1.5048864,2,0,2025-11-07 08:40:23.399920
1893,2.687355,3.3764384,1,1,2025-11-07 08:40:23.399920
1894,2.7029774,1.6161646,0,2,2025-11-07 08:40:23.399920
1895,3.492552,4.6048007,2,3,2025-11-07 08:40:23.399920
1896,4.498565,2.5523381,1,0,2025-11-07 08:40:23.399920
1897,1.4424698,1.4147066,0,1,2025-11-07 08:40:23.399920
1898,1.4767908,4.4498568,3,2,2025-11-07 08:40:23.404992
1899,3.4956875,3.5324817,2,3,2025-11-07 08:40:23.404992
1900,4.564068,2.5812135,1,0,2025-11-07 08:40:23.404992
1901,1.6257694,2.601914,0,1,2025-11-07 08:40:23.404992
1902,1.4631224,2.4129946,3,2,2025-11-07 08:40:23.404992
1903,2.5156026,3.292313,1,3,2025-11-07 08:40:23.404992
1904,1.5823168,1.5133034,2,0,2025-11-07 08:40:23.404992
1905,4.518963,3.6242044,0,1,2025-11-07 08:40:23.404992
1906,4.5609946,3.6338987,3,2,2025-11-07 08:40:23.404992
1907,2.3632894,3.5210917,2,3,2025-11-07 08:40:23.404992
1908,4.3832326,4.348595,1,0,2025-11-07 08:40:23.404992
1909,3.4560819,4.410134,3,1,2025-11-07 08:40:23.404992
1910,4.4699273,2.4362137,0,2,2025-11-07 08:40:23.404992
1911,1.4334869,4.509639,2,3,2025-11-07 08:40:23.404992
1912,3.4493518,4.550697,1,0,2025-11-07 08:40:23.404992
1913,1.4070919,4.636756,3,1,2025-11-07 08:40:23.404992
1914,3.469823,1.5212773,2,2,2025-11-07 08:40:23.410017
1915,2.5557148,4.489729,0,3,2025-11-07 08:40:23.410081
1916,4.6084185,4.465368,1,0,2025-11-07 08:40:23.410081
1917,1.6839789,2.4580352,3,1,2025-11-07 08:40:23.410081
1918,4.514077,2.6093621,2,2,2025-11-07 08:40:23.410081
1919,1.6106708,1.506647,0,3,2025-11-07 08:40:23.410081
1920,2.5578458,2.4935105,1,0,2025-11-07 08:40:23.410081
1921,2.5831687,3.2929533,3,1,2025-11-07 08:40:23.410081
1922,3.5924103,1.3320341,2,2,2025-11-07 08:40:23.410081
1923,2.6419914,3.4882517,1,3,2025-11-07 08:40:23.410081
1924,4.56384,3.5196629,3,0,2025-11-07 08:40:23.410081
1925,4.4760528,4.405282,0,1,2025-11-07 08:40:23.410081
1926,1.5620074,2.4017076,1,2,2025-11-07 08:40:23.410081
1927,3.5633178,1.5860915,2,3,2025-11-07 08:40:23.410081
1928,2.633097,3.5291388,3,0,2025-11-07 08:40:23.410081
1929,4.62228,4.390144,0,1,2025-11-07 08:40:23.410081
1930,4.654564,1.585192,2,2,2025-11-07 08:40:23.410081
1931,4.468559,2.5404365,1,3,2025-11-07 08:40:23.410081
1932,4.6226134,3.608697,3,0,2025-11-07 08:40:23.415099
1933,1.6874945,2.4238157,0,1,2025-11-07 08:40:23.415099
1934,2.488643,4.4367814,2,2,2025-11-07 08:40:23.415099
1935,2.3706656,4.393298,1,3,2025-11-07 08:40:23.415099
1936,3.4067554,4.330658,3,0,2025-11-07 08:40:23.415099
1937,2.4051607,1.4604201,0,1,2025-11-07 08:40:23.415099
1938,4.4250317,4.377336,2,2,2025-11-07 08:40:23.415099
1939,3.5628595,3.4457667,1,3,2025-11-07 08:40:23.415099
1940,4.3973155,3.533128,3,0,2025-11-07 08:40:23.415099
1941,1.4138467,4.592642,2,1,2025-11-07 08:40:23.415099
1942,1.4344877,2.4484353,0,2,2025-11-07 08:40:23.415099
1943,2.5543637,2.459629,1,3,2025-11-07 08:40:23.415099
1944,4.5918756,1.4763007,3,0,2025-11-07 08:40:23.415099
1945,4.609391,4.5320683,2,1,2025-11-07 08:40:23.415099
1946,4.774776,2.5456784,0,2,2025-11-07 08:40:23.415099
1947,4.735544,4.4228873,3,3,2025-11-07 08:40:23.415099
1948,4.7191596,3.5724306,0,0,2025-11-07 08:40:23.415099
1949,1.6058847,2.6803129,2,1,2025-11-07 08:40:23.415099
1950,2.5121799,1.6476761,1,2,2025-11-07 08:40:23.415099
1951,3.6018283,4.559885,3,3,2025-11-07 08:40:23.420119
1952,2.5631125,2.542766,2,0,2025-11-07 08:40:23.420119
1953,3.606492,1.5904814,0,1,2025-11-07 08:40:23.420119
1954,3.7737124,2.7199287,1,2,2025-11-07 08:40:23.420119
1955,4.635395,3.559629,3,3,2025-11-07 08:40:23.420119
1956,1.4716389,1.5409206,2,0,2025-11-07 08:40:23.420119
1957,2.5793061,1.5765887,1,1,2025-11-07 08:40:23.420119
1958,3.5337365,1.5049044,3,2,2025-11-07 08:40:23.420119
1959,2.5108097,2.4861293,0,3,2025-11-07 08:40:23.420119
1960,2.590822,4.615245,2,0,2025-11-07 08:40:23.420119
1961,2.4550443,3.4161139,3,1,2025-11-07 08:40:23.420119
1962,1.5131058,1.5123125,1,2,2025-11-07 08:40:23.420119
1963,4.599101,4.5214696,2,3,2025-11-07 08:40:23.420119
1964,4.789612,1.456455,0,0,2025-11-07 08:40:23.420119
1965,2.646151,2.521043,1,1,2025-11-07 08:40:23.420119
1966,1.4316156,3.6699233,2,2,2025-11-07 08:40:23.420119
1967,2.4623046,4.6157775,3,3,2025-11-07 08:40:23.420119
1968,2.527431,1.4612112,0,0,2025-11-07 08:40:23.420119
1969,2.5578337,4.4940352,1,1,2025-11-07 08:40:23.420119
1970,2.5619512,2.5987256,2,2,2025-11-07 08:40:23.424668
1971,1.5365033,3.6792812,3,3,2025-11-07 08:40:23.424668
1972,2.6275346,2.4503045,0,0,2025-11-07 08:40:23.424668
1973,1.7160692,3.3665934,1,1,2025-11-07 08:40:23.424668
1974,3.7667215,1.5194609,3,2,2025-11-07 08:40:23.424668
1975,3.682167,2.522888,2,3,2025-11-07 08:40:23.424668
1976,2.7168775,4.5549974,1,0,2025-11-07 08:40:23.424668
1977,4.627863,4.5755644,0,1,2025-11-07 08:40:23.424668
1978,4.6410856,1.7776263,2,2,2025-11-07 08:40:23.424668
1979,2.7413292,3.7284179,3,3,2025-11-07 08:40:23.424668
1980,3.6360211,2.6892588,0,0,2025-11-07 08:40:23.424668
1981,4.5983577,1.6595591,1,1,2025-11-07 08:40:23.424668
1982,4.5087943,4.477331,3,2,2025-11-07 08:40:23.424668
1983,1.4154811,2.4721014,0,3,2025-11-07 08:40:23.424668
1984,2.4183967,3.4501455,2,0,2025-11-07 08:40:23.424668
1985,2.6089563,2.6417484,1,1,2025-11-07 08:40:23.429693
1986,1.5215021,4.6362076,3,2,2025-11-07 08:40:23.429693
1987,4.3651853,1.519379,0,3,2025-11-07 08:40:23.429693
1988,1.4539952,3.654925,2,0,2025-11-07 08:40:23.429693
1989,1.4563092,1.4732022,1,1,2025-11-07 08:40:23.429693
1990,3.561789,3.319424,3,2,2025-11-07 08:40:23.429693
1991,1.5737264,4.427845,0,3,2025-11-07 08:40:23.429693
1992,1.4677975,3.5111587,2,0,2025-11-07 08:40:23.429693
1993,1.3462713,2.5847762,3,1,2025-11-07 08:40:23.429693
1994,2.624688,4.555286,1,2,2025-11-07 08:40:23.429693
1995,3.6754286,4.534452,0,3,2025-11-07 08:40:23.429693
1996,4.527043,3.455204,2,0,2025-11-07 08:40:23.429693
1997,3.49559,1.5369428,3,1,2025-11-07 08:40:23.429693
1998,4.4680543,2.5972376,1,2,2025-11-07 08:40:23.429693
1999,2.5534854,4.467822,0,3,2025-11-07 08:40:23.429693
